

Microchip MPLAB XC8 Assembler V3.10 build 20250813170317 
                                                                                               Thu Apr 30 10:01:03 2026

Microchip MPLAB XC8 C Compiler v3.10 (Free license) build 20250813170317 Og1 
     1                           	processor	18F4550
     2                           	fnconf	rparam,??,?,0
     3                           	pagewidth 120
     4                           	opt	flic
     5                           	psect	smallconst,global,reloc=2,class=SMALLCONST,space=0,delta=1,noexec
     6                           	psect	cinit,global,reloc=2,class=CODE,space=0,delta=1
     7                           	psect	cstackCOMRAM,global,class=COMRAM,space=1,delta=1,lowdata,noexec
     8                           	psect	text0,global,reloc=2,class=CODE,space=0,delta=1
     9                           	psect	text1,global,reloc=2,class=CODE,space=0,delta=1
    10                           	psect	text2,global,reloc=2,class=CODE,space=0,delta=1
    11                           	psect	text3,global,reloc=2,class=CODE,space=0,delta=1
    12                           	psect	text4,global,reloc=2,class=CODE,space=0,delta=1
    13                           	psect	text5,global,reloc=2,class=CODE,space=0,delta=1
    14                           	psect	text6,global,reloc=2,class=CODE,space=0,delta=1
    15                           	psect	text7,global,reloc=2,class=CODE,space=0,delta=1
    16                           	psect	text8,global,reloc=2,class=CODE,space=0,delta=1
    17                           	psect	text9,global,reloc=2,class=CODE,space=0,delta=1
    18                           	psect	text10,global,reloc=2,class=CODE,space=0,delta=1
    19                           	psect	text11,global,reloc=2,class=CODE,space=0,delta=1
    20                           	psect	text12,global,reloc=2,class=CODE,space=0,delta=1
    21                           	psect	intsave_regs,global,class=BIGRAM,space=1,delta=1,noexec
    22                           	psect	rparam,global,class=COMRAM,space=1,delta=1,noexec
    23                           	psect	config,global,abs,ovrld,class=CONFIG,space=4,delta=1,noexec
    24   000000                     
    25                           ; Generated 17/01/2025 GMT
    26                           ; 
    27                           ; Copyright © 2025, Microchip Technology Inc. and its subsidiaries ("Microchip")
    28                           ; All rights reserved.
    29                           ; 
    30                           ; This software is developed by Microchip Technology Inc. and its subsidiaries ("Microch
      +                          ip").
    31                           ; 
    32                           ; Redistribution and use in source and binary forms, with or without modification, are
    33                           ; permitted provided that the following conditions are met:
    34                           ; 
    35                           ;     1. Redistributions of source code must retain the above copyright notice, this lis
      +                          t of
    36                           ;        conditions and the following disclaimer.
    37                           ; 
    38                           ;     2. Redistributions in binary form must reproduce the above copyright notice, this 
      +                          list
    39                           ;        of conditions and the following disclaimer in the documentation and/or other
    40                           ;        materials provided with the distribution. Publication is not required when
    41                           ;        this file is used in an embedded application.
    42                           ; 
    43                           ;     3. Microchip's name may not be used to endorse or promote products derived from th
      +                          is
    44                           ;        software without specific prior written permission.
    45                           ; 
    46                           ; THIS SOFTWARE IS PROVIDED BY MICROCHIP "AS IS" AND ANY EXPRESS OR IMPLIED WARRANTIES,
    47                           ; INCLUDING, BUT NOT LIMITED TO, THE IMPLIED WARRANTIES OF MERCHANTABILITY AND FITNESS F
      +                          OR
    48                           ; PURPOSE ARE DISCLAIMED.  IN NO EVENT SHALL MICROCHIP BE LIABLE FOR ANY DIRECT, INDIREC
      +                          T,
    49                           ; INCIDENTAL, SPECIAL, EXEMPLARY, OR CONSEQUENTIAL DAMAGES (INCLUDING BUT NOT LIMITED TO
    50                           ; PROCUREMENT OF SUBSTITUTE GOODS OR SERVICES; LOSS OF USE, DATA OR PROFITS; OR BUSINESS
    51                           ; INTERRUPTION) HOWSOEVER CAUSED AND ON ANY THEORY OF LIABILITY, WHETHER IN CONTRACT, ST
      +                          RICT
    52                           ; LIABILITY, OR TORT (INCLUDING NEGLIGENCE OR OTHERWISE) ARISING IN ANY WAY OUT OF THE U
      +                          SE OF
    53                           ; THIS SOFTWARE, EVEN IF ADVISED OF THE POSSIBILITY OF SUCH DAMAGE.
    54                           ; 
    55                           ; 
    56                           ; Code-generator required, PIC18F4550 Definitions
    57                           ; 
    58                           ; SFR Addresses
    59   000FE0                     bsr             equ	4064
    60   000FE9                     fsr0            equ	4073
    61   000FEA                     fsr0h           equ	4074
    62   000FE9                     fsr0l           equ	4073
    63   000FE1                     fsr1            equ	4065
    64   000FE2                     fsr1h           equ	4066
    65   000FE1                     fsr1l           equ	4065
    66   000FD9                     fsr2            equ	4057
    67   000FDA                     fsr2h           equ	4058
    68   000FD9                     fsr2l           equ	4057
    69   000FEF                     indf0           equ	4079
    70   000FE7                     indf1           equ	4071
    71   000FDF                     indf2           equ	4063
    72   000FF2                     intcon          equ	4082
    73   000000                     nvmcon          equ	0
    74   000FF9                     pcl             equ	4089
    75   000FFA                     pclath          equ	4090
    76   000FFB                     pclatu          equ	4091
    77   000FEB                     plusw0          equ	4075
    78   000FE3                     plusw1          equ	4067
    79   000FDB                     plusw2          equ	4059
    80   000FED                     postdec0        equ	4077
    81   000FE5                     postdec1        equ	4069
    82   000FDD                     postdec2        equ	4061
    83   000FEE                     postinc0        equ	4078
    84   000FE6                     postinc1        equ	4070
    85   000FDE                     postinc2        equ	4062
    86   000FEC                     preinc0         equ	4076
    87   000FE4                     preinc1         equ	4068
    88   000FDC                     preinc2         equ	4060
    89   000FF3                     prod            equ	4083
    90   000FF4                     prodh           equ	4084
    91   000FF3                     prodl           equ	4083
    92   000FD8                     status          equ	4056
    93   000FF5                     tablat          equ	4085
    94   000FF6                     tblptr          equ	4086
    95   000FF7                     tblptrh         equ	4087
    96   000FF6                     tblptrl         equ	4086
    97   000FF8                     tblptru         equ	4088
    98   000FFD                     tosl            equ	4093
    99   000FE8                     wreg            equ	4072
   100   000F62                     SPPDATA         equ	3938	;# 
   101   000F63                     SPPCFG          equ	3939	;# 
   102   000F64                     SPPEPS          equ	3940	;# 
   103   000F65                     SPPCON          equ	3941	;# 
   104   000F66                     UFRM            equ	3942	;# 
   105   000F66                     UFRML           equ	3942	;# 
   106   000F67                     UFRMH           equ	3943	;# 
   107   000F68                     UIR             equ	3944	;# 
   108   000F69                     UIE             equ	3945	;# 
   109   000F6A                     UEIR            equ	3946	;# 
   110   000F6B                     UEIE            equ	3947	;# 
   111   000F6C                     USTAT           equ	3948	;# 
   112   000F6D                     UCON            equ	3949	;# 
   113   000F6E                     UADDR           equ	3950	;# 
   114   000F6F                     UCFG            equ	3951	;# 
   115   000F70                     UEP0            equ	3952	;# 
   116   000F71                     UEP1            equ	3953	;# 
   117   000F72                     UEP2            equ	3954	;# 
   118   000F73                     UEP3            equ	3955	;# 
   119   000F74                     UEP4            equ	3956	;# 
   120   000F75                     UEP5            equ	3957	;# 
   121   000F76                     UEP6            equ	3958	;# 
   122   000F77                     UEP7            equ	3959	;# 
   123   000F78                     UEP8            equ	3960	;# 
   124   000F79                     UEP9            equ	3961	;# 
   125   000F7A                     UEP10           equ	3962	;# 
   126   000F7B                     UEP11           equ	3963	;# 
   127   000F7C                     UEP12           equ	3964	;# 
   128   000F7D                     UEP13           equ	3965	;# 
   129   000F7E                     UEP14           equ	3966	;# 
   130   000F7F                     UEP15           equ	3967	;# 
   131   000F80                     PORTA           equ	3968	;# 
   132   000F81                     PORTB           equ	3969	;# 
   133   000F82                     PORTC           equ	3970	;# 
   134   000F83                     PORTD           equ	3971	;# 
   135   000F84                     PORTE           equ	3972	;# 
   136   000F89                     LATA            equ	3977	;# 
   137   000F8A                     LATB            equ	3978	;# 
   138   000F8B                     LATC            equ	3979	;# 
   139   000F8C                     LATD            equ	3980	;# 
   140   000F8D                     LATE            equ	3981	;# 
   141   000F92                     TRISA           equ	3986	;# 
   142   000F92                     DDRA            equ	3986	;# 
   143   000F93                     TRISB           equ	3987	;# 
   144   000F93                     DDRB            equ	3987	;# 
   145   000F94                     TRISC           equ	3988	;# 
   146   000F94                     DDRC            equ	3988	;# 
   147   000F95                     TRISD           equ	3989	;# 
   148   000F95                     DDRD            equ	3989	;# 
   149   000F96                     TRISE           equ	3990	;# 
   150   000F96                     DDRE            equ	3990	;# 
   151   000F9B                     OSCTUNE         equ	3995	;# 
   152   000F9D                     PIE1            equ	3997	;# 
   153   000F9E                     PIR1            equ	3998	;# 
   154   000F9F                     IPR1            equ	3999	;# 
   155   000FA0                     PIE2            equ	4000	;# 
   156   000FA1                     PIR2            equ	4001	;# 
   157   000FA2                     IPR2            equ	4002	;# 
   158   000FA6                     EECON1          equ	4006	;# 
   159   000FA7                     EECON2          equ	4007	;# 
   160   000FA8                     EEDATA          equ	4008	;# 
   161   000FA9                     EEADR           equ	4009	;# 
   162   000FAB                     RCSTA           equ	4011	;# 
   163   000FAB                     RCSTA1          equ	4011	;# 
   164   000FAC                     TXSTA           equ	4012	;# 
   165   000FAC                     TXSTA1          equ	4012	;# 
   166   000FAD                     TXREG           equ	4013	;# 
   167   000FAD                     TXREG1          equ	4013	;# 
   168   000FAE                     RCREG           equ	4014	;# 
   169   000FAE                     RCREG1          equ	4014	;# 
   170   000FAF                     SPBRG           equ	4015	;# 
   171   000FAF                     SPBRG1          equ	4015	;# 
   172   000FB0                     SPBRGH          equ	4016	;# 
   173   000FB1                     T3CON           equ	4017	;# 
   174   000FB2                     TMR3            equ	4018	;# 
   175   000FB2                     TMR3L           equ	4018	;# 
   176   000FB3                     TMR3H           equ	4019	;# 
   177   000FB4                     CMCON           equ	4020	;# 
   178   000FB5                     CVRCON          equ	4021	;# 
   179   000FB6                     ECCP1AS         equ	4022	;# 
   180   000FB6                     CCP1AS          equ	4022	;# 
   181   000FB7                     ECCP1DEL        equ	4023	;# 
   182   000FB7                     CCP1DEL         equ	4023	;# 
   183   000FB8                     BAUDCON         equ	4024	;# 
   184   000FB8                     BAUDCTL         equ	4024	;# 
   185   000FBA                     CCP2CON         equ	4026	;# 
   186   000FBB                     CCPR2           equ	4027	;# 
   187   000FBB                     CCPR2L          equ	4027	;# 
   188   000FBC                     CCPR2H          equ	4028	;# 
   189   000FBD                     CCP1CON         equ	4029	;# 
   190   000FBD                     ECCP1CON        equ	4029	;# 
   191   000FBE                     CCPR1           equ	4030	;# 
   192   000FBE                     CCPR1L          equ	4030	;# 
   193   000FBF                     CCPR1H          equ	4031	;# 
   194   000FC0                     ADCON2          equ	4032	;# 
   195   000FC1                     ADCON1          equ	4033	;# 
   196   000FC2                     ADCON0          equ	4034	;# 
   197   000FC3                     ADRES           equ	4035	;# 
   198   000FC3                     ADRESL          equ	4035	;# 
   199   000FC4                     ADRESH          equ	4036	;# 
   200   000FC5                     SSPCON2         equ	4037	;# 
   201   000FC6                     SSPCON1         equ	4038	;# 
   202   000FC7                     SSPSTAT         equ	4039	;# 
   203   000FC8                     SSPADD          equ	4040	;# 
   204   000FC9                     SSPBUF          equ	4041	;# 
   205   000FCA                     T2CON           equ	4042	;# 
   206   000FCB                     PR2             equ	4043	;# 
   207   000FCB                     MEMCON          equ	4043	;# 
   208   000FCC                     TMR2            equ	4044	;# 
   209   000FCD                     T1CON           equ	4045	;# 
   210   000FCE                     TMR1            equ	4046	;# 
   211   000FCE                     TMR1L           equ	4046	;# 
   212   000FCF                     TMR1H           equ	4047	;# 
   213   000FD0                     RCON            equ	4048	;# 
   214   000FD1                     WDTCON          equ	4049	;# 
   215   000FD2                     HLVDCON         equ	4050	;# 
   216   000FD2                     LVDCON          equ	4050	;# 
   217   000FD3                     OSCCON          equ	4051	;# 
   218   000FD5                     T0CON           equ	4053	;# 
   219   000FD6                     TMR0            equ	4054	;# 
   220   000FD6                     TMR0L           equ	4054	;# 
   221   000FD7                     TMR0H           equ	4055	;# 
   222   000FD8                     STATUS          equ	4056	;# 
   223   000FD9                     FSR2            equ	4057	;# 
   224   000FD9                     FSR2L           equ	4057	;# 
   225   000FDA                     FSR2H           equ	4058	;# 
   226   000FDB                     PLUSW2          equ	4059	;# 
   227   000FDC                     PREINC2         equ	4060	;# 
   228   000FDD                     POSTDEC2        equ	4061	;# 
   229   000FDE                     POSTINC2        equ	4062	;# 
   230   000FDF                     INDF2           equ	4063	;# 
   231   000FE0                     BSR             equ	4064	;# 
   232   000FE1                     FSR1            equ	4065	;# 
   233   000FE1                     FSR1L           equ	4065	;# 
   234   000FE2                     FSR1H           equ	4066	;# 
   235   000FE3                     PLUSW1          equ	4067	;# 
   236   000FE4                     PREINC1         equ	4068	;# 
   237   000FE5                     POSTDEC1        equ	4069	;# 
   238   000FE6                     POSTINC1        equ	4070	;# 
   239   000FE7                     INDF1           equ	4071	;# 
   240   000FE8                     WREG            equ	4072	;# 
   241   000FE9                     FSR0            equ	4073	;# 
   242   000FE9                     FSR0L           equ	4073	;# 
   243   000FEA                     FSR0H           equ	4074	;# 
   244   000FEB                     PLUSW0          equ	4075	;# 
   245   000FEC                     PREINC0         equ	4076	;# 
   246   000FED                     POSTDEC0        equ	4077	;# 
   247   000FEE                     POSTINC0        equ	4078	;# 
   248   000FEF                     INDF0           equ	4079	;# 
   249   000FF0                     INTCON3         equ	4080	;# 
   250   000FF1                     INTCON2         equ	4081	;# 
   251   000FF2                     INTCON          equ	4082	;# 
   252   000FF3                     PROD            equ	4083	;# 
   253   000FF3                     PRODL           equ	4083	;# 
   254   000FF4                     PRODH           equ	4084	;# 
   255   000FF5                     TABLAT          equ	4085	;# 
   256   000FF6                     TBLPTR          equ	4086	;# 
   257   000FF6                     TBLPTRL         equ	4086	;# 
   258   000FF7                     TBLPTRH         equ	4087	;# 
   259   000FF8                     TBLPTRU         equ	4088	;# 
   260   000FF9                     PCLAT           equ	4089	;# 
   261   000FF9                     PC              equ	4089	;# 
   262   000FF9                     PCL             equ	4089	;# 
   263   000FFA                     PCLATH          equ	4090	;# 
   264   000FFB                     PCLATU          equ	4091	;# 
   265   000FFC                     STKPTR          equ	4092	;# 
   266   000FFD                     TOS             equ	4093	;# 
   267   000FFD                     TOSL            equ	4093	;# 
   268   000FFE                     TOSH            equ	4094	;# 
   269   000FFF                     TOSU            equ	4095	;# 
   270   000F62                     SPPDATA         equ	3938	;# 
   271   000F63                     SPPCFG          equ	3939	;# 
   272   000F64                     SPPEPS          equ	3940	;# 
   273   000F65                     SPPCON          equ	3941	;# 
   274   000F66                     UFRM            equ	3942	;# 
   275   000F66                     UFRML           equ	3942	;# 
   276   000F67                     UFRMH           equ	3943	;# 
   277   000F68                     UIR             equ	3944	;# 
   278   000F69                     UIE             equ	3945	;# 
   279   000F6A                     UEIR            equ	3946	;# 
   280   000F6B                     UEIE            equ	3947	;# 
   281   000F6C                     USTAT           equ	3948	;# 
   282   000F6D                     UCON            equ	3949	;# 
   283   000F6E                     UADDR           equ	3950	;# 
   284   000F6F                     UCFG            equ	3951	;# 
   285   000F70                     UEP0            equ	3952	;# 
   286   000F71                     UEP1            equ	3953	;# 
   287   000F72                     UEP2            equ	3954	;# 
   288   000F73                     UEP3            equ	3955	;# 
   289   000F74                     UEP4            equ	3956	;# 
   290   000F75                     UEP5            equ	3957	;# 
   291   000F76                     UEP6            equ	3958	;# 
   292   000F77                     UEP7            equ	3959	;# 
   293   000F78                     UEP8            equ	3960	;# 
   294   000F79                     UEP9            equ	3961	;# 
   295   000F7A                     UEP10           equ	3962	;# 
   296   000F7B                     UEP11           equ	3963	;# 
   297   000F7C                     UEP12           equ	3964	;# 
   298   000F7D                     UEP13           equ	3965	;# 
   299   000F7E                     UEP14           equ	3966	;# 
   300   000F7F                     UEP15           equ	3967	;# 
   301   000F80                     PORTA           equ	3968	;# 
   302   000F81                     PORTB           equ	3969	;# 
   303   000F82                     PORTC           equ	3970	;# 
   304   000F83                     PORTD           equ	3971	;# 
   305   000F84                     PORTE           equ	3972	;# 
   306   000F89                     LATA            equ	3977	;# 
   307   000F8A                     LATB            equ	3978	;# 
   308   000F8B                     LATC            equ	3979	;# 
   309   000F8C                     LATD            equ	3980	;# 
   310   000F8D                     LATE            equ	3981	;# 
   311   000F92                     TRISA           equ	3986	;# 
   312   000F92                     DDRA            equ	3986	;# 
   313   000F93                     TRISB           equ	3987	;# 
   314   000F93                     DDRB            equ	3987	;# 
   315   000F94                     TRISC           equ	3988	;# 
   316   000F94                     DDRC            equ	3988	;# 
   317   000F95                     TRISD           equ	3989	;# 
   318   000F95                     DDRD            equ	3989	;# 
   319   000F96                     TRISE           equ	3990	;# 
   320   000F96                     DDRE            equ	3990	;# 
   321   000F9B                     OSCTUNE         equ	3995	;# 
   322   000F9D                     PIE1            equ	3997	;# 
   323   000F9E                     PIR1            equ	3998	;# 
   324   000F9F                     IPR1            equ	3999	;# 
   325   000FA0                     PIE2            equ	4000	;# 
   326   000FA1                     PIR2            equ	4001	;# 
   327   000FA2                     IPR2            equ	4002	;# 
   328   000FA6                     EECON1          equ	4006	;# 
   329   000FA7                     EECON2          equ	4007	;# 
   330   000FA8                     EEDATA          equ	4008	;# 
   331   000FA9                     EEADR           equ	4009	;# 
   332   000FAB                     RCSTA           equ	4011	;# 
   333   000FAB                     RCSTA1          equ	4011	;# 
   334   000FAC                     TXSTA           equ	4012	;# 
   335   000FAC                     TXSTA1          equ	4012	;# 
   336   000FAD                     TXREG           equ	4013	;# 
   337   000FAD                     TXREG1          equ	4013	;# 
   338   000FAE                     RCREG           equ	4014	;# 
   339   000FAE                     RCREG1          equ	4014	;# 
   340   000FAF                     SPBRG           equ	4015	;# 
   341   000FAF                     SPBRG1          equ	4015	;# 
   342   000FB0                     SPBRGH          equ	4016	;# 
   343   000FB1                     T3CON           equ	4017	;# 
   344   000FB2                     TMR3            equ	4018	;# 
   345   000FB2                     TMR3L           equ	4018	;# 
   346   000FB3                     TMR3H           equ	4019	;# 
   347   000FB4                     CMCON           equ	4020	;# 
   348   000FB5                     CVRCON          equ	4021	;# 
   349   000FB6                     ECCP1AS         equ	4022	;# 
   350   000FB6                     CCP1AS          equ	4022	;# 
   351   000FB7                     ECCP1DEL        equ	4023	;# 
   352   000FB7                     CCP1DEL         equ	4023	;# 
   353   000FB8                     BAUDCON         equ	4024	;# 
   354   000FB8                     BAUDCTL         equ	4024	;# 
   355   000FBA                     CCP2CON         equ	4026	;# 
   356   000FBB                     CCPR2           equ	4027	;# 
   357   000FBB                     CCPR2L          equ	4027	;# 
   358   000FBC                     CCPR2H          equ	4028	;# 
   359   000FBD                     CCP1CON         equ	4029	;# 
   360   000FBD                     ECCP1CON        equ	4029	;# 
   361   000FBE                     CCPR1           equ	4030	;# 
   362   000FBE                     CCPR1L          equ	4030	;# 
   363   000FBF                     CCPR1H          equ	4031	;# 
   364   000FC0                     ADCON2          equ	4032	;# 
   365   000FC1                     ADCON1          equ	4033	;# 
   366   000FC2                     ADCON0          equ	4034	;# 
   367   000FC3                     ADRES           equ	4035	;# 
   368   000FC3                     ADRESL          equ	4035	;# 
   369   000FC4                     ADRESH          equ	4036	;# 
   370   000FC5                     SSPCON2         equ	4037	;# 
   371   000FC6                     SSPCON1         equ	4038	;# 
   372   000FC7                     SSPSTAT         equ	4039	;# 
   373   000FC8                     SSPADD          equ	4040	;# 
   374   000FC9                     SSPBUF          equ	4041	;# 
   375   000FCA                     T2CON           equ	4042	;# 
   376   000FCB                     PR2             equ	4043	;# 
   377   000FCB                     MEMCON          equ	4043	;# 
   378   000FCC                     TMR2            equ	4044	;# 
   379   000FCD                     T1CON           equ	4045	;# 
   380   000FCE                     TMR1            equ	4046	;# 
   381   000FCE                     TMR1L           equ	4046	;# 
   382   000FCF                     TMR1H           equ	4047	;# 
   383   000FD0                     RCON            equ	4048	;# 
   384   000FD1                     WDTCON          equ	4049	;# 
   385   000FD2                     HLVDCON         equ	4050	;# 
   386   000FD2                     LVDCON          equ	4050	;# 
   387   000FD3                     OSCCON          equ	4051	;# 
   388   000FD5                     T0CON           equ	4053	;# 
   389   000FD6                     TMR0            equ	4054	;# 
   390   000FD6                     TMR0L           equ	4054	;# 
   391   000FD7                     TMR0H           equ	4055	;# 
   392   000FD8                     STATUS          equ	4056	;# 
   393   000FD9                     FSR2            equ	4057	;# 
   394   000FD9                     FSR2L           equ	4057	;# 
   395   000FDA                     FSR2H           equ	4058	;# 
   396   000FDB                     PLUSW2          equ	4059	;# 
   397   000FDC                     PREINC2         equ	4060	;# 
   398   000FDD                     POSTDEC2        equ	4061	;# 
   399   000FDE                     POSTINC2        equ	4062	;# 
   400   000FDF                     INDF2           equ	4063	;# 
   401   000FE0                     BSR             equ	4064	;# 
   402   000FE1                     FSR1            equ	4065	;# 
   403   000FE1                     FSR1L           equ	4065	;# 
   404   000FE2                     FSR1H           equ	4066	;# 
   405   000FE3                     PLUSW1          equ	4067	;# 
   406   000FE4                     PREINC1         equ	4068	;# 
   407   000FE5                     POSTDEC1        equ	4069	;# 
   408   000FE6                     POSTINC1        equ	4070	;# 
   409   000FE7                     INDF1           equ	4071	;# 
   410   000FE8                     WREG            equ	4072	;# 
   411   000FE9                     FSR0            equ	4073	;# 
   412   000FE9                     FSR0L           equ	4073	;# 
   413   000FEA                     FSR0H           equ	4074	;# 
   414   000FEB                     PLUSW0          equ	4075	;# 
   415   000FEC                     PREINC0         equ	4076	;# 
   416   000FED                     POSTDEC0        equ	4077	;# 
   417   000FEE                     POSTINC0        equ	4078	;# 
   418   000FEF                     INDF0           equ	4079	;# 
   419   000FF0                     INTCON3         equ	4080	;# 
   420   000FF1                     INTCON2         equ	4081	;# 
   421   000FF2                     INTCON          equ	4082	;# 
   422   000FF3                     PROD            equ	4083	;# 
   423   000FF3                     PRODL           equ	4083	;# 
   424   000FF4                     PRODH           equ	4084	;# 
   425   000FF5                     TABLAT          equ	4085	;# 
   426   000FF6                     TBLPTR          equ	4086	;# 
   427   000FF6                     TBLPTRL         equ	4086	;# 
   428   000FF7                     TBLPTRH         equ	4087	;# 
   429   000FF8                     TBLPTRU         equ	4088	;# 
   430   000FF9                     PCLAT           equ	4089	;# 
   431   000FF9                     PC              equ	4089	;# 
   432   000FF9                     PCL             equ	4089	;# 
   433   000FFA                     PCLATH          equ	4090	;# 
   434   000FFB                     PCLATU          equ	4091	;# 
   435   000FFC                     STKPTR          equ	4092	;# 
   436   000FFD                     TOS             equ	4093	;# 
   437   000FFD                     TOSL            equ	4093	;# 
   438   000FFE                     TOSH            equ	4094	;# 
   439   000FFF                     TOSU            equ	4095	;# 
   440   000F62                     SPPDATA         equ	3938	;# 
   441   000F63                     SPPCFG          equ	3939	;# 
   442   000F64                     SPPEPS          equ	3940	;# 
   443   000F65                     SPPCON          equ	3941	;# 
   444   000F66                     UFRM            equ	3942	;# 
   445   000F66                     UFRML           equ	3942	;# 
   446   000F67                     UFRMH           equ	3943	;# 
   447   000F68                     UIR             equ	3944	;# 
   448   000F69                     UIE             equ	3945	;# 
   449   000F6A                     UEIR            equ	3946	;# 
   450   000F6B                     UEIE            equ	3947	;# 
   451   000F6C                     USTAT           equ	3948	;# 
   452   000F6D                     UCON            equ	3949	;# 
   453   000F6E                     UADDR           equ	3950	;# 
   454   000F6F                     UCFG            equ	3951	;# 
   455   000F70                     UEP0            equ	3952	;# 
   456   000F71                     UEP1            equ	3953	;# 
   457   000F72                     UEP2            equ	3954	;# 
   458   000F73                     UEP3            equ	3955	;# 
   459   000F74                     UEP4            equ	3956	;# 
   460   000F75                     UEP5            equ	3957	;# 
   461   000F76                     UEP6            equ	3958	;# 
   462   000F77                     UEP7            equ	3959	;# 
   463   000F78                     UEP8            equ	3960	;# 
   464   000F79                     UEP9            equ	3961	;# 
   465   000F7A                     UEP10           equ	3962	;# 
   466   000F7B                     UEP11           equ	3963	;# 
   467   000F7C                     UEP12           equ	3964	;# 
   468   000F7D                     UEP13           equ	3965	;# 
   469   000F7E                     UEP14           equ	3966	;# 
   470   000F7F                     UEP15           equ	3967	;# 
   471   000F80                     PORTA           equ	3968	;# 
   472   000F81                     PORTB           equ	3969	;# 
   473   000F82                     PORTC           equ	3970	;# 
   474   000F83                     PORTD           equ	3971	;# 
   475   000F84                     PORTE           equ	3972	;# 
   476   000F89                     LATA            equ	3977	;# 
   477   000F8A                     LATB            equ	3978	;# 
   478   000F8B                     LATC            equ	3979	;# 
   479   000F8C                     LATD            equ	3980	;# 
   480   000F8D                     LATE            equ	3981	;# 
   481   000F92                     TRISA           equ	3986	;# 
   482   000F92                     DDRA            equ	3986	;# 
   483   000F93                     TRISB           equ	3987	;# 
   484   000F93                     DDRB            equ	3987	;# 
   485   000F94                     TRISC           equ	3988	;# 
   486   000F94                     DDRC            equ	3988	;# 
   487   000F95                     TRISD           equ	3989	;# 
   488   000F95                     DDRD            equ	3989	;# 
   489   000F96                     TRISE           equ	3990	;# 
   490   000F96                     DDRE            equ	3990	;# 
   491   000F9B                     OSCTUNE         equ	3995	;# 
   492   000F9D                     PIE1            equ	3997	;# 
   493   000F9E                     PIR1            equ	3998	;# 
   494   000F9F                     IPR1            equ	3999	;# 
   495   000FA0                     PIE2            equ	4000	;# 
   496   000FA1                     PIR2            equ	4001	;# 
   497   000FA2                     IPR2            equ	4002	;# 
   498   000FA6                     EECON1          equ	4006	;# 
   499   000FA7                     EECON2          equ	4007	;# 
   500   000FA8                     EEDATA          equ	4008	;# 
   501   000FA9                     EEADR           equ	4009	;# 
   502   000FAB                     RCSTA           equ	4011	;# 
   503   000FAB                     RCSTA1          equ	4011	;# 
   504   000FAC                     TXSTA           equ	4012	;# 
   505   000FAC                     TXSTA1          equ	4012	;# 
   506   000FAD                     TXREG           equ	4013	;# 
   507   000FAD                     TXREG1          equ	4013	;# 
   508   000FAE                     RCREG           equ	4014	;# 
   509   000FAE                     RCREG1          equ	4014	;# 
   510   000FAF                     SPBRG           equ	4015	;# 
   511   000FAF                     SPBRG1          equ	4015	;# 
   512   000FB0                     SPBRGH          equ	4016	;# 
   513   000FB1                     T3CON           equ	4017	;# 
   514   000FB2                     TMR3            equ	4018	;# 
   515   000FB2                     TMR3L           equ	4018	;# 
   516   000FB3                     TMR3H           equ	4019	;# 
   517   000FB4                     CMCON           equ	4020	;# 
   518   000FB5                     CVRCON          equ	4021	;# 
   519   000FB6                     ECCP1AS         equ	4022	;# 
   520   000FB6                     CCP1AS          equ	4022	;# 
   521   000FB7                     ECCP1DEL        equ	4023	;# 
   522   000FB7                     CCP1DEL         equ	4023	;# 
   523   000FB8                     BAUDCON         equ	4024	;# 
   524   000FB8                     BAUDCTL         equ	4024	;# 
   525   000FBA                     CCP2CON         equ	4026	;# 
   526   000FBB                     CCPR2           equ	4027	;# 
   527   000FBB                     CCPR2L          equ	4027	;# 
   528   000FBC                     CCPR2H          equ	4028	;# 
   529   000FBD                     CCP1CON         equ	4029	;# 
   530   000FBD                     ECCP1CON        equ	4029	;# 
   531   000FBE                     CCPR1           equ	4030	;# 
   532   000FBE                     CCPR1L          equ	4030	;# 
   533   000FBF                     CCPR1H          equ	4031	;# 
   534   000FC0                     ADCON2          equ	4032	;# 
   535   000FC1                     ADCON1          equ	4033	;# 
   536   000FC2                     ADCON0          equ	4034	;# 
   537   000FC3                     ADRES           equ	4035	;# 
   538   000FC3                     ADRESL          equ	4035	;# 
   539   000FC4                     ADRESH          equ	4036	;# 
   540   000FC5                     SSPCON2         equ	4037	;# 
   541   000FC6                     SSPCON1         equ	4038	;# 
   542   000FC7                     SSPSTAT         equ	4039	;# 
   543   000FC8                     SSPADD          equ	4040	;# 
   544   000FC9                     SSPBUF          equ	4041	;# 
   545   000FCA                     T2CON           equ	4042	;# 
   546   000FCB                     PR2             equ	4043	;# 
   547   000FCB                     MEMCON          equ	4043	;# 
   548   000FCC                     TMR2            equ	4044	;# 
   549   000FCD                     T1CON           equ	4045	;# 
   550   000FCE                     TMR1            equ	4046	;# 
   551   000FCE                     TMR1L           equ	4046	;# 
   552   000FCF                     TMR1H           equ	4047	;# 
   553   000FD0                     RCON            equ	4048	;# 
   554   000FD1                     WDTCON          equ	4049	;# 
   555   000FD2                     HLVDCON         equ	4050	;# 
   556   000FD2                     LVDCON          equ	4050	;# 
   557   000FD3                     OSCCON          equ	4051	;# 
   558   000FD5                     T0CON           equ	4053	;# 
   559   000FD6                     TMR0            equ	4054	;# 
   560   000FD6                     TMR0L           equ	4054	;# 
   561   000FD7                     TMR0H           equ	4055	;# 
   562   000FD8                     STATUS          equ	4056	;# 
   563   000FD9                     FSR2            equ	4057	;# 
   564   000FD9                     FSR2L           equ	4057	;# 
   565   000FDA                     FSR2H           equ	4058	;# 
   566   000FDB                     PLUSW2          equ	4059	;# 
   567   000FDC                     PREINC2         equ	4060	;# 
   568   000FDD                     POSTDEC2        equ	4061	;# 
   569   000FDE                     POSTINC2        equ	4062	;# 
   570   000FDF                     INDF2           equ	4063	;# 
   571   000FE0                     BSR             equ	4064	;# 
   572   000FE1                     FSR1            equ	4065	;# 
   573   000FE1                     FSR1L           equ	4065	;# 
   574   000FE2                     FSR1H           equ	4066	;# 
   575   000FE3                     PLUSW1          equ	4067	;# 
   576   000FE4                     PREINC1         equ	4068	;# 
   577   000FE5                     POSTDEC1        equ	4069	;# 
   578   000FE6                     POSTINC1        equ	4070	;# 
   579   000FE7                     INDF1           equ	4071	;# 
   580   000FE8                     WREG            equ	4072	;# 
   581   000FE9                     FSR0            equ	4073	;# 
   582   000FE9                     FSR0L           equ	4073	;# 
   583   000FEA                     FSR0H           equ	4074	;# 
   584   000FEB                     PLUSW0          equ	4075	;# 
   585   000FEC                     PREINC0         equ	4076	;# 
   586   000FED                     POSTDEC0        equ	4077	;# 
   587   000FEE                     POSTINC0        equ	4078	;# 
   588   000FEF                     INDF0           equ	4079	;# 
   589   000FF0                     INTCON3         equ	4080	;# 
   590   000FF1                     INTCON2         equ	4081	;# 
   591   000FF2                     INTCON          equ	4082	;# 
   592   000FF3                     PROD            equ	4083	;# 
   593   000FF3                     PRODL           equ	4083	;# 
   594   000FF4                     PRODH           equ	4084	;# 
   595   000FF5                     TABLAT          equ	4085	;# 
   596   000FF6                     TBLPTR          equ	4086	;# 
   597   000FF6                     TBLPTRL         equ	4086	;# 
   598   000FF7                     TBLPTRH         equ	4087	;# 
   599   000FF8                     TBLPTRU         equ	4088	;# 
   600   000FF9                     PCLAT           equ	4089	;# 
   601   000FF9                     PC              equ	4089	;# 
   602   000FF9                     PCL             equ	4089	;# 
   603   000FFA                     PCLATH          equ	4090	;# 
   604   000FFB                     PCLATU          equ	4091	;# 
   605   000FFC                     STKPTR          equ	4092	;# 
   606   000FFD                     TOS             equ	4093	;# 
   607   000FFD                     TOSL            equ	4093	;# 
   608   000FFE                     TOSH            equ	4094	;# 
   609   000FFF                     TOSU            equ	4095	;# 
   610                           
   611                           	psect	smallconst
   612   000800                     __psmallconst:
   613                           	callstack 0
   614   000800  00                 	db	0
   615   000801                     _font5x8:
   616                           	callstack 0
   617   000801  00                 	db	0
   618   000802  00                 	db	0
   619   000803  00                 	db	0
   620   000804  00                 	db	0
   621   000805  00                 	db	0
   622   000806  00                 	db	0
   623   000807  00                 	db	0
   624   000808  5F                 	db	95
   625   000809  00                 	db	0
   626   00080A  00                 	db	0
   627   00080B  00                 	db	0
   628   00080C  07                 	db	7
   629   00080D  00                 	db	0
   630   00080E  07                 	db	7
   631   00080F  00                 	db	0
   632   000810  14                 	db	20
   633   000811  7F                 	db	127
   634   000812  14                 	db	20
   635   000813  7F                 	db	127
   636   000814  14                 	db	20
   637   000815  24                 	db	36
   638   000816  2A                 	db	42
   639   000817  7F                 	db	127
   640   000818  2A                 	db	42
   641   000819  12                 	db	18
   642   00081A  23                 	db	35
   643   00081B  13                 	db	19
   644   00081C  08                 	db	8
   645   00081D  64                 	db	100
   646   00081E  62                 	db	98
   647   00081F  36                 	db	54
   648   000820  49                 	db	73
   649   000821  55                 	db	85
   650   000822  22                 	db	34
   651   000823  50                 	db	80
   652   000824  00                 	db	0
   653   000825  05                 	db	5
   654   000826  03                 	db	3
   655   000827  00                 	db	0
   656   000828  00                 	db	0
   657   000829  00                 	db	0
   658   00082A  1C                 	db	28
   659   00082B  22                 	db	34
   660   00082C  41                 	db	65
   661   00082D  00                 	db	0
   662   00082E  00                 	db	0
   663   00082F  41                 	db	65
   664   000830  22                 	db	34
   665   000831  1C                 	db	28
   666   000832  00                 	db	0
   667   000833  08                 	db	8
   668   000834  2A                 	db	42
   669   000835  1C                 	db	28
   670   000836  2A                 	db	42
   671   000837  08                 	db	8
   672   000838  08                 	db	8
   673   000839  08                 	db	8
   674   00083A  3E                 	db	62
   675   00083B  08                 	db	8
   676   00083C  08                 	db	8
   677   00083D  00                 	db	0
   678   00083E  50                 	db	80
   679   00083F  30                 	db	48
   680   000840  00                 	db	0
   681   000841  00                 	db	0
   682   000842  08                 	db	8
   683   000843  08                 	db	8
   684   000844  08                 	db	8
   685   000845  08                 	db	8
   686   000846  08                 	db	8
   687   000847  00                 	db	0
   688   000848  60                 	db	96
   689   000849  60                 	db	96
   690   00084A  00                 	db	0
   691   00084B  00                 	db	0
   692   00084C  20                 	db	32
   693   00084D  10                 	db	16
   694   00084E  08                 	db	8
   695   00084F  04                 	db	4
   696   000850  02                 	db	2
   697   000851  3E                 	db	62
   698   000852  51                 	db	81
   699   000853  49                 	db	73
   700   000854  45                 	db	69
   701   000855  3E                 	db	62
   702   000856  00                 	db	0
   703   000857  42                 	db	66
   704   000858  7F                 	db	127
   705   000859  40                 	db	64
   706   00085A  00                 	db	0
   707   00085B  42                 	db	66
   708   00085C  61                 	db	97
   709   00085D  51                 	db	81
   710   00085E  49                 	db	73
   711   00085F  46                 	db	70
   712   000860  21                 	db	33
   713   000861  41                 	db	65
   714   000862  45                 	db	69
   715   000863  4B                 	db	75
   716   000864  31                 	db	49
   717   000865  18                 	db	24
   718   000866  14                 	db	20
   719   000867  12                 	db	18
   720   000868  7F                 	db	127
   721   000869  10                 	db	16
   722   00086A  27                 	db	39
   723   00086B  45                 	db	69
   724   00086C  45                 	db	69
   725   00086D  45                 	db	69
   726   00086E  39                 	db	57
   727   00086F  3C                 	db	60
   728   000870  4A                 	db	74
   729   000871  49                 	db	73
   730   000872  49                 	db	73
   731   000873  30                 	db	48
   732   000874  01                 	db	1
   733   000875  71                 	db	113
   734   000876  09                 	db	9
   735   000877  05                 	db	5
   736   000878  03                 	db	3
   737   000879  36                 	db	54
   738   00087A  49                 	db	73
   739   00087B  49                 	db	73
   740   00087C  49                 	db	73
   741   00087D  36                 	db	54
   742   00087E  06                 	db	6
   743   00087F  49                 	db	73
   744   000880  49                 	db	73
   745   000881  29                 	db	41
   746   000882  1E                 	db	30
   747   000883                     __end_of_font5x8:
   748                           	callstack 0
   749   000FC8                     _SSPADD         set	4040
   750   000FC6                     _SSPCON1        set	4038
   751   000FC7                     _SSPSTAT        set	4039
   752   000F93                     _TRISBbits      set	3987
   753   000F9E                     _PIR1bits       set	3998
   754   000FC9                     _SSPBUF         set	4041
   755   000FC5                     _SSPCON2bits    set	4037
   756   000FC5                     _SSPCON2        set	4037
   757   000FC7                     _SSPSTATbits    set	4039
   758   000883                     STR_1:
   759   000883  48                 	db	72	;'H'
   760   000884  6F                 	db	111	;'o'
   761   000885  6C                 	db	108	;'l'
   762   000886  61                 	db	97	;'a'
   763   000887  20                 	db	32
   764   000888  6D                 	db	109	;'m'
   765   000889  75                 	db	117	;'u'
   766   00088A  6E                 	db	110	;'n'
   767   00088B  64                 	db	100	;'d'
   768   00088C  6F                 	db	111	;'o'
   769   00088D  00                 	db	0
   770   00088E                     STR_2:
   771   00088E  4F                 	db	79	;'O'
   772   00088F  4C                 	db	76	;'L'
   773   000890  45                 	db	69	;'E'
   774   000891  44                 	db	68	;'D'
   775   000892  20                 	db	32
   776   000893  4F                 	db	79	;'O'
   777   000894  4B                 	db	75	;'K'
   778   000895  00                 	db	0
   779   000896  00                 	db	0	; dummy byte at the end
   780   000800                     __smallconst    set	__psmallconst
   781   000800                     __mediumconst   set	__psmallconst
   782   000001                     __activetblptr  equ	1
   783                           
   784                           ; #config settings
   785                           
   786                           	psect	cinit
   787   000B5E                     __pcinit:
   788                           	callstack 0
   789   000B5E                     start_initialization:
   790                           	callstack 0
   791   000B5E                     __initialization:
   792                           	callstack 0
   793   000B5E                     end_of_initialization:
   794                           	callstack 0
   795   000B5E                     __end_of__initialization:
   796                           	callstack 0
   797   000B5E  0E00               	movlw	low (__Lsmallconst shr (0+16))
   798   000B60  6EF8               	movwf	tblptru,c
   799   000B62  0E08               	movlw	high __Lsmallconst
   800   000B64  6EF7               	movwf	tblptrh,c
   801   000B66  0100               	movlb	0
   802   000B68  EF1B  F005         	goto	_main	;jump to C main() function
   803                           
   804                           	psect	cstackCOMRAM
   805   000001                     __pcstackCOMRAM:
   806                           	callstack 0
   807   000001                     ??_I2C_Ready:
   808   000001                     
   809                           ; 1 bytes @ 0x0
   810   000001                     	ds	1
   811   000002                     I2C_Start@addr:
   812                           	callstack 0
   813   000002                     I2C_Write@data:
   814                           	callstack 0
   815   000002                     
   816                           ; 1 bytes @ 0x1
   817   000002                     	ds	1
   818   000003                     OLED_Comando@cmd:
   819                           	callstack 0
   820   000003                     OLED_Dato@dato:
   821                           	callstack 0
   822   000003                     
   823                           ; 1 bytes @ 0x2
   824   000003                     	ds	1
   825   000004                     OLED_Clear@j:
   826                           	callstack 0
   827   000004                     OLED_SetCursor@col:
   828                           	callstack 0
   829   000004                     ??_OLED_Char:
   830                           
   831                           ; 1 bytes @ 0x3
   832   000004                     	ds	1
   833   000005                     OLED_Clear@i:
   834                           	callstack 0
   835   000005                     OLED_SetCursor@pagina:
   836                           	callstack 0
   837   000005                     OLED_Char@c:
   838                           	callstack 0
   839   000005                     
   840                           ; 1 bytes @ 0x4
   841   000005                     	ds	1
   842   000006                     OLED_Char@i:
   843                           	callstack 0
   844   000006                     ??_OLED_Init:
   845                           
   846                           ; 1 bytes @ 0x5
   847   000006                     	ds	1
   848   000007                     OLED_String@col:
   849                           	callstack 0
   850                           
   851                           ; 1 bytes @ 0x6
   852   000007                     	ds	1
   853   000008                     OLED_String@texto:
   854                           	callstack 0
   855                           
   856                           ; 1 bytes @ 0x7
   857   000008                     	ds	1
   858   000009                     OLED_String@pagina:
   859                           	callstack 0
   860   000009                     
   861                           ; 1 bytes @ 0x8
   862   000009                     	ds	1
   863   00000A                     
   864                           ; 1 bytes @ 0x9
   865 ;;
   866 ;;Main: autosize = 0, tempsize = 0, incstack = 0, save=0
   867 ;;
   868 ;; *************** function _main *****************
   869 ;; Defined at:
   870 ;;		line 13 in file "main.c"
   871 ;; Parameters:    Size  Location     Type
   872 ;;		None
   873 ;; Auto vars:     Size  Location     Type
   874 ;;		None
   875 ;; Return value:  Size  Location     Type
   876 ;;                  1    wreg      void 
   877 ;; Registers used:
   878 ;;		wreg, status,2, status,0, tblptrl, tblptrh, tblptru, prodl, prodh, cstack
   879 ;; Tracked objects:
   880 ;;		On entry : 0/0
   881 ;;		On exit  : 0/0
   882 ;;		Unchanged: 0/0
   883 ;; Data sizes:     COMRAM   BANK0   BANK1   BANK2   BANK3   BANK4   BANK5   BANK6   BANK7
   884 ;;      Params:         0       0       0       0       0       0       0       0       0
   885 ;;      Locals:         0       0       0       0       0       0       0       0       0
   886 ;;      Temps:          0       0       0       0       0       0       0       0       0
   887 ;;      Totals:         0       0       0       0       0       0       0       0       0
   888 ;;Total ram usage:        0 bytes
   889 ;; Hardware stack levels required when called: 4
   890 ;; This function calls:
   891 ;;		_I2C_Init
   892 ;;		_OLED_Clear
   893 ;;		_OLED_Init
   894 ;;		_OLED_String
   895 ;; This function is called by:
   896 ;;		Startup code after reset
   897 ;; This function uses a non-reentrant model
   898 ;;
   899                           
   900                           	psect	text0
   901   000A36                     __ptext0:
   902                           	callstack 0
   903   000A36                     _main:
   904                           	callstack 27
   905   000A36  ECA4  F005         	call	_I2C_Init	;wreg free
   906   000A3A  EC4C  F004         	call	_OLED_Init	;wreg free
   907   000A3E  ECDD  F004         	call	_OLED_Clear	;wreg free
   908   000A42  0E00               	movlw	0
   909   000A44  6E07               	movwf	OLED_String@col^0,c
   910   000A46  0E83               	movlw	low STR_1
   911   000A48  6E08               	movwf	OLED_String@texto^0,c
   912   000A4A  0E00               	movlw	0
   913   000A4C  ECFF  F004         	call	_OLED_String
   914   000A50  0E00               	movlw	0
   915   000A52  6E07               	movwf	OLED_String@col^0,c
   916   000A54  0E8E               	movlw	low STR_2
   917   000A56  6E08               	movwf	OLED_String@texto^0,c
   918   000A58  0E02               	movlw	2
   919   000A5A  ECFF  F004         	call	_OLED_String
   920   000A5E                     l75:
   921   000A5E  EF2F  F005         	goto	l75
   922   000A62  EFFE  F03F         	goto	start
   923   000A66                     __end_of_main:
   924                           	callstack 0
   925                           
   926 ;; *************** function _OLED_String *****************
   927 ;; Defined at:
   928 ;;		line 122 in file "oled.c"
   929 ;; Parameters:    Size  Location     Type
   930 ;;  pagina          1    wreg     unsigned char 
   931 ;;  col             1    6[COMRAM] unsigned char 
   932 ;;  texto           1    7[COMRAM] PTR const unsigned char 
   933 ;;		 -> STR_2(8), STR_1(11), 
   934 ;; Auto vars:     Size  Location     Type
   935 ;;  pagina          1    8[COMRAM] unsigned char 
   936 ;; Return value:  Size  Location     Type
   937 ;;                  1    wreg      void 
   938 ;; Registers used:
   939 ;;		wreg, status,2, status,0, tblptrl, tblptrh, tblptru, prodl, prodh, cstack
   940 ;; Tracked objects:
   941 ;;		On entry : 0/0
   942 ;;		On exit  : 0/0
   943 ;;		Unchanged: 0/0
   944 ;; Data sizes:     COMRAM   BANK0   BANK1   BANK2   BANK3   BANK4   BANK5   BANK6   BANK7
   945 ;;      Params:         2       0       0       0       0       0       0       0       0
   946 ;;      Locals:         1       0       0       0       0       0       0       0       0
   947 ;;      Temps:          0       0       0       0       0       0       0       0       0
   948 ;;      Totals:         3       0       0       0       0       0       0       0       0
   949 ;;Total ram usage:        3 bytes
   950 ;; Hardware stack levels used: 1
   951 ;; Hardware stack levels required when called: 2
   952 ;; This function calls:
   953 ;;		_OLED_Char
   954 ;;		_OLED_SetCursor
   955 ;; This function is called by:
   956 ;;		_main
   957 ;; This function uses a non-reentrant model
   958 ;;
   959                           
   960                           	psect	text1
   961   0009FE                     __ptext1:
   962                           	callstack 0
   963   0009FE                     _OLED_String:
   964                           	callstack 28
   965                           
   966                           ;incstack = 0
   967                           ;OLED_String@pagina stored from wreg
   968   0009FE  6E09               	movwf	OLED_String@pagina^0,c
   969   000A00                     
   970                           ;oled.c: 123:     OLED_SetCursor(pagina, col);
   971   000A00  C007  F004         	movff	OLED_String@col,OLED_SetCursor@col
   972   000A04  5009               	movf	OLED_String@pagina^0,w,c
   973   000A06  EC60  F005         	call	_OLED_SetCursor
   974                           
   975                           ;oled.c: 125:     while(*texto){
   976   000A0A  EF0E  F005         	goto	l1079
   977   000A0E                     l1075:
   978                           
   979                           ;oled.c: 126:         OLED_Char(*texto);
   980   000A0E  C008  FFF6         	movff	OLED_String@texto,tblptrl
   981   000A12                     	if	0	;There is only one active tblptr byte
   982   000A12                     	endif
   983   000A12                     	if	0	;tblptru may be non-zero
   984   000A12                     	endif
   985   000A12                     	if	0	;tblptru may be non-zero
   986   000A12                     	endif
   987   000A12  0008               	tblrd		*
   988   000A14  50F5               	movf	tablat,w,c
   989   000A16  ECAE  F004         	call	_OLED_Char
   990   000A1A                     
   991                           ;oled.c: 127:         texto++;
   992   000A1A  2A08               	incf	OLED_String@texto^0,f,c
   993   000A1C                     l1079:
   994                           
   995                           ;oled.c: 125:     while(*texto){
   996   000A1C  C008  FFF6         	movff	OLED_String@texto,tblptrl
   997   000A20                     	if	0	;There is only one active tblptr byte
   998   000A20                     	endif
   999   000A20                     	if	0	;tblptru may be non-zero
  1000   000A20                     	endif
  1001   000A20                     	if	0	;tblptru may be non-zero
  1002   000A20                     	endif
  1003   000A20  0008               	tblrd		*
  1004   000A22  50F5               	movf	tablat,w,c
  1005   000A24  0900               	iorlw	0
  1006   000A26  A4D8               	btfss	status,2,c
  1007   000A28  EF18  F005         	goto	u171
  1008   000A2C  EF1A  F005         	goto	u170
  1009   000A30                     u171:
  1010   000A30  EF07  F005         	goto	l1075
  1011   000A34                     u170:
  1012   000A34  0012               	return		;funcret
  1013   000A36                     __end_of_OLED_String:
  1014                           	callstack 0
  1015                           
  1016 ;; *************** function _OLED_SetCursor *****************
  1017 ;; Defined at:
  1018 ;;		line 71 in file "oled.c"
  1019 ;; Parameters:    Size  Location     Type
  1020 ;;  pagina          1    wreg     unsigned char 
  1021 ;;  col             1    3[COMRAM] unsigned char 
  1022 ;; Auto vars:     Size  Location     Type
  1023 ;;  pagina          1    4[COMRAM] unsigned char 
  1024 ;; Return value:  Size  Location     Type
  1025 ;;                  1    wreg      void 
  1026 ;; Registers used:
  1027 ;;		wreg, status,2, status,0, cstack
  1028 ;; Tracked objects:
  1029 ;;		On entry : 0/0
  1030 ;;		On exit  : 0/0
  1031 ;;		Unchanged: 0/0
  1032 ;; Data sizes:     COMRAM   BANK0   BANK1   BANK2   BANK3   BANK4   BANK5   BANK6   BANK7
  1033 ;;      Params:         1       0       0       0       0       0       0       0       0
  1034 ;;      Locals:         1       0       0       0       0       0       0       0       0
  1035 ;;      Temps:          0       0       0       0       0       0       0       0       0
  1036 ;;      Totals:         2       0       0       0       0       0       0       0       0
  1037 ;;Total ram usage:        2 bytes
  1038 ;; Hardware stack levels used: 1
  1039 ;; Hardware stack levels required when called: 1
  1040 ;; This function calls:
  1041 ;;		_OLED_Comando
  1042 ;; This function is called by:
  1043 ;;		_OLED_String
  1044 ;; This function uses a non-reentrant model
  1045 ;;
  1046                           
  1047                           	psect	text2
  1048   000AC0                     __ptext2:
  1049                           	callstack 0
  1050   000AC0                     _OLED_SetCursor:
  1051                           	callstack 28
  1052                           
  1053                           ;incstack = 0
  1054                           ;OLED_SetCursor@pagina stored from wreg
  1055   000AC0  6E05               	movwf	OLED_SetCursor@pagina^0,c
  1056   000AC2                     
  1057                           ;oled.c: 72:     OLED_Comando(0xB0 | pagina);
  1058   000AC2  5005               	movf	OLED_SetCursor@pagina^0,w,c
  1059   000AC4  09B0               	iorlw	176
  1060   000AC6  EC8B  F005         	call	_OLED_Comando
  1061                           
  1062                           ;oled.c: 73:     OLED_Comando(col & 0x0F);
  1063   000ACA  5004               	movf	OLED_SetCursor@col^0,w,c
  1064   000ACC  0B0F               	andlw	15
  1065   000ACE  EC8B  F005         	call	_OLED_Comando
  1066                           
  1067                           ;oled.c: 74:     OLED_Comando(0x10 | ((col >> 4) & 0x0F));
  1068   000AD2  3804               	swapf	OLED_SetCursor@col^0,w,c
  1069   000AD4  0B0F               	andlw	15
  1070   000AD6  0B0F               	andlw	15
  1071   000AD8  0910               	iorlw	16
  1072   000ADA  EC8B  F005         	call	_OLED_Comando
  1073   000ADE  0012               	return		;funcret
  1074   000AE0                     __end_of_OLED_SetCursor:
  1075                           	callstack 0
  1076                           
  1077 ;; *************** function _OLED_Char *****************
  1078 ;; Defined at:
  1079 ;;		line 110 in file "oled.c"
  1080 ;; Parameters:    Size  Location     Type
  1081 ;;  c               1    wreg     unsigned char 
  1082 ;; Auto vars:     Size  Location     Type
  1083 ;;  c               1    4[COMRAM] unsigned char 
  1084 ;;  i               1    5[COMRAM] unsigned char 
  1085 ;; Return value:  Size  Location     Type
  1086 ;;                  1    wreg      void 
  1087 ;; Registers used:
  1088 ;;		wreg, status,2, status,0, tblptrl, tblptrh, tblptru, prodl, prodh, cstack
  1089 ;; Tracked objects:
  1090 ;;		On entry : 0/0
  1091 ;;		On exit  : 0/0
  1092 ;;		Unchanged: 0/0
  1093 ;; Data sizes:     COMRAM   BANK0   BANK1   BANK2   BANK3   BANK4   BANK5   BANK6   BANK7
  1094 ;;      Params:         0       0       0       0       0       0       0       0       0
  1095 ;;      Locals:         2       0       0       0       0       0       0       0       0
  1096 ;;      Temps:          1       0       0       0       0       0       0       0       0
  1097 ;;      Totals:         3       0       0       0       0       0       0       0       0
  1098 ;;Total ram usage:        3 bytes
  1099 ;; Hardware stack levels used: 1
  1100 ;; Hardware stack levels required when called: 1
  1101 ;; This function calls:
  1102 ;;		_OLED_Dato
  1103 ;; This function is called by:
  1104 ;;		_OLED_String
  1105 ;; This function uses a non-reentrant model
  1106 ;;
  1107                           
  1108                           	psect	text3
  1109   00095C                     __ptext3:
  1110                           	callstack 0
  1111   00095C                     _OLED_Char:
  1112                           	callstack 28
  1113                           
  1114                           ;incstack = 0
  1115                           ;OLED_Char@c stored from wreg
  1116   00095C  6E05               	movwf	OLED_Char@c^0,c
  1117   00095E                     
  1118                           ;oled.c: 111:     unsigned char i;;oled.c: 113:     if(c < 32 || c > 126) c = 32;
  1119   00095E  0E1F               	movlw	31
  1120   000960  6405               	cpfsgt	OLED_Char@c^0,c
  1121   000962  EFB5  F004         	goto	u91
  1122   000966  EFB7  F004         	goto	u90
  1123   00096A                     u91:
  1124   00096A  EFBF  F004         	goto	l959
  1125   00096E                     u90:
  1126   00096E  0E7E               	movlw	126
  1127   000970  6405               	cpfsgt	OLED_Char@c^0,c
  1128   000972  EFBD  F004         	goto	u101
  1129   000976  EFBF  F004         	goto	u100
  1130   00097A                     u101:
  1131   00097A  EFC1  F004         	goto	l961
  1132   00097E                     u100:
  1133   00097E                     l959:
  1134   00097E  0E20               	movlw	32
  1135   000980  6E05               	movwf	OLED_Char@c^0,c
  1136   000982                     l961:
  1137                           
  1138                           ;oled.c: 115:     for(i = 0; i < 5; i++){
  1139   000982  6A06               	clrf	OLED_Char@i^0,c
  1140   000984                     l967:
  1141                           
  1142                           ;oled.c: 116:         OLED_Dato(font5x8[c - 32][i]);
  1143   000984  5005               	movf	OLED_Char@c^0,w,c
  1144   000986  0D05               	mullw	5
  1145   000988  50F3               	movf	243,w,c
  1146   00098A  0F01               	addlw	low _font5x8
  1147   00098C  2406               	addwf	OLED_Char@i^0,w,c
  1148   00098E  6E04               	movwf	??_OLED_Char^0,c
  1149   000990  0E60               	movlw	96
  1150   000992  2604               	addwf	??_OLED_Char^0,f,c
  1151   000994  C004  FFF6         	movff	??_OLED_Char,tblptrl
  1152   000998                     	if	0	;There is only one active tblptr byte
  1153   000998                     	endif
  1154   000998                     	if	0	;tblptru may be non-zero
  1155   000998                     	endif
  1156   000998                     	if	0	;tblptru may be non-zero
  1157   000998                     	endif
  1158   000998  0008               	tblrd		*
  1159   00099A  50F5               	movf	tablat,w,c
  1160   00099C  EC7E  F005         	call	_OLED_Dato
  1161   0009A0                     
  1162                           ;oled.c: 117:     }
  1163   0009A0  2A06               	incf	OLED_Char@i^0,f,c
  1164   0009A2  0E04               	movlw	4
  1165   0009A4  6406               	cpfsgt	OLED_Char@i^0,c
  1166   0009A6  EFD7  F004         	goto	u111
  1167   0009AA  EFD9  F004         	goto	u110
  1168   0009AE                     u111:
  1169   0009AE  EFC2  F004         	goto	l967
  1170   0009B2                     u110:
  1171   0009B2                     
  1172                           ;oled.c: 119:     OLED_Dato(0x00);
  1173   0009B2  0E00               	movlw	0
  1174   0009B4  EC7E  F005         	call	_OLED_Dato
  1175   0009B8  0012               	return		;funcret
  1176   0009BA                     __end_of_OLED_Char:
  1177                           	callstack 0
  1178                           
  1179 ;; *************** function _OLED_Init *****************
  1180 ;; Defined at:
  1181 ;;		line 77 in file "oled.c"
  1182 ;; Parameters:    Size  Location     Type
  1183 ;;		None
  1184 ;; Auto vars:     Size  Location     Type
  1185 ;;		None
  1186 ;; Return value:  Size  Location     Type
  1187 ;;                  1    wreg      void 
  1188 ;; Registers used:
  1189 ;;		wreg, status,2, status,0, cstack
  1190 ;; Tracked objects:
  1191 ;;		On entry : 0/0
  1192 ;;		On exit  : 0/0
  1193 ;;		Unchanged: 0/0
  1194 ;; Data sizes:     COMRAM   BANK0   BANK1   BANK2   BANK3   BANK4   BANK5   BANK6   BANK7
  1195 ;;      Params:         0       0       0       0       0       0       0       0       0
  1196 ;;      Locals:         0       0       0       0       0       0       0       0       0
  1197 ;;      Temps:          2       0       0       0       0       0       0       0       0
  1198 ;;      Totals:         2       0       0       0       0       0       0       0       0
  1199 ;;Total ram usage:        2 bytes
  1200 ;; Hardware stack levels used: 1
  1201 ;; Hardware stack levels required when called: 1
  1202 ;; This function calls:
  1203 ;;		_OLED_Clear
  1204 ;;		_OLED_Comando
  1205 ;; This function is called by:
  1206 ;;		_main
  1207 ;; This function uses a non-reentrant model
  1208 ;;
  1209                           
  1210                           	psect	text4
  1211   000898                     __ptext4:
  1212                           	callstack 0
  1213   000898                     _OLED_Init:
  1214                           	callstack 29
  1215   000898                     
  1216                           ;oled.c: 78:     _delay((unsigned long)((100)*(8000000/4000.0)));
  1217   000898  0E02               	movlw	2
  1218   00089A  6E07               	movwf	(??_OLED_Init+1)^0,c
  1219   00089C  0E04               	movlw	4
  1220   00089E  6E06               	movwf	??_OLED_Init^0,c
  1221   0008A0  0EBA               	movlw	186
  1222   0008A2                     u187:
  1223   0008A2  2EE8               	decfsz	wreg,f,c
  1224   0008A4  D7FE               	bra	u187
  1225   0008A6  2E06               	decfsz	??_OLED_Init^0,f,c
  1226   0008A8  D7FC               	bra	u187
  1227   0008AA  2E07               	decfsz	(??_OLED_Init+1)^0,f,c
  1228   0008AC  D7FA               	bra	u187
  1229   0008AE  D000               	nop2	
  1230   0008B0                     
  1231                           ;oled.c: 80:     OLED_Comando(0xAE);
  1232   0008B0  0EAE               	movlw	174
  1233   0008B2  EC8B  F005         	call	_OLED_Comando
  1234   0008B6                     
  1235                           ;oled.c: 81:     OLED_Comando(0xD5);
  1236   0008B6  0ED5               	movlw	213
  1237   0008B8  EC8B  F005         	call	_OLED_Comando
  1238   0008BC                     
  1239                           ;oled.c: 82:     OLED_Comando(0x80);
  1240   0008BC  0E80               	movlw	128
  1241   0008BE  EC8B  F005         	call	_OLED_Comando
  1242   0008C2                     
  1243                           ;oled.c: 83:     OLED_Comando(0xA8);
  1244   0008C2  0EA8               	movlw	168
  1245   0008C4  EC8B  F005         	call	_OLED_Comando
  1246   0008C8                     
  1247                           ;oled.c: 84:     OLED_Comando(0x3F);
  1248   0008C8  0E3F               	movlw	63
  1249   0008CA  EC8B  F005         	call	_OLED_Comando
  1250   0008CE                     
  1251                           ;oled.c: 85:     OLED_Comando(0xD3);
  1252   0008CE  0ED3               	movlw	211
  1253   0008D0  EC8B  F005         	call	_OLED_Comando
  1254   0008D4                     
  1255                           ;oled.c: 86:     OLED_Comando(0x00);
  1256   0008D4  0E00               	movlw	0
  1257   0008D6  EC8B  F005         	call	_OLED_Comando
  1258   0008DA                     
  1259                           ;oled.c: 87:     OLED_Comando(0x40);
  1260   0008DA  0E40               	movlw	64
  1261   0008DC  EC8B  F005         	call	_OLED_Comando
  1262   0008E0                     
  1263                           ;oled.c: 88:     OLED_Comando(0x8D);
  1264   0008E0  0E8D               	movlw	141
  1265   0008E2  EC8B  F005         	call	_OLED_Comando
  1266   0008E6                     
  1267                           ;oled.c: 89:     OLED_Comando(0x14);
  1268   0008E6  0E14               	movlw	20
  1269   0008E8  EC8B  F005         	call	_OLED_Comando
  1270   0008EC                     
  1271                           ;oled.c: 90:     OLED_Comando(0x20);
  1272   0008EC  0E20               	movlw	32
  1273   0008EE  EC8B  F005         	call	_OLED_Comando
  1274   0008F2                     
  1275                           ;oled.c: 91:     OLED_Comando(0x00);
  1276   0008F2  0E00               	movlw	0
  1277   0008F4  EC8B  F005         	call	_OLED_Comando
  1278   0008F8                     
  1279                           ;oled.c: 92:     OLED_Comando(0xA1);
  1280   0008F8  0EA1               	movlw	161
  1281   0008FA  EC8B  F005         	call	_OLED_Comando
  1282   0008FE                     
  1283                           ;oled.c: 93:     OLED_Comando(0xC8);
  1284   0008FE  0EC8               	movlw	200
  1285   000900  EC8B  F005         	call	_OLED_Comando
  1286   000904                     
  1287                           ;oled.c: 94:     OLED_Comando(0xDA);
  1288   000904  0EDA               	movlw	218
  1289   000906  EC8B  F005         	call	_OLED_Comando
  1290   00090A                     
  1291                           ;oled.c: 95:     OLED_Comando(0x12);
  1292   00090A  0E12               	movlw	18
  1293   00090C  EC8B  F005         	call	_OLED_Comando
  1294   000910                     
  1295                           ;oled.c: 96:     OLED_Comando(0x81);
  1296   000910  0E81               	movlw	129
  1297   000912  EC8B  F005         	call	_OLED_Comando
  1298   000916                     
  1299                           ;oled.c: 97:     OLED_Comando(0xCF);
  1300   000916  0ECF               	movlw	207
  1301   000918  EC8B  F005         	call	_OLED_Comando
  1302   00091C                     
  1303                           ;oled.c: 98:     OLED_Comando(0xD9);
  1304   00091C  0ED9               	movlw	217
  1305   00091E  EC8B  F005         	call	_OLED_Comando
  1306   000922                     
  1307                           ;oled.c: 99:     OLED_Comando(0xF1);
  1308   000922  0EF1               	movlw	241
  1309   000924  EC8B  F005         	call	_OLED_Comando
  1310   000928                     
  1311                           ;oled.c: 100:     OLED_Comando(0xDB);
  1312   000928  0EDB               	movlw	219
  1313   00092A  EC8B  F005         	call	_OLED_Comando
  1314   00092E                     
  1315                           ;oled.c: 101:     OLED_Comando(0x40);
  1316   00092E  0E40               	movlw	64
  1317   000930  EC8B  F005         	call	_OLED_Comando
  1318   000934                     
  1319                           ;oled.c: 102:     OLED_Comando(0xA4);
  1320   000934  0EA4               	movlw	164
  1321   000936  EC8B  F005         	call	_OLED_Comando
  1322   00093A                     
  1323                           ;oled.c: 103:     OLED_Comando(0xA6);
  1324   00093A  0EA6               	movlw	166
  1325   00093C  EC8B  F005         	call	_OLED_Comando
  1326   000940                     
  1327                           ;oled.c: 104:     OLED_Comando(0xAF);
  1328   000940  0EAF               	movlw	175
  1329   000942  EC8B  F005         	call	_OLED_Comando
  1330   000946                     
  1331                           ;oled.c: 106:     _delay((unsigned long)((10)*(8000000/4000.0)));
  1332   000946  0E1A               	movlw	26
  1333   000948  6E06               	movwf	??_OLED_Init^0,c
  1334   00094A  0EF8               	movlw	248
  1335   00094C                     u197:
  1336   00094C  2EE8               	decfsz	wreg,f,c
  1337   00094E  D7FE               	bra	u197
  1338   000950  2E06               	decfsz	??_OLED_Init^0,f,c
  1339   000952  D7FC               	bra	u197
  1340   000954  D000               	nop2	
  1341                           
  1342                           ;oled.c: 107:     OLED_Clear();
  1343   000956  ECDD  F004         	call	_OLED_Clear	;wreg free
  1344   00095A  0012               	return		;funcret
  1345   00095C                     __end_of_OLED_Init:
  1346                           	callstack 0
  1347                           
  1348 ;; *************** function _OLED_Clear *****************
  1349 ;; Defined at:
  1350 ;;		line 57 in file "oled.c"
  1351 ;; Parameters:    Size  Location     Type
  1352 ;;		None
  1353 ;; Auto vars:     Size  Location     Type
  1354 ;;  i               1    4[COMRAM] unsigned char 
  1355 ;;  j               1    3[COMRAM] unsigned char 
  1356 ;; Return value:  Size  Location     Type
  1357 ;;                  1    wreg      void 
  1358 ;; Registers used:
  1359 ;;		wreg, status,2, status,0, cstack
  1360 ;; Tracked objects:
  1361 ;;		On entry : 0/0
  1362 ;;		On exit  : 0/0
  1363 ;;		Unchanged: 0/0
  1364 ;; Data sizes:     COMRAM   BANK0   BANK1   BANK2   BANK3   BANK4   BANK5   BANK6   BANK7
  1365 ;;      Params:         0       0       0       0       0       0       0       0       0
  1366 ;;      Locals:         2       0       0       0       0       0       0       0       0
  1367 ;;      Temps:          0       0       0       0       0       0       0       0       0
  1368 ;;      Totals:         2       0       0       0       0       0       0       0       0
  1369 ;;Total ram usage:        2 bytes
  1370 ;; Hardware stack levels used: 1
  1371 ;; This function calls:
  1372 ;;		_OLED_Comando
  1373 ;;		_OLED_Dato
  1374 ;; This function is called by:
  1375 ;;		_main
  1376 ;;		_OLED_Init
  1377 ;; This function uses a non-reentrant model
  1378 ;;
  1379                           
  1380                           	psect	text5
  1381   0009BA                     __ptext5:
  1382                           	callstack 0
  1383   0009BA                     _OLED_Clear:
  1384                           	callstack 29
  1385   0009BA                     
  1386                           ;oled.c: 58:     unsigned char i, j;;oled.c: 60:     for(i = 0; i < 8; i++){
  1387   0009BA  6A05               	clrf	OLED_Clear@i^0,c
  1388   0009BC                     l935:
  1389                           
  1390                           ;oled.c: 61:         OLED_Comando(0xB0 | i);
  1391   0009BC  5005               	movf	OLED_Clear@i^0,w,c
  1392   0009BE  09B0               	iorlw	176
  1393   0009C0  EC8B  F005         	call	_OLED_Comando
  1394                           
  1395                           ;oled.c: 62:         OLED_Comando(0x00);
  1396   0009C4  0E00               	movlw	0
  1397   0009C6  EC8B  F005         	call	_OLED_Comando
  1398                           
  1399                           ;oled.c: 63:         OLED_Comando(0x10);
  1400   0009CA  0E10               	movlw	16
  1401   0009CC  EC8B  F005         	call	_OLED_Comando
  1402   0009D0                     
  1403                           ;oled.c: 65:         for(j = 0; j < 128; j++){
  1404   0009D0  6A04               	clrf	OLED_Clear@j^0,c
  1405   0009D2                     l943:
  1406                           
  1407                           ;oled.c: 66:             OLED_Dato(0x00);
  1408   0009D2  0E00               	movlw	0
  1409   0009D4  EC7E  F005         	call	_OLED_Dato
  1410   0009D8                     
  1411                           ;oled.c: 67:         }
  1412   0009D8  2A04               	incf	OLED_Clear@j^0,f,c
  1413   0009DA  0E7F               	movlw	127
  1414   0009DC  6404               	cpfsgt	OLED_Clear@j^0,c
  1415   0009DE  EFF3  F004         	goto	u71
  1416   0009E2  EFF5  F004         	goto	u70
  1417   0009E6                     u71:
  1418   0009E6  EFE9  F004         	goto	l943
  1419   0009EA                     u70:
  1420   0009EA                     
  1421                           ;oled.c: 68:     }
  1422   0009EA  2A05               	incf	OLED_Clear@i^0,f,c
  1423   0009EC  0E07               	movlw	7
  1424   0009EE  6405               	cpfsgt	OLED_Clear@i^0,c
  1425   0009F0  EFFC  F004         	goto	u81
  1426   0009F4  EFFE  F004         	goto	u80
  1427   0009F8                     u81:
  1428   0009F8  EFDE  F004         	goto	l935
  1429   0009FC                     u80:
  1430   0009FC  0012               	return		;funcret
  1431   0009FE                     __end_of_OLED_Clear:
  1432                           	callstack 0
  1433                           
  1434 ;; *************** function _OLED_Dato *****************
  1435 ;; Defined at:
  1436 ;;		line 50 in file "oled.c"
  1437 ;; Parameters:    Size  Location     Type
  1438 ;;  dato            1    wreg     unsigned char 
  1439 ;; Auto vars:     Size  Location     Type
  1440 ;;  dato            1    2[COMRAM] unsigned char 
  1441 ;; Return value:  Size  Location     Type
  1442 ;;                  1    wreg      void 
  1443 ;; Registers used:
  1444 ;;		wreg, status,2, status,0, cstack
  1445 ;; Tracked objects:
  1446 ;;		On entry : 0/0
  1447 ;;		On exit  : 0/0
  1448 ;;		Unchanged: 0/0
  1449 ;; Data sizes:     COMRAM   BANK0   BANK1   BANK2   BANK3   BANK4   BANK5   BANK6   BANK7
  1450 ;;      Params:         0       0       0       0       0       0       0       0       0
  1451 ;;      Locals:         1       0       0       0       0       0       0       0       0
  1452 ;;      Temps:          0       0       0       0       0       0       0       0       0
  1453 ;;      Totals:         1       0       0       0       0       0       0       0       0
  1454 ;;Total ram usage:        1 bytes
  1455 ;; Hardware stack levels used: 1
  1456 ;; This function calls:
  1457 ;;		_I2C_Start
  1458 ;;		_I2C_Stop
  1459 ;;		_I2C_Write
  1460 ;; This function is called by:
  1461 ;;		_OLED_Clear
  1462 ;;		_OLED_Char
  1463 ;; This function uses a non-reentrant model
  1464 ;;
  1465                           
  1466                           	psect	text6
  1467   000AFC                     __ptext6:
  1468                           	callstack 0
  1469   000AFC                     _OLED_Dato:
  1470                           	callstack 28
  1471                           
  1472                           ;incstack = 0
  1473                           ;OLED_Dato@dato stored from wreg
  1474   000AFC  6E03               	movwf	OLED_Dato@dato^0,c
  1475   000AFE                     
  1476                           ;oled.c: 51:     I2C_Start(0x78);
  1477   000AFE  0E78               	movlw	120
  1478   000B00  EC4A  F005         	call	_I2C_Start
  1479                           
  1480                           ;oled.c: 52:     I2C_Write(0x40);
  1481   000B04  0E40               	movlw	64
  1482   000B06  EC70  F005         	call	_I2C_Write
  1483                           
  1484                           ;oled.c: 53:     I2C_Write(dato);
  1485   000B0A  5003               	movf	OLED_Dato@dato^0,w,c
  1486   000B0C  EC70  F005         	call	_I2C_Write
  1487                           
  1488                           ;oled.c: 54:     I2C_Stop();
  1489   000B10  EC98  F005         	call	_I2C_Stop	;wreg free
  1490   000B14  0012               	return		;funcret
  1491   000B16                     __end_of_OLED_Dato:
  1492                           	callstack 0
  1493                           
  1494 ;; *************** function _OLED_Comando *****************
  1495 ;; Defined at:
  1496 ;;		line 43 in file "oled.c"
  1497 ;; Parameters:    Size  Location     Type
  1498 ;;  cmd             1    wreg     unsigned char 
  1499 ;; Auto vars:     Size  Location     Type
  1500 ;;  cmd             1    2[COMRAM] unsigned char 
  1501 ;; Return value:  Size  Location     Type
  1502 ;;                  1    wreg      void 
  1503 ;; Registers used:
  1504 ;;		wreg, status,2, status,0, cstack
  1505 ;; Tracked objects:
  1506 ;;		On entry : 0/0
  1507 ;;		On exit  : 0/0
  1508 ;;		Unchanged: 0/0
  1509 ;; Data sizes:     COMRAM   BANK0   BANK1   BANK2   BANK3   BANK4   BANK5   BANK6   BANK7
  1510 ;;      Params:         0       0       0       0       0       0       0       0       0
  1511 ;;      Locals:         1       0       0       0       0       0       0       0       0
  1512 ;;      Temps:          0       0       0       0       0       0       0       0       0
  1513 ;;      Totals:         1       0       0       0       0       0       0       0       0
  1514 ;;Total ram usage:        1 bytes
  1515 ;; Hardware stack levels used: 1
  1516 ;; This function calls:
  1517 ;;		_I2C_Start
  1518 ;;		_I2C_Stop
  1519 ;;		_I2C_Write
  1520 ;; This function is called by:
  1521 ;;		_OLED_Clear
  1522 ;;		_OLED_SetCursor
  1523 ;;		_OLED_Init
  1524 ;; This function uses a non-reentrant model
  1525 ;;
  1526                           
  1527                           	psect	text7
  1528   000B16                     __ptext7:
  1529                           	callstack 0
  1530   000B16                     _OLED_Comando:
  1531                           	callstack 28
  1532                           
  1533                           ;incstack = 0
  1534                           ;OLED_Comando@cmd stored from wreg
  1535   000B16  6E03               	movwf	OLED_Comando@cmd^0,c
  1536   000B18                     
  1537                           ;oled.c: 44:     I2C_Start(0x78);
  1538   000B18  0E78               	movlw	120
  1539   000B1A  EC4A  F005         	call	_I2C_Start
  1540                           
  1541                           ;oled.c: 45:     I2C_Write(0x00);
  1542   000B1E  0E00               	movlw	0
  1543   000B20  EC70  F005         	call	_I2C_Write
  1544                           
  1545                           ;oled.c: 46:     I2C_Write(cmd);
  1546   000B24  5003               	movf	OLED_Comando@cmd^0,w,c
  1547   000B26  EC70  F005         	call	_I2C_Write
  1548                           
  1549                           ;oled.c: 47:     I2C_Stop();
  1550   000B2A  EC98  F005         	call	_I2C_Stop	;wreg free
  1551   000B2E  0012               	return		;funcret
  1552   000B30                     __end_of_OLED_Comando:
  1553                           	callstack 0
  1554                           
  1555 ;; *************** function _I2C_Write *****************
  1556 ;; Defined at:
  1557 ;;		line 20 in file "i2c.c"
  1558 ;; Parameters:    Size  Location     Type
  1559 ;;  data            1    wreg     unsigned char 
  1560 ;; Auto vars:     Size  Location     Type
  1561 ;;  data            1    1[COMRAM] unsigned char 
  1562 ;; Return value:  Size  Location     Type
  1563 ;;                  1    wreg      void 
  1564 ;; Registers used:
  1565 ;;		wreg, status,2, status,0, cstack
  1566 ;; Tracked objects:
  1567 ;;		On entry : 0/0
  1568 ;;		On exit  : 0/0
  1569 ;;		Unchanged: 0/0
  1570 ;; Data sizes:     COMRAM   BANK0   BANK1   BANK2   BANK3   BANK4   BANK5   BANK6   BANK7
  1571 ;;      Params:         0       0       0       0       0       0       0       0       0
  1572 ;;      Locals:         1       0       0       0       0       0       0       0       0
  1573 ;;      Temps:          0       0       0       0       0       0       0       0       0
  1574 ;;      Totals:         1       0       0       0       0       0       0       0       0
  1575 ;;Total ram usage:        1 bytes
  1576 ;; Hardware stack levels used: 1
  1577 ;; This function calls:
  1578 ;;		_I2C_Ready
  1579 ;; This function is called by:
  1580 ;;		_OLED_Comando
  1581 ;;		_OLED_Dato
  1582 ;; This function uses a non-reentrant model
  1583 ;;
  1584                           
  1585                           	psect	text8
  1586   000AE0                     __ptext8:
  1587                           	callstack 0
  1588   000AE0                     _I2C_Write:
  1589                           	callstack 27
  1590                           
  1591                           ;incstack = 0
  1592                           ;I2C_Write@data stored from wreg
  1593   000AE0  6E02               	movwf	I2C_Write@data^0,c
  1594   000AE2                     
  1595                           ;i2c.c: 21:     I2C_Ready();
  1596   000AE2  EC33  F005         	call	_I2C_Ready	;wreg free
  1597   000AE6                     
  1598                           ;i2c.c: 22:     SSPBUF = data;
  1599   000AE6  C002  FFC9         	movff	I2C_Write@data,4041	;volatile
  1600   000AEA                     l38:
  1601   000AEA  A69E               	btfss	158,3,c	;volatile
  1602   000AEC  EF7A  F005         	goto	u51
  1603   000AF0  EF7C  F005         	goto	u50
  1604   000AF4                     u51:
  1605   000AF4  EF75  F005         	goto	l38
  1606   000AF8                     u50:
  1607   000AF8                     
  1608                           ;i2c.c: 24:     PIR1bits.SSPIF = 0;
  1609   000AF8  969E               	bcf	158,3,c	;volatile
  1610   000AFA  0012               	return		;funcret
  1611   000AFC                     __end_of_I2C_Write:
  1612                           	callstack 0
  1613                           
  1614 ;; *************** function _I2C_Stop *****************
  1615 ;; Defined at:
  1616 ;;		line 27 in file "i2c.c"
  1617 ;; Parameters:    Size  Location     Type
  1618 ;;		None
  1619 ;; Auto vars:     Size  Location     Type
  1620 ;;		None
  1621 ;; Return value:  Size  Location     Type
  1622 ;;                  1    wreg      void 
  1623 ;; Registers used:
  1624 ;;		wreg, status,2, status,0, cstack
  1625 ;; Tracked objects:
  1626 ;;		On entry : 0/0
  1627 ;;		On exit  : 0/0
  1628 ;;		Unchanged: 0/0
  1629 ;; Data sizes:     COMRAM   BANK0   BANK1   BANK2   BANK3   BANK4   BANK5   BANK6   BANK7
  1630 ;;      Params:         0       0       0       0       0       0       0       0       0
  1631 ;;      Locals:         0       0       0       0       0       0       0       0       0
  1632 ;;      Temps:          0       0       0       0       0       0       0       0       0
  1633 ;;      Totals:         0       0       0       0       0       0       0       0       0
  1634 ;;Total ram usage:        0 bytes
  1635 ;; Hardware stack levels used: 1
  1636 ;; This function calls:
  1637 ;;		_I2C_Ready
  1638 ;; This function is called by:
  1639 ;;		_OLED_Comando
  1640 ;;		_OLED_Dato
  1641 ;; This function uses a non-reentrant model
  1642 ;;
  1643                           
  1644                           	psect	text9
  1645   000B30                     __ptext9:
  1646                           	callstack 0
  1647   000B30                     _I2C_Stop:
  1648                           	callstack 27
  1649   000B30                     
  1650                           ;i2c.c: 28:     I2C_Ready();
  1651   000B30  EC33  F005         	call	_I2C_Ready	;wreg free
  1652   000B34                     
  1653                           ;i2c.c: 29:     SSPCON2bits.PEN = 1;
  1654   000B34  84C5               	bsf	197,2,c	;volatile
  1655   000B36                     l44:
  1656   000B36  B4C5               	btfsc	197,2,c	;volatile
  1657   000B38  EFA0  F005         	goto	u61
  1658   000B3C  EFA2  F005         	goto	u60
  1659   000B40                     u61:
  1660   000B40  EF9B  F005         	goto	l44
  1661   000B44                     u60:
  1662   000B44                     
  1663                           ;i2c.c: 31:     PIR1bits.SSPIF = 0;
  1664   000B44  969E               	bcf	158,3,c	;volatile
  1665   000B46  0012               	return		;funcret
  1666   000B48                     __end_of_I2C_Stop:
  1667                           	callstack 0
  1668                           
  1669 ;; *************** function _I2C_Start *****************
  1670 ;; Defined at:
  1671 ;;		line 11 in file "i2c.c"
  1672 ;; Parameters:    Size  Location     Type
  1673 ;;  addr            1    wreg     unsigned char 
  1674 ;; Auto vars:     Size  Location     Type
  1675 ;;  addr            1    1[COMRAM] unsigned char 
  1676 ;; Return value:  Size  Location     Type
  1677 ;;                  1    wreg      void 
  1678 ;; Registers used:
  1679 ;;		wreg, status,2, status,0, cstack
  1680 ;; Tracked objects:
  1681 ;;		On entry : 0/0
  1682 ;;		On exit  : 0/0
  1683 ;;		Unchanged: 0/0
  1684 ;; Data sizes:     COMRAM   BANK0   BANK1   BANK2   BANK3   BANK4   BANK5   BANK6   BANK7
  1685 ;;      Params:         0       0       0       0       0       0       0       0       0
  1686 ;;      Locals:         1       0       0       0       0       0       0       0       0
  1687 ;;      Temps:          0       0       0       0       0       0       0       0       0
  1688 ;;      Totals:         1       0       0       0       0       0       0       0       0
  1689 ;;Total ram usage:        1 bytes
  1690 ;; Hardware stack levels used: 1
  1691 ;; This function calls:
  1692 ;;		_I2C_Ready
  1693 ;; This function is called by:
  1694 ;;		_OLED_Comando
  1695 ;;		_OLED_Dato
  1696 ;; This function uses a non-reentrant model
  1697 ;;
  1698                           
  1699                           	psect	text10
  1700   000A94                     __ptext10:
  1701                           	callstack 0
  1702   000A94                     _I2C_Start:
  1703                           	callstack 27
  1704                           
  1705                           ;incstack = 0
  1706                           ;I2C_Start@addr stored from wreg
  1707   000A94  6E02               	movwf	I2C_Start@addr^0,c
  1708   000A96                     
  1709                           ;i2c.c: 12:     I2C_Ready();
  1710   000A96  EC33  F005         	call	_I2C_Ready	;wreg free
  1711   000A9A                     
  1712                           ;i2c.c: 13:     SSPCON2bits.SEN = 1;
  1713   000A9A  80C5               	bsf	197,0,c	;volatile
  1714   000A9C                     l29:
  1715   000A9C  B0C5               	btfsc	197,0,c	;volatile
  1716   000A9E  EF53  F005         	goto	u31
  1717   000AA2  EF55  F005         	goto	u30
  1718   000AA6                     u31:
  1719   000AA6  EF4E  F005         	goto	l29
  1720   000AAA                     u30:
  1721   000AAA                     
  1722                           ;i2c.c: 15:     SSPBUF = addr;
  1723   000AAA  C002  FFC9         	movff	I2C_Start@addr,4041	;volatile
  1724   000AAE                     l32:
  1725   000AAE  A69E               	btfss	158,3,c	;volatile
  1726   000AB0  EF5C  F005         	goto	u41
  1727   000AB4  EF5E  F005         	goto	u40
  1728   000AB8                     u41:
  1729   000AB8  EF57  F005         	goto	l32
  1730   000ABC                     u40:
  1731   000ABC                     
  1732                           ;i2c.c: 17:     PIR1bits.SSPIF = 0;
  1733   000ABC  969E               	bcf	158,3,c	;volatile
  1734   000ABE  0012               	return		;funcret
  1735   000AC0                     __end_of_I2C_Start:
  1736                           	callstack 0
  1737                           
  1738 ;; *************** function _I2C_Ready *****************
  1739 ;; Defined at:
  1740 ;;		line 6 in file "i2c.c"
  1741 ;; Parameters:    Size  Location     Type
  1742 ;;		None
  1743 ;; Auto vars:     Size  Location     Type
  1744 ;;		None
  1745 ;; Return value:  Size  Location     Type
  1746 ;;                  1    wreg      void 
  1747 ;; Registers used:
  1748 ;;		wreg, status,2, status,0
  1749 ;; Tracked objects:
  1750 ;;		On entry : 0/0
  1751 ;;		On exit  : 0/0
  1752 ;;		Unchanged: 0/0
  1753 ;; Data sizes:     COMRAM   BANK0   BANK1   BANK2   BANK3   BANK4   BANK5   BANK6   BANK7
  1754 ;;      Params:         0       0       0       0       0       0       0       0       0
  1755 ;;      Locals:         0       0       0       0       0       0       0       0       0
  1756 ;;      Temps:          1       0       0       0       0       0       0       0       0
  1757 ;;      Totals:         1       0       0       0       0       0       0       0       0
  1758 ;;Total ram usage:        1 bytes
  1759 ;; Hardware stack levels used: 1
  1760 ;; This function calls:
  1761 ;;		Nothing
  1762 ;; This function is called by:
  1763 ;;		_I2C_Start
  1764 ;;		_I2C_Write
  1765 ;;		_I2C_Stop
  1766 ;;		_I2C_Read
  1767 ;;		_I2C_Restart
  1768 ;; This function uses a non-reentrant model
  1769 ;;
  1770                           
  1771                           	psect	text11
  1772   000A66                     __ptext11:
  1773                           	callstack 0
  1774   000A66                     _I2C_Ready:
  1775                           	callstack 26
  1776   000A66                     l23:
  1777   000A66  B0C7               	btfsc	199,0,c	;volatile
  1778   000A68  EF38  F005         	goto	u11
  1779   000A6C  EF3A  F005         	goto	u10
  1780   000A70                     u11:
  1781   000A70  EF33  F005         	goto	l23
  1782   000A74                     u10:
  1783   000A74  CFC5 F001          	movff	4037,??_I2C_Ready	;volatile
  1784   000A78  0E1F               	movlw	31
  1785   000A7A  1601               	andwf	??_I2C_Ready^0,f,c
  1786   000A7C  A4D8               	btfss	status,2,c
  1787   000A7E  EF43  F005         	goto	u21
  1788   000A82  EF45  F005         	goto	u20
  1789   000A86                     u21:
  1790   000A86  EF33  F005         	goto	l23
  1791   000A8A                     u20:
  1792   000A8A                     
  1793                           ;i2c.c: 8:     _delay((unsigned long)((5)*(8000000/4000000.0)));
  1794   000A8A  0E03               	movlw	3
  1795   000A8C                     u207:
  1796   000A8C  2EE8               	decfsz	wreg,f,c
  1797   000A8E  D7FE               	bra	u207
  1798   000A90  0000               	nop	
  1799   000A92  0012               	return		;funcret
  1800   000A94                     __end_of_I2C_Ready:
  1801                           	callstack 0
  1802                           
  1803 ;; *************** function _I2C_Init *****************
  1804 ;; Defined at:
  1805 ;;		line 34 in file "i2c.c"
  1806 ;; Parameters:    Size  Location     Type
  1807 ;;		None
  1808 ;; Auto vars:     Size  Location     Type
  1809 ;;		None
  1810 ;; Return value:  Size  Location     Type
  1811 ;;                  1    wreg      void 
  1812 ;; Registers used:
  1813 ;;		wreg, status,2
  1814 ;; Tracked objects:
  1815 ;;		On entry : 0/0
  1816 ;;		On exit  : 0/0
  1817 ;;		Unchanged: 0/0
  1818 ;; Data sizes:     COMRAM   BANK0   BANK1   BANK2   BANK3   BANK4   BANK5   BANK6   BANK7
  1819 ;;      Params:         0       0       0       0       0       0       0       0       0
  1820 ;;      Locals:         0       0       0       0       0       0       0       0       0
  1821 ;;      Temps:          0       0       0       0       0       0       0       0       0
  1822 ;;      Totals:         0       0       0       0       0       0       0       0       0
  1823 ;;Total ram usage:        0 bytes
  1824 ;; Hardware stack levels used: 1
  1825 ;; This function calls:
  1826 ;;		Nothing
  1827 ;; This function is called by:
  1828 ;;		_main
  1829 ;; This function uses a non-reentrant model
  1830 ;;
  1831                           
  1832                           	psect	text12
  1833   000B48                     __ptext12:
  1834                           	callstack 0
  1835   000B48                     _I2C_Init:
  1836                           	callstack 30
  1837   000B48                     
  1838                           ;i2c.c: 35:     TRISBbits.TRISB0 = 1;
  1839   000B48  8093               	bsf	147,0,c	;volatile
  1840                           
  1841                           ;i2c.c: 36:     TRISBbits.TRISB1 = 1;
  1842   000B4A  8293               	bsf	147,1,c	;volatile
  1843   000B4C                     
  1844                           ;i2c.c: 37:     SSPSTAT = 0x80;
  1845   000B4C  0E80               	movlw	128
  1846   000B4E  6EC7               	movwf	199,c	;volatile
  1847                           
  1848                           ;i2c.c: 38:     SSPCON1 = 0x28;
  1849   000B50  0E28               	movlw	40
  1850   000B52  6EC6               	movwf	198,c	;volatile
  1851   000B54                     
  1852                           ;i2c.c: 39:     SSPCON2 = 0x00;
  1853   000B54  6AC5               	clrf	197,c	;volatile
  1854                           
  1855                           ;i2c.c: 40:     SSPADD = 19;
  1856   000B56  0E13               	movlw	19
  1857   000B58  6EC8               	movwf	200,c	;volatile
  1858   000B5A                     
  1859                           ;i2c.c: 41:     PIR1bits.SSPIF = 0;
  1860   000B5A  969E               	bcf	158,3,c	;volatile
  1861   000B5C  0012               	return		;funcret
  1862   000B5E                     __end_of_I2C_Init:
  1863                           	callstack 0
  1864                           
  1865                           	psect	rparam
  1866   000001                     ___rparam_used  equ	1
  1867   000000                     ___param_bank   equ	0
  1868   000000                     __Lparam        equ	__Lrparam
  1869   000000                     __Hparam        equ	__Hrparam
  1870                           
  1871                           	psect	config
  1872                           
  1873                           ;Config register CONFIG1L @ 0x300000
  1874                           ;	unspecified, using default values
  1875                           ;	PLL Prescaler Selection bits
  1876                           ;	PLLDIV = 0x0, unprogrammed default
  1877                           ;	System Clock Postscaler Selection bits
  1878                           ;	CPUDIV = 0x0, unprogrammed default
  1879                           ;	USB Clock Selection bit (used in Full-Speed USB mode only; UCFG:FSEN = 1)
  1880                           ;	USBDIV = 0x0, unprogrammed default
  1881   300000                     	org	3145728
  1882   300000  00                 	db	0
  1883                           
  1884                           ;Config register CONFIG1H @ 0x300001
  1885                           ;	Oscillator Selection bits
  1886                           ;	FOSC = HS, HS oscillator (HS)
  1887                           ;	Fail-Safe Clock Monitor Enable bit
  1888                           ;	FCMEN = 0x0, unprogrammed default
  1889                           ;	Internal/External Oscillator Switchover bit
  1890                           ;	IESO = 0x0, unprogrammed default
  1891   300001                     	org	3145729
  1892   300001  0C                 	db	12
  1893                           
  1894                           ;Config register CONFIG2L @ 0x300002
  1895                           ;	unspecified, using default values
  1896                           ;	Power-up Timer Enable bit
  1897                           ;	PWRT = 0x1, unprogrammed default
  1898                           ;	Brown-out Reset Enable bits
  1899                           ;	BOR = 0x3, unprogrammed default
  1900                           ;	Brown-out Reset Voltage bits
  1901                           ;	BORV = 0x3, unprogrammed default
  1902                           ;	USB Voltage Regulator Enable bit
  1903                           ;	VREGEN = 0x0, unprogrammed default
  1904   300002                     	org	3145730
  1905   300002  1F                 	db	31
  1906                           
  1907                           ;Config register CONFIG2H @ 0x300003
  1908                           ;	Watchdog Timer Enable bit
  1909                           ;	WDT = OFF, WDT disabled (control is placed on the SWDTEN bit)
  1910                           ;	Watchdog Timer Postscale Select bits
  1911                           ;	WDTPS = 0xF, unprogrammed default
  1912   300003                     	org	3145731
  1913   300003  1E                 	db	30
  1914                           
  1915                           ; Padding undefined space
  1916   300004                     	org	3145732
  1917   300004  FF                 	db	255
  1918                           
  1919                           ;Config register CONFIG3H @ 0x300005
  1920                           ;	CCP2 MUX bit
  1921                           ;	CCP2MX = 0x1, unprogrammed default
  1922                           ;	PORTB A/D Enable bit
  1923                           ;	PBADEN = OFF, PORTB<4:0> pins are configured as digital I/O on Reset
  1924                           ;	Low-Power Timer 1 Oscillator Enable bit
  1925                           ;	LPT1OSC = 0x0, unprogrammed default
  1926                           ;	MCLR Pin Enable bit
  1927                           ;	MCLRE = 0x1, unprogrammed default
  1928   300005                     	org	3145733
  1929   300005  81                 	db	129
  1930                           
  1931                           ;Config register CONFIG4L @ 0x300006
  1932                           ;	Stack Full/Underflow Reset Enable bit
  1933                           ;	STVREN = 0x1, unprogrammed default
  1934                           ;	Single-Supply ICSP Enable bit
  1935                           ;	LVP = OFF, Single-Supply ICSP disabled
  1936                           ;	Dedicated In-Circuit Debug/Programming Port (ICPORT) Enable bit
  1937                           ;	ICPRT = 0x0, unprogrammed default
  1938                           ;	Extended Instruction Set Enable bit
  1939                           ;	XINST = 0x0, unprogrammed default
  1940                           ;	Background Debugger Enable bit
  1941                           ;	DEBUG = 0x1, unprogrammed default
  1942   300006                     	org	3145734
  1943   300006  81                 	db	129
  1944                           
  1945                           ; Padding undefined space
  1946   300007                     	org	3145735
  1947   300007  FF                 	db	255
  1948                           tosu	equ	0xFFF
  1949                           tosh	equ	0xFFE
  1950                           tosl	equ	0xFFD
  1951                           stkptr	equ	0xFFC
  1952                           pclatu	equ	0xFFB
  1953                           pclath	equ	0xFFA
  1954                           pcl	equ	0xFF9
  1955                           tblptru	equ	0xFF8
  1956                           tblptrh	equ	0xFF7
  1957                           tblptrl	equ	0xFF6
  1958                           tablat	equ	0xFF5
  1959                           prodh	equ	0xFF4
  1960                           prodl	equ	0xFF3
  1961                           indf0	equ	0xFEF
  1962                           postinc0	equ	0xFEE
  1963                           postdec0	equ	0xFED
  1964                           preinc0	equ	0xFEC
  1965                           plusw0	equ	0xFEB
  1966                           fsr0h	equ	0xFEA
  1967                           fsr0l	equ	0xFE9
  1968                           wreg	equ	0xFE8
  1969                           indf1	equ	0xFE7
  1970                           postinc1	equ	0xFE6
  1971                           postdec1	equ	0xFE5
  1972                           preinc1	equ	0xFE4
  1973                           plusw1	equ	0xFE3
  1974                           fsr1h	equ	0xFE2
  1975                           fsr1l	equ	0xFE1
  1976                           bsr	equ	0xFE0
  1977                           indf2	equ	0xFDF
  1978                           postinc2	equ	0xFDE
  1979                           postdec2	equ	0xFDD
  1980                           preinc2	equ	0xFDC
  1981                           plusw2	equ	0xFDB
  1982                           fsr2h	equ	0xFDA
  1983                           fsr2l	equ	0xFD9
  1984                           status	equ	0xFD8

Data Sizes:
    Strings     19
    Constant    130
    Data        0
    BSS         0
    Persistent  0
    Stack       0

Auto Spaces:
    Space          Size  Autos    Used
    COMRAM           95      9       9
    BANK0           160      0       0
    BANK1           256      0       0
    BANK2           256      0       0
    BANK3           256      0       0
    BANK4           256      0       0
    BANK5           256      0       0
    BANK6           256      0       0
    BANK7           256      0       0

Pointer List with Targets:

    OLED_String@texto	PTR const unsigned char  size(1) Largest target is 11
		 -> STR_1(CODE[11]), STR_2(CODE[8]), 


Critical Paths under _main in COMRAM

    _main->_OLED_String
    _OLED_String->_OLED_Char
    _OLED_SetCursor->_OLED_Comando
    _OLED_Char->_OLED_Dato
    _OLED_Init->_OLED_Clear
    _OLED_Clear->_OLED_Comando
    _OLED_Clear->_OLED_Dato
    _OLED_Dato->_I2C_Start
    _OLED_Dato->_I2C_Write
    _OLED_Comando->_I2C_Start
    _OLED_Comando->_I2C_Write
    _I2C_Write->_I2C_Ready
    _I2C_Stop->_I2C_Ready
    _I2C_Start->_I2C_Ready

Critical Paths under _main in BANK0

    None.

Critical Paths under _main in BANK1

    None.

Critical Paths under _main in BANK2

    None.

Critical Paths under _main in BANK3

    None.

Critical Paths under _main in BANK4

    None.

Critical Paths under _main in BANK5

    None.

Critical Paths under _main in BANK6

    None.

Critical Paths under _main in BANK7

    None.

Call Graph Tables:

 ---------------------------------------------------------------------------------
 (Depth) Function   	        Calls       Base Space   Used Autos Params    Refs
 ---------------------------------------------------------------------------------
 (0) _main                                                 0     0      0     729
                           _I2C_Init
                         _OLED_Clear
                          _OLED_Init
                        _OLED_String
 ---------------------------------------------------------------------------------
 (1) _OLED_String                                          3     1      2     354
                                              6 COMRAM     3     1      2
                          _OLED_Char
                     _OLED_SetCursor
 ---------------------------------------------------------------------------------
 (2) _OLED_SetCursor                                       2     1      1     119
                                              3 COMRAM     2     1      1
                       _OLED_Comando
 ---------------------------------------------------------------------------------
 (2) _OLED_Char                                            3     3      0     135
                                              3 COMRAM     3     3      0
                          _OLED_Dato
 ---------------------------------------------------------------------------------
 (1) _OLED_Init                                            2     2      0     210
                                              5 COMRAM     2     2      0
                         _OLED_Clear
                       _OLED_Comando
 ---------------------------------------------------------------------------------
 (2) _OLED_Clear                                           2     2      0     165
                                              3 COMRAM     2     2      0
                       _OLED_Comando
                          _OLED_Dato
 ---------------------------------------------------------------------------------
 (3) _OLED_Dato                                            1     1      0      45
                                              2 COMRAM     1     1      0
                          _I2C_Start
                           _I2C_Stop
                          _I2C_Write
 ---------------------------------------------------------------------------------
 (3) _OLED_Comando                                         1     1      0      45
                                              2 COMRAM     1     1      0
                          _I2C_Start
                           _I2C_Stop
                          _I2C_Write
 ---------------------------------------------------------------------------------
 (4) _I2C_Write                                            1     1      0      15
                                              1 COMRAM     1     1      0
                          _I2C_Ready
 ---------------------------------------------------------------------------------
 (4) _I2C_Stop                                             0     0      0       0
                          _I2C_Ready
 ---------------------------------------------------------------------------------
 (4) _I2C_Start                                            1     1      0      15
                                              1 COMRAM     1     1      0
                          _I2C_Ready
 ---------------------------------------------------------------------------------
 (5) _I2C_Ready                                            1     1      0       0
                                              0 COMRAM     1     1      0
 ---------------------------------------------------------------------------------
 (1) _I2C_Init                                             0     0      0       0
 ---------------------------------------------------------------------------------
 Estimated maximum stack depth 5
 ---------------------------------------------------------------------------------

 Call Graph Graphs:

 _main (ROOT)
   _I2C_Init
   _OLED_Clear
     _OLED_Comando
       _I2C_Start
         _I2C_Ready
       _I2C_Stop
         _I2C_Ready
       _I2C_Write
         _I2C_Ready
     _OLED_Dato
       _I2C_Start
       _I2C_Stop
       _I2C_Write
   _OLED_Init
     _OLED_Clear
     _OLED_Comando
   _OLED_String
     _OLED_Char
       _OLED_Dato
     _OLED_SetCursor
       _OLED_Comando

Address spaces:
Name               Size   Autos  Total    Usage
BITCOMRAM           95      0       0      0.0%
BITBANK0           160      0       0      0.0%
BITBANK1           256      0       0      0.0%
BITBANK2           256      0       0      0.0%
BITBANK3           256      0       0      0.0%
BITBANK4           256      0       0      0.0%
BITBANK5           256      0       0      0.0%
BITBANK6           256      0       0      0.0%
BITBANK7           256      0       0      0.0%
BITBIGSFRh          56      0       0      0.0%
BITBIGSFRlll        51      0       0      0.0%
BITBIGSFRlh         40      0       0      0.0%
BITBIGSFRllh        10      0       0      0.0%
COMRAM              95      9       9      9.5%
BANK0              160      0       0      0.0%
BANK1              256      0       0      0.0%
BANK2              256      0       0      0.0%
BANK3              256      0       0      0.0%
BANK4              256      0       0      0.0%
BANK5              256      0       0      0.0%
BANK6              256      0       0      0.0%
BANK7              256      0       0      0.0%
BIGRAM            2047      0       0      0.0%
STACK                0      0       0      0.0%
DATA                 0      0       9      0.0%


Microchip Technology PIC18 Macro Assembler V3.10 build 20250813170317 
Symbol Table                                                                                   Thu Apr 30 10:01:03 2026

            _SSPSTATbits 0FC7                       l23 0A66                       l31 0AAA  
                     l32 0AAE                       l40 0AF8                       l41 0AFA  
                     l50 0B5C                       l26 0A92                       l34 0ABC  
                     l35 0ABE                       l44 0B36                       l29 0A9C  
                     l46 0B44                       l38 0AEA                       l47 0B46  
                     l91 0B2E                       l75 0A5E                       l76 0A5E  
                     l94 0B14                       u10 0A74                       u11 0A70  
                     u20 0A8A                       u21 0A86                       u30 0AAA  
                     u31 0AA6                       u40 0ABC                       u41 0AB8  
                     u50 0AF8                       u51 0AF4                       u60 0B44  
                     u61 0B40                       u70 09EA                       u71 09E6  
                     u80 09FC                       u81 09F8                       u90 096E  
                     u91 096A                      l101 09FC                      l104 0ADE  
                    l121 0A34                      l107 095A                      l115 09B8  
                    l911 0A8A                      l913 0A96                      l921 0B30  
                    l907 0A66                      l915 0A9A                      l923 0B34  
                    l909 0A74                      l917 0AE2                      l925 0B18  
                    l919 0AE6                      l927 0AFE                      l951 09EC  
                    l943 09D2                      l935 09BC                      l945 09D8  
                    l937 09D0                      l929 09BA                      l961 0982  
                    l947 09DA                      l971 09A2                      l955 095E  
                    l981 0B5A                      l949 09EA                      l973 09B2  
                    l957 096E                      l975 0B48                      l991 08C2  
                    l983 0898                      l967 0984                      l959 097E  
                    l977 0B4C                      l993 08C8                      l985 08B0  
                    l969 09A0                      l979 0B54                      l995 08CE  
                    l987 08B6                      l997 08D4                      l989 08BC  
                    l999 08DA                      u100 097E                      u101 097A  
                    u110 09B2                      u111 09AE                      u207 0A8C  
                    u170 0A34                      u171 0A30                      u187 08A2  
                    u197 094C         ??_OLED_SetCursor 0005                      wreg 0FE8  
                   l1001 08E0                     l1011 08FE                     l1003 08E6  
                   l1021 091C                     l1013 0904                     l1005 08EC  
                   l1031 093A                     l1023 0922                     l1015 090A  
                   l1007 08F2                     l1033 0940                     l1025 0928  
                   l1017 0910                     l1009 08F8                     l1035 0946  
                   l1027 092E                     l1019 0916                     l1029 0934  
                   l1071 0AC2                     l1073 0A00                     l1081 0A36  
                   l1075 0A0E                     l1083 0A3A                     l1077 0A1A  
                   l1085 0A3E                     l1079 0A1C                     l1087 0A42  
                   l1089 0A50                     STR_1 0883                     STR_2 088E  
            ?_OLED_Clear 0001                     _main 0A36         __end_of_I2C_Init 0B5E  
       __end_of_I2C_Stop 0B48                     prodl 0FF3                     start 7FFC  
           ___param_bank 0000                    ?_main 0001          __end_of_font5x8 0883  
           ?_OLED_String 0007        __end_of_I2C_Ready 0A94        __end_of_I2C_Start 0AC0  
      __end_of_I2C_Write 0AFC                    tablat 0FF5                    status 0FD8  
        __initialization 0B5E             __end_of_main 0A66                   ??_main 000A  
          __activetblptr 0001        __end_of_OLED_Char 09BA        __end_of_OLED_Dato 0B16  
      __end_of_OLED_Init 095C            ?_OLED_Comando 0001                   _SSPADD 0FC8  
                 _SSPBUF 0FC9              OLED_Clear@i 0005              OLED_Clear@j 0004  
                 isa$std 0001                ?_I2C_Init 0001                ?_I2C_Stop 0001  
           __mediumconst 0800                   tblptrh 0FF7                   tblptrl 0FF6  
                 tblptru 0FF8           ??_OLED_Comando 0003               __accesstop 0060  
__end_of__initialization 0B5E            ___rparam_used 0001           __pcstackCOMRAM 0001  
             ??_I2C_Init 0001               ??_I2C_Stop 0002             ??_OLED_Clear 0004  
     __end_of_OLED_Clear 09FE                  _SSPCON1 0FC6                  _SSPCON2 0FC5  
                _SSPSTAT 0FC7                _I2C_Ready 0A66                _I2C_Start 0A94  
              _I2C_Write 0AE0        OLED_String@pagina 0009                  __Hparam 0000  
                __Lparam 0000             __psmallconst 0800                  __pcinit 0B5E  
   __end_of_OLED_Comando 0B30                  __ramtop 0800                  __ptext0 0A36  
                __ptext1 09FE                  __ptext2 0AC0                  __ptext3 095C  
                __ptext4 0898                  __ptext5 09BA                  __ptext6 0AFC  
                __ptext7 0B16                  __ptext8 0AE0                  __ptext9 0B30  
                _font5x8 0801     end_of_initialization 0B5E               ?_I2C_Ready 0001  
              _OLED_Char 095C                _OLED_Dato 0AFC                _OLED_Init 0898  
             ?_I2C_Start 0001               ?_I2C_Write 0001                _TRISBbits 0F93  
        OLED_Comando@cmd 0003               ?_OLED_Char 0001               ?_OLED_Dato 0001  
             ?_OLED_Init 0001      start_initialization 0B5E              ??_I2C_Ready 0001  
            ??_I2C_Start 0002              ??_I2C_Write 0002               OLED_Char@c 0005  
             OLED_Char@i 0006            ??_OLED_String 0009     OLED_SetCursor@pagina 0005  
         _OLED_SetCursor 0AC0             _OLED_Comando 0B16              ??_OLED_Char 0004  
            ??_OLED_Dato 0003              ??_OLED_Init 0006              __smallconst 0800  
               _I2C_Init 0B48                 _I2C_Stop 0B30         OLED_String@texto 0008  
      OLED_SetCursor@col 0004   __end_of_OLED_SetCursor 0AE0      __end_of_OLED_String 0A36  
               _PIR1bits 0F9E            I2C_Start@addr 0002          ?_OLED_SetCursor 0004  
               __Hrparam 0000                 __Lrparam 0000             __Lsmallconst 0800  
          I2C_Write@data 0002              _OLED_String 09FE                 __ptext10 0A94  
               __ptext11 0A66                 __ptext12 0B48            OLED_Dato@dato 0003  
               isa$xinst 0000               _OLED_Clear 09BA           OLED_String@col 0007  
            _SSPCON2bits 0FC5  
