

Microchip MPLAB XC8 Assembler V3.10 build 20250813170317 
                                                                                               Thu Apr 30 12:12:57 2026

Microchip MPLAB XC8 C Compiler v3.10 (Free license) build 20250813170317 Og1 
     1                           	processor	18F4550
     2                           	fnconf	rparam,??,?,0
     3                           	pagewidth 120
     4                           	opt	flic
     5                           	psect	idataBANK0,global,class=CODE,space=0,delta=1,noexec
     6                           	psect	mediumconst,global,reloc=2,class=MEDIUMCONST,space=0,delta=1,noexec
     7                           	psect	cinit,global,reloc=2,class=CODE,space=0,delta=1
     8                           	psect	bssCOMRAM,global,class=COMRAM,space=1,delta=1,lowdata,noexec
     9                           	psect	bssBANK0,global,class=BANK0,space=1,delta=1,lowdata,noexec
    10                           	psect	dataBANK0,global,class=BANK0,space=1,delta=1,lowdata,noexec
    11                           	psect	cstackCOMRAM,global,class=COMRAM,space=1,delta=1,lowdata,noexec
    12                           	psect	text0,global,reloc=2,class=CODE,space=0,delta=1
    13                           	psect	text1,global,reloc=2,class=CODE,space=0,delta=1
    14                           	psect	text2,global,reloc=2,class=CODE,space=0,delta=1,group=1
    15                           	psect	text3,global,reloc=2,class=CODE,space=0,delta=1
    16                           	psect	text4,global,reloc=2,class=CODE,space=0,delta=1,group=1
    17                           	psect	text5,global,reloc=2,class=CODE,space=0,delta=1,group=1
    18                           	psect	text6,global,reloc=2,class=CODE,space=0,delta=1
    19                           	psect	text7,global,reloc=2,class=CODE,space=0,delta=1
    20                           	psect	text8,global,reloc=2,class=CODE,space=0,delta=1
    21                           	psect	text9,global,reloc=2,class=CODE,space=0,delta=1
    22                           	psect	text10,global,reloc=2,class=CODE,space=0,delta=1
    23                           	psect	text11,global,reloc=2,class=CODE,space=0,delta=1
    24                           	psect	text12,global,reloc=2,class=CODE,space=0,delta=1
    25                           	psect	text13,global,reloc=2,class=CODE,space=0,delta=1
    26                           	psect	text14,global,reloc=2,class=CODE,space=0,delta=1
    27                           	psect	text15,global,reloc=2,class=CODE,space=0,delta=1
    28                           	psect	text16,global,reloc=2,class=CODE,space=0,delta=1
    29                           	psect	text17,global,reloc=2,class=CODE,space=0,delta=1
    30                           	psect	text18,global,reloc=2,class=CODE,space=0,delta=1
    31                           	psect	text19,global,reloc=2,class=CODE,space=0,delta=1,group=1
    32                           	psect	text20,global,reloc=2,class=CODE,space=0,delta=1
    33                           	psect	text21,global,reloc=2,class=CODE,space=0,delta=1
    34                           	psect	text22,global,reloc=2,class=CODE,space=0,delta=1
    35                           	psect	text23,global,reloc=2,class=CODE,space=0,delta=1
    36                           	psect	text24,global,reloc=2,class=CODE,space=0,delta=1
    37                           	psect	text25,global,reloc=2,class=CODE,space=0,delta=1
    38                           	psect	text26,global,reloc=2,class=CODE,space=0,delta=1
    39                           	psect	text27,global,reloc=2,class=CODE,space=0,delta=1
    40                           	psect	text28,global,reloc=2,class=CODE,space=0,delta=1
    41                           	psect	intsave_regs,global,class=BIGRAM,space=1,delta=1,noexec
    42                           	psect	rparam,global,class=COMRAM,space=1,delta=1,noexec
    43                           	psect	config,global,abs,ovrld,class=CONFIG,space=4,delta=1,noexec
    44   000000                     
    45                           ; Generated 17/01/2025 GMT
    46                           ; 
    47                           ; Copyright © 2025, Microchip Technology Inc. and its subsidiaries ("Microchip")
    48                           ; All rights reserved.
    49                           ; 
    50                           ; This software is developed by Microchip Technology Inc. and its subsidiaries ("Microch
      +                          ip").
    51                           ; 
    52                           ; Redistribution and use in source and binary forms, with or without modification, are
    53                           ; permitted provided that the following conditions are met:
    54                           ; 
    55                           ;     1. Redistributions of source code must retain the above copyright notice, this lis
      +                          t of
    56                           ;        conditions and the following disclaimer.
    57                           ; 
    58                           ;     2. Redistributions in binary form must reproduce the above copyright notice, this 
      +                          list
    59                           ;        of conditions and the following disclaimer in the documentation and/or other
    60                           ;        materials provided with the distribution. Publication is not required when
    61                           ;        this file is used in an embedded application.
    62                           ; 
    63                           ;     3. Microchip's name may not be used to endorse or promote products derived from th
      +                          is
    64                           ;        software without specific prior written permission.
    65                           ; 
    66                           ; THIS SOFTWARE IS PROVIDED BY MICROCHIP "AS IS" AND ANY EXPRESS OR IMPLIED WARRANTIES,
    67                           ; INCLUDING, BUT NOT LIMITED TO, THE IMPLIED WARRANTIES OF MERCHANTABILITY AND FITNESS F
      +                          OR
    68                           ; PURPOSE ARE DISCLAIMED.  IN NO EVENT SHALL MICROCHIP BE LIABLE FOR ANY DIRECT, INDIREC
      +                          T,
    69                           ; INCIDENTAL, SPECIAL, EXEMPLARY, OR CONSEQUENTIAL DAMAGES (INCLUDING BUT NOT LIMITED TO
    70                           ; PROCUREMENT OF SUBSTITUTE GOODS OR SERVICES; LOSS OF USE, DATA OR PROFITS; OR BUSINESS
    71                           ; INTERRUPTION) HOWSOEVER CAUSED AND ON ANY THEORY OF LIABILITY, WHETHER IN CONTRACT, ST
      +                          RICT
    72                           ; LIABILITY, OR TORT (INCLUDING NEGLIGENCE OR OTHERWISE) ARISING IN ANY WAY OUT OF THE U
      +                          SE OF
    73                           ; THIS SOFTWARE, EVEN IF ADVISED OF THE POSSIBILITY OF SUCH DAMAGE.
    74                           ; 
    75                           ; 
    76                           ; Code-generator required, PIC18F4550 Definitions
    77                           ; 
    78                           ; SFR Addresses
    79   000FE0                     bsr             equ	4064
    80   000FE9                     fsr0            equ	4073
    81   000FEA                     fsr0h           equ	4074
    82   000FE9                     fsr0l           equ	4073
    83   000FE1                     fsr1            equ	4065
    84   000FE2                     fsr1h           equ	4066
    85   000FE1                     fsr1l           equ	4065
    86   000FD9                     fsr2            equ	4057
    87   000FDA                     fsr2h           equ	4058
    88   000FD9                     fsr2l           equ	4057
    89   000FEF                     indf0           equ	4079
    90   000FE7                     indf1           equ	4071
    91   000FDF                     indf2           equ	4063
    92   000FF2                     intcon          equ	4082
    93   000000                     nvmcon          equ	0
    94   000FF9                     pcl             equ	4089
    95   000FFA                     pclath          equ	4090
    96   000FFB                     pclatu          equ	4091
    97   000FEB                     plusw0          equ	4075
    98   000FE3                     plusw1          equ	4067
    99   000FDB                     plusw2          equ	4059
   100   000FED                     postdec0        equ	4077
   101   000FE5                     postdec1        equ	4069
   102   000FDD                     postdec2        equ	4061
   103   000FEE                     postinc0        equ	4078
   104   000FE6                     postinc1        equ	4070
   105   000FDE                     postinc2        equ	4062
   106   000FEC                     preinc0         equ	4076
   107   000FE4                     preinc1         equ	4068
   108   000FDC                     preinc2         equ	4060
   109   000FF3                     prod            equ	4083
   110   000FF4                     prodh           equ	4084
   111   000FF3                     prodl           equ	4083
   112   000FD8                     status          equ	4056
   113   000FF5                     tablat          equ	4085
   114   000FF6                     tblptr          equ	4086
   115   000FF7                     tblptrh         equ	4087
   116   000FF6                     tblptrl         equ	4086
   117   000FF8                     tblptru         equ	4088
   118   000FFD                     tosl            equ	4093
   119   000FE8                     wreg            equ	4072
   120   000F62                     SPPDATA         equ	3938	;# 
   121   000F63                     SPPCFG          equ	3939	;# 
   122   000F64                     SPPEPS          equ	3940	;# 
   123   000F65                     SPPCON          equ	3941	;# 
   124   000F66                     UFRM            equ	3942	;# 
   125   000F66                     UFRML           equ	3942	;# 
   126   000F67                     UFRMH           equ	3943	;# 
   127   000F68                     UIR             equ	3944	;# 
   128   000F69                     UIE             equ	3945	;# 
   129   000F6A                     UEIR            equ	3946	;# 
   130   000F6B                     UEIE            equ	3947	;# 
   131   000F6C                     USTAT           equ	3948	;# 
   132   000F6D                     UCON            equ	3949	;# 
   133   000F6E                     UADDR           equ	3950	;# 
   134   000F6F                     UCFG            equ	3951	;# 
   135   000F70                     UEP0            equ	3952	;# 
   136   000F71                     UEP1            equ	3953	;# 
   137   000F72                     UEP2            equ	3954	;# 
   138   000F73                     UEP3            equ	3955	;# 
   139   000F74                     UEP4            equ	3956	;# 
   140   000F75                     UEP5            equ	3957	;# 
   141   000F76                     UEP6            equ	3958	;# 
   142   000F77                     UEP7            equ	3959	;# 
   143   000F78                     UEP8            equ	3960	;# 
   144   000F79                     UEP9            equ	3961	;# 
   145   000F7A                     UEP10           equ	3962	;# 
   146   000F7B                     UEP11           equ	3963	;# 
   147   000F7C                     UEP12           equ	3964	;# 
   148   000F7D                     UEP13           equ	3965	;# 
   149   000F7E                     UEP14           equ	3966	;# 
   150   000F7F                     UEP15           equ	3967	;# 
   151   000F80                     PORTA           equ	3968	;# 
   152   000F81                     PORTB           equ	3969	;# 
   153   000F82                     PORTC           equ	3970	;# 
   154   000F83                     PORTD           equ	3971	;# 
   155   000F84                     PORTE           equ	3972	;# 
   156   000F89                     LATA            equ	3977	;# 
   157   000F8A                     LATB            equ	3978	;# 
   158   000F8B                     LATC            equ	3979	;# 
   159   000F8C                     LATD            equ	3980	;# 
   160   000F8D                     LATE            equ	3981	;# 
   161   000F92                     TRISA           equ	3986	;# 
   162   000F92                     DDRA            equ	3986	;# 
   163   000F93                     TRISB           equ	3987	;# 
   164   000F93                     DDRB            equ	3987	;# 
   165   000F94                     TRISC           equ	3988	;# 
   166   000F94                     DDRC            equ	3988	;# 
   167   000F95                     TRISD           equ	3989	;# 
   168   000F95                     DDRD            equ	3989	;# 
   169   000F96                     TRISE           equ	3990	;# 
   170   000F96                     DDRE            equ	3990	;# 
   171   000F9B                     OSCTUNE         equ	3995	;# 
   172   000F9D                     PIE1            equ	3997	;# 
   173   000F9E                     PIR1            equ	3998	;# 
   174   000F9F                     IPR1            equ	3999	;# 
   175   000FA0                     PIE2            equ	4000	;# 
   176   000FA1                     PIR2            equ	4001	;# 
   177   000FA2                     IPR2            equ	4002	;# 
   178   000FA6                     EECON1          equ	4006	;# 
   179   000FA7                     EECON2          equ	4007	;# 
   180   000FA8                     EEDATA          equ	4008	;# 
   181   000FA9                     EEADR           equ	4009	;# 
   182   000FAB                     RCSTA           equ	4011	;# 
   183   000FAB                     RCSTA1          equ	4011	;# 
   184   000FAC                     TXSTA           equ	4012	;# 
   185   000FAC                     TXSTA1          equ	4012	;# 
   186   000FAD                     TXREG           equ	4013	;# 
   187   000FAD                     TXREG1          equ	4013	;# 
   188   000FAE                     RCREG           equ	4014	;# 
   189   000FAE                     RCREG1          equ	4014	;# 
   190   000FAF                     SPBRG           equ	4015	;# 
   191   000FAF                     SPBRG1          equ	4015	;# 
   192   000FB0                     SPBRGH          equ	4016	;# 
   193   000FB1                     T3CON           equ	4017	;# 
   194   000FB2                     TMR3            equ	4018	;# 
   195   000FB2                     TMR3L           equ	4018	;# 
   196   000FB3                     TMR3H           equ	4019	;# 
   197   000FB4                     CMCON           equ	4020	;# 
   198   000FB5                     CVRCON          equ	4021	;# 
   199   000FB6                     ECCP1AS         equ	4022	;# 
   200   000FB6                     CCP1AS          equ	4022	;# 
   201   000FB7                     ECCP1DEL        equ	4023	;# 
   202   000FB7                     CCP1DEL         equ	4023	;# 
   203   000FB8                     BAUDCON         equ	4024	;# 
   204   000FB8                     BAUDCTL         equ	4024	;# 
   205   000FBA                     CCP2CON         equ	4026	;# 
   206   000FBB                     CCPR2           equ	4027	;# 
   207   000FBB                     CCPR2L          equ	4027	;# 
   208   000FBC                     CCPR2H          equ	4028	;# 
   209   000FBD                     CCP1CON         equ	4029	;# 
   210   000FBD                     ECCP1CON        equ	4029	;# 
   211   000FBE                     CCPR1           equ	4030	;# 
   212   000FBE                     CCPR1L          equ	4030	;# 
   213   000FBF                     CCPR1H          equ	4031	;# 
   214   000FC0                     ADCON2          equ	4032	;# 
   215   000FC1                     ADCON1          equ	4033	;# 
   216   000FC2                     ADCON0          equ	4034	;# 
   217   000FC3                     ADRES           equ	4035	;# 
   218   000FC3                     ADRESL          equ	4035	;# 
   219   000FC4                     ADRESH          equ	4036	;# 
   220   000FC5                     SSPCON2         equ	4037	;# 
   221   000FC6                     SSPCON1         equ	4038	;# 
   222   000FC7                     SSPSTAT         equ	4039	;# 
   223   000FC8                     SSPADD          equ	4040	;# 
   224   000FC9                     SSPBUF          equ	4041	;# 
   225   000FCA                     T2CON           equ	4042	;# 
   226   000FCB                     PR2             equ	4043	;# 
   227   000FCB                     MEMCON          equ	4043	;# 
   228   000FCC                     TMR2            equ	4044	;# 
   229   000FCD                     T1CON           equ	4045	;# 
   230   000FCE                     TMR1            equ	4046	;# 
   231   000FCE                     TMR1L           equ	4046	;# 
   232   000FCF                     TMR1H           equ	4047	;# 
   233   000FD0                     RCON            equ	4048	;# 
   234   000FD1                     WDTCON          equ	4049	;# 
   235   000FD2                     HLVDCON         equ	4050	;# 
   236   000FD2                     LVDCON          equ	4050	;# 
   237   000FD3                     OSCCON          equ	4051	;# 
   238   000FD5                     T0CON           equ	4053	;# 
   239   000FD6                     TMR0            equ	4054	;# 
   240   000FD6                     TMR0L           equ	4054	;# 
   241   000FD7                     TMR0H           equ	4055	;# 
   242   000FD8                     STATUS          equ	4056	;# 
   243   000FD9                     FSR2            equ	4057	;# 
   244   000FD9                     FSR2L           equ	4057	;# 
   245   000FDA                     FSR2H           equ	4058	;# 
   246   000FDB                     PLUSW2          equ	4059	;# 
   247   000FDC                     PREINC2         equ	4060	;# 
   248   000FDD                     POSTDEC2        equ	4061	;# 
   249   000FDE                     POSTINC2        equ	4062	;# 
   250   000FDF                     INDF2           equ	4063	;# 
   251   000FE0                     BSR             equ	4064	;# 
   252   000FE1                     FSR1            equ	4065	;# 
   253   000FE1                     FSR1L           equ	4065	;# 
   254   000FE2                     FSR1H           equ	4066	;# 
   255   000FE3                     PLUSW1          equ	4067	;# 
   256   000FE4                     PREINC1         equ	4068	;# 
   257   000FE5                     POSTDEC1        equ	4069	;# 
   258   000FE6                     POSTINC1        equ	4070	;# 
   259   000FE7                     INDF1           equ	4071	;# 
   260   000FE8                     WREG            equ	4072	;# 
   261   000FE9                     FSR0            equ	4073	;# 
   262   000FE9                     FSR0L           equ	4073	;# 
   263   000FEA                     FSR0H           equ	4074	;# 
   264   000FEB                     PLUSW0          equ	4075	;# 
   265   000FEC                     PREINC0         equ	4076	;# 
   266   000FED                     POSTDEC0        equ	4077	;# 
   267   000FEE                     POSTINC0        equ	4078	;# 
   268   000FEF                     INDF0           equ	4079	;# 
   269   000FF0                     INTCON3         equ	4080	;# 
   270   000FF1                     INTCON2         equ	4081	;# 
   271   000FF2                     INTCON          equ	4082	;# 
   272   000FF3                     PROD            equ	4083	;# 
   273   000FF3                     PRODL           equ	4083	;# 
   274   000FF4                     PRODH           equ	4084	;# 
   275   000FF5                     TABLAT          equ	4085	;# 
   276   000FF6                     TBLPTR          equ	4086	;# 
   277   000FF6                     TBLPTRL         equ	4086	;# 
   278   000FF7                     TBLPTRH         equ	4087	;# 
   279   000FF8                     TBLPTRU         equ	4088	;# 
   280   000FF9                     PCLAT           equ	4089	;# 
   281   000FF9                     PC              equ	4089	;# 
   282   000FF9                     PCL             equ	4089	;# 
   283   000FFA                     PCLATH          equ	4090	;# 
   284   000FFB                     PCLATU          equ	4091	;# 
   285   000FFC                     STKPTR          equ	4092	;# 
   286   000FFD                     TOS             equ	4093	;# 
   287   000FFD                     TOSL            equ	4093	;# 
   288   000FFE                     TOSH            equ	4094	;# 
   289   000FFF                     TOSU            equ	4095	;# 
   290                           
   291                           	psect	idataBANK0
   292   006A25                     __pidataBANK0:
   293                           	callstack 0
   294                           
   295                           ;initializer for OLED_Init@F3367
   296   006A25  AE                 	db	174
   297   006A26  D5                 	db	213
   298   006A27  80                 	db	128
   299   006A28  A8                 	db	168
   300   006A29  3F                 	db	63
   301   006A2A  D3                 	db	211
   302   006A2B  00                 	db	0
   303   006A2C  40                 	db	64
   304   006A2D  8D                 	db	141
   305   006A2E  14                 	db	20
   306   006A2F  20                 	db	32
   307   006A30  00                 	db	0
   308   006A31  A1                 	db	161
   309   006A32  C8                 	db	200
   310   006A33  DA                 	db	218
   311   006A34  12                 	db	18
   312   006A35  81                 	db	129
   313   006A36  CF                 	db	207
   314   006A37  D9                 	db	217
   315   006A38  F1                 	db	241
   316   006A39  DB                 	db	219
   317   006A3A  40                 	db	64
   318   006A3B  A4                 	db	164
   319   006A3C  A6                 	db	166
   320   006A3D  AF                 	db	175
   321                           
   322                           	psect	mediumconst
   323   007DF2                     __pmediumconst:
   324                           	callstack 0
   325   007DF2  00                 	db	0
   326   007DF3                     _font5x8:
   327                           	callstack 0
   328   007DF3  00                 	db	0
   329   007DF4  00                 	db	0
   330   007DF5  00                 	db	0
   331   007DF6  00                 	db	0
   332   007DF7  00                 	db	0
   333   007DF8  00                 	db	0
   334   007DF9  00                 	db	0
   335   007DFA  5F                 	db	95
   336   007DFB  00                 	db	0
   337   007DFC  00                 	db	0
   338   007DFD  00                 	db	0
   339   007DFE  07                 	db	7
   340   007DFF  00                 	db	0
   341   007E00  07                 	db	7
   342   007E01  00                 	db	0
   343   007E02  14                 	db	20
   344   007E03  7F                 	db	127
   345   007E04  14                 	db	20
   346   007E05  7F                 	db	127
   347   007E06  14                 	db	20
   348   007E07  24                 	db	36
   349   007E08  2A                 	db	42
   350   007E09  7F                 	db	127
   351   007E0A  2A                 	db	42
   352   007E0B  12                 	db	18
   353   007E0C  23                 	db	35
   354   007E0D  13                 	db	19
   355   007E0E  08                 	db	8
   356   007E0F  64                 	db	100
   357   007E10  62                 	db	98
   358   007E11  36                 	db	54
   359   007E12  49                 	db	73
   360   007E13  55                 	db	85
   361   007E14  22                 	db	34
   362   007E15  50                 	db	80
   363   007E16  00                 	db	0
   364   007E17  05                 	db	5
   365   007E18  03                 	db	3
   366   007E19  00                 	db	0
   367   007E1A  00                 	db	0
   368   007E1B  00                 	db	0
   369   007E1C  1C                 	db	28
   370   007E1D  22                 	db	34
   371   007E1E  41                 	db	65
   372   007E1F  00                 	db	0
   373   007E20  00                 	db	0
   374   007E21  41                 	db	65
   375   007E22  22                 	db	34
   376   007E23  1C                 	db	28
   377   007E24  00                 	db	0
   378   007E25  08                 	db	8
   379   007E26  2A                 	db	42
   380   007E27  1C                 	db	28
   381   007E28  2A                 	db	42
   382   007E29  08                 	db	8
   383   007E2A  08                 	db	8
   384   007E2B  08                 	db	8
   385   007E2C  3E                 	db	62
   386   007E2D  08                 	db	8
   387   007E2E  08                 	db	8
   388   007E2F  00                 	db	0
   389   007E30  50                 	db	80
   390   007E31  30                 	db	48
   391   007E32  00                 	db	0
   392   007E33  00                 	db	0
   393   007E34  08                 	db	8
   394   007E35  08                 	db	8
   395   007E36  08                 	db	8
   396   007E37  08                 	db	8
   397   007E38  08                 	db	8
   398   007E39  00                 	db	0
   399   007E3A  60                 	db	96
   400   007E3B  60                 	db	96
   401   007E3C  00                 	db	0
   402   007E3D  00                 	db	0
   403   007E3E  20                 	db	32
   404   007E3F  10                 	db	16
   405   007E40  08                 	db	8
   406   007E41  04                 	db	4
   407   007E42  02                 	db	2
   408   007E43  3E                 	db	62
   409   007E44  51                 	db	81
   410   007E45  49                 	db	73
   411   007E46  45                 	db	69
   412   007E47  3E                 	db	62
   413   007E48  00                 	db	0
   414   007E49  42                 	db	66
   415   007E4A  7F                 	db	127
   416   007E4B  40                 	db	64
   417   007E4C  00                 	db	0
   418   007E4D  42                 	db	66
   419   007E4E  61                 	db	97
   420   007E4F  51                 	db	81
   421   007E50  49                 	db	73
   422   007E51  46                 	db	70
   423   007E52  21                 	db	33
   424   007E53  41                 	db	65
   425   007E54  45                 	db	69
   426   007E55  4B                 	db	75
   427   007E56  31                 	db	49
   428   007E57  18                 	db	24
   429   007E58  14                 	db	20
   430   007E59  12                 	db	18
   431   007E5A  7F                 	db	127
   432   007E5B  10                 	db	16
   433   007E5C  27                 	db	39
   434   007E5D  45                 	db	69
   435   007E5E  45                 	db	69
   436   007E5F  45                 	db	69
   437   007E60  39                 	db	57
   438   007E61  3C                 	db	60
   439   007E62  4A                 	db	74
   440   007E63  49                 	db	73
   441   007E64  49                 	db	73
   442   007E65  30                 	db	48
   443   007E66  01                 	db	1
   444   007E67  71                 	db	113
   445   007E68  09                 	db	9
   446   007E69  05                 	db	5
   447   007E6A  03                 	db	3
   448   007E6B  36                 	db	54
   449   007E6C  49                 	db	73
   450   007E6D  49                 	db	73
   451   007E6E  49                 	db	73
   452   007E6F  36                 	db	54
   453   007E70  06                 	db	6
   454   007E71  49                 	db	73
   455   007E72  49                 	db	73
   456   007E73  29                 	db	41
   457   007E74  1E                 	db	30
   458   007E75  00                 	db	0
   459   007E76  36                 	db	54
   460   007E77  36                 	db	54
   461   007E78  00                 	db	0
   462   007E79  00                 	db	0
   463   007E7A  00                 	db	0
   464   007E7B  56                 	db	86
   465   007E7C  36                 	db	54
   466   007E7D  00                 	db	0
   467   007E7E  00                 	db	0
   468   007E7F  00                 	db	0
   469   007E80  08                 	db	8
   470   007E81  14                 	db	20
   471   007E82  22                 	db	34
   472   007E83  41                 	db	65
   473   007E84  14                 	db	20
   474   007E85  14                 	db	20
   475   007E86  14                 	db	20
   476   007E87  14                 	db	20
   477   007E88  14                 	db	20
   478   007E89  41                 	db	65
   479   007E8A  22                 	db	34
   480   007E8B  14                 	db	20
   481   007E8C  08                 	db	8
   482   007E8D  00                 	db	0
   483   007E8E  02                 	db	2
   484   007E8F  01                 	db	1
   485   007E90  51                 	db	81
   486   007E91  09                 	db	9
   487   007E92  06                 	db	6
   488   007E93  32                 	db	50
   489   007E94  49                 	db	73
   490   007E95  79                 	db	121
   491   007E96  41                 	db	65
   492   007E97  3E                 	db	62
   493   007E98  7E                 	db	126
   494   007E99  11                 	db	17
   495   007E9A  11                 	db	17
   496   007E9B  11                 	db	17
   497   007E9C  7E                 	db	126
   498   007E9D  7F                 	db	127
   499   007E9E  49                 	db	73
   500   007E9F  49                 	db	73
   501   007EA0  49                 	db	73
   502   007EA1  36                 	db	54
   503   007EA2  3E                 	db	62
   504   007EA3  41                 	db	65
   505   007EA4  41                 	db	65
   506   007EA5  41                 	db	65
   507   007EA6  22                 	db	34
   508   007EA7  7F                 	db	127
   509   007EA8  41                 	db	65
   510   007EA9  41                 	db	65
   511   007EAA  22                 	db	34
   512   007EAB  1C                 	db	28
   513   007EAC  7F                 	db	127
   514   007EAD  49                 	db	73
   515   007EAE  49                 	db	73
   516   007EAF  49                 	db	73
   517   007EB0  41                 	db	65
   518   007EB1  7F                 	db	127
   519   007EB2  09                 	db	9
   520   007EB3  09                 	db	9
   521   007EB4  09                 	db	9
   522   007EB5  01                 	db	1
   523   007EB6  3E                 	db	62
   524   007EB7  41                 	db	65
   525   007EB8  41                 	db	65
   526   007EB9  49                 	db	73
   527   007EBA  7A                 	db	122
   528   007EBB  7F                 	db	127
   529   007EBC  08                 	db	8
   530   007EBD  08                 	db	8
   531   007EBE  08                 	db	8
   532   007EBF  7F                 	db	127
   533   007EC0  00                 	db	0
   534   007EC1  41                 	db	65
   535   007EC2  7F                 	db	127
   536   007EC3  41                 	db	65
   537   007EC4  00                 	db	0
   538   007EC5  20                 	db	32
   539   007EC6  40                 	db	64
   540   007EC7  41                 	db	65
   541   007EC8  3F                 	db	63
   542   007EC9  01                 	db	1
   543   007ECA  7F                 	db	127
   544   007ECB  08                 	db	8
   545   007ECC  14                 	db	20
   546   007ECD  22                 	db	34
   547   007ECE  41                 	db	65
   548   007ECF  7F                 	db	127
   549   007ED0  40                 	db	64
   550   007ED1  40                 	db	64
   551   007ED2  40                 	db	64
   552   007ED3  40                 	db	64
   553   007ED4  7F                 	db	127
   554   007ED5  02                 	db	2
   555   007ED6  04                 	db	4
   556   007ED7  02                 	db	2
   557   007ED8  7F                 	db	127
   558   007ED9  7F                 	db	127
   559   007EDA  04                 	db	4
   560   007EDB  08                 	db	8
   561   007EDC  10                 	db	16
   562   007EDD  7F                 	db	127
   563   007EDE  3E                 	db	62
   564   007EDF  41                 	db	65
   565   007EE0  41                 	db	65
   566   007EE1  41                 	db	65
   567   007EE2  3E                 	db	62
   568   007EE3  7F                 	db	127
   569   007EE4  09                 	db	9
   570   007EE5  09                 	db	9
   571   007EE6  09                 	db	9
   572   007EE7  06                 	db	6
   573   007EE8  3E                 	db	62
   574   007EE9  41                 	db	65
   575   007EEA  51                 	db	81
   576   007EEB  21                 	db	33
   577   007EEC  5E                 	db	94
   578   007EED  7F                 	db	127
   579   007EEE  09                 	db	9
   580   007EEF  19                 	db	25
   581   007EF0  29                 	db	41
   582   007EF1  46                 	db	70
   583   007EF2  46                 	db	70
   584   007EF3  49                 	db	73
   585   007EF4  49                 	db	73
   586   007EF5  49                 	db	73
   587   007EF6  31                 	db	49
   588   007EF7  01                 	db	1
   589   007EF8  01                 	db	1
   590   007EF9  7F                 	db	127
   591   007EFA  01                 	db	1
   592   007EFB  01                 	db	1
   593   007EFC  3F                 	db	63
   594   007EFD  40                 	db	64
   595   007EFE  40                 	db	64
   596   007EFF  40                 	db	64
   597   007F00  3F                 	db	63
   598   007F01  1F                 	db	31
   599   007F02  20                 	db	32
   600   007F03  40                 	db	64
   601   007F04  20                 	db	32
   602   007F05  1F                 	db	31
   603   007F06  3F                 	db	63
   604   007F07  40                 	db	64
   605   007F08  38                 	db	56
   606   007F09  40                 	db	64
   607   007F0A  3F                 	db	63
   608   007F0B  63                 	db	99
   609   007F0C  14                 	db	20
   610   007F0D  08                 	db	8
   611   007F0E  14                 	db	20
   612   007F0F  63                 	db	99
   613   007F10  03                 	db	3
   614   007F11  04                 	db	4
   615   007F12  78                 	db	120
   616   007F13  04                 	db	4
   617   007F14  03                 	db	3
   618   007F15  61                 	db	97
   619   007F16  51                 	db	81
   620   007F17  49                 	db	73
   621   007F18  45                 	db	69
   622   007F19  43                 	db	67
   623   007F1A  00                 	db	0
   624   007F1B  00                 	db	0
   625   007F1C  00                 	db	0
   626   007F1D  00                 	db	0
   627   007F1E  00                 	db	0
   628   007F1F  00                 	db	0
   629   007F20  00                 	db	0
   630   007F21  00                 	db	0
   631   007F22  00                 	db	0
   632   007F23  00                 	db	0
   633   007F24  00                 	db	0
   634   007F25  00                 	db	0
   635   007F26  00                 	db	0
   636   007F27  00                 	db	0
   637   007F28  00                 	db	0
   638   007F29  00                 	db	0
   639   007F2A  00                 	db	0
   640   007F2B  00                 	db	0
   641   007F2C  00                 	db	0
   642   007F2D  00                 	db	0
   643   007F2E  40                 	db	64
   644   007F2F  40                 	db	64
   645   007F30  40                 	db	64
   646   007F31  40                 	db	64
   647   007F32  40                 	db	64
   648   007F33  00                 	db	0
   649   007F34  00                 	db	0
   650   007F35  00                 	db	0
   651   007F36  00                 	db	0
   652   007F37  00                 	db	0
   653   007F38  20                 	db	32
   654   007F39  54                 	db	84
   655   007F3A  54                 	db	84
   656   007F3B  54                 	db	84
   657   007F3C  78                 	db	120
   658   007F3D  7F                 	db	127
   659   007F3E  48                 	db	72
   660   007F3F  44                 	db	68
   661   007F40  44                 	db	68
   662   007F41  38                 	db	56
   663   007F42  38                 	db	56
   664   007F43  44                 	db	68
   665   007F44  44                 	db	68
   666   007F45  44                 	db	68
   667   007F46  20                 	db	32
   668   007F47  38                 	db	56
   669   007F48  44                 	db	68
   670   007F49  44                 	db	68
   671   007F4A  48                 	db	72
   672   007F4B  7F                 	db	127
   673   007F4C  38                 	db	56
   674   007F4D  54                 	db	84
   675   007F4E  54                 	db	84
   676   007F4F  54                 	db	84
   677   007F50  18                 	db	24
   678   007F51  08                 	db	8
   679   007F52  7E                 	db	126
   680   007F53  09                 	db	9
   681   007F54  01                 	db	1
   682   007F55  02                 	db	2
   683   007F56  08                 	db	8
   684   007F57  14                 	db	20
   685   007F58  54                 	db	84
   686   007F59  54                 	db	84
   687   007F5A  3C                 	db	60
   688   007F5B  7F                 	db	127
   689   007F5C  08                 	db	8
   690   007F5D  04                 	db	4
   691   007F5E  04                 	db	4
   692   007F5F  78                 	db	120
   693   007F60  00                 	db	0
   694   007F61  44                 	db	68
   695   007F62  7D                 	db	125
   696   007F63  40                 	db	64
   697   007F64  00                 	db	0
   698   007F65  20                 	db	32
   699   007F66  40                 	db	64
   700   007F67  44                 	db	68
   701   007F68  3D                 	db	61
   702   007F69  00                 	db	0
   703   007F6A  7F                 	db	127
   704   007F6B  10                 	db	16
   705   007F6C  28                 	db	40
   706   007F6D  44                 	db	68
   707   007F6E  00                 	db	0
   708   007F6F  00                 	db	0
   709   007F70  41                 	db	65
   710   007F71  7F                 	db	127
   711   007F72  40                 	db	64
   712   007F73  00                 	db	0
   713   007F74  7C                 	db	124
   714   007F75  04                 	db	4
   715   007F76  18                 	db	24
   716   007F77  04                 	db	4
   717   007F78  78                 	db	120
   718   007F79  7C                 	db	124
   719   007F7A  08                 	db	8
   720   007F7B  04                 	db	4
   721   007F7C  04                 	db	4
   722   007F7D  78                 	db	120
   723   007F7E  38                 	db	56
   724   007F7F  44                 	db	68
   725   007F80  44                 	db	68
   726   007F81  44                 	db	68
   727   007F82  38                 	db	56
   728   007F83  7C                 	db	124
   729   007F84  14                 	db	20
   730   007F85  14                 	db	20
   731   007F86  14                 	db	20
   732   007F87  08                 	db	8
   733   007F88  08                 	db	8
   734   007F89  14                 	db	20
   735   007F8A  14                 	db	20
   736   007F8B  18                 	db	24
   737   007F8C  7C                 	db	124
   738   007F8D  7C                 	db	124
   739   007F8E  08                 	db	8
   740   007F8F  04                 	db	4
   741   007F90  04                 	db	4
   742   007F91  08                 	db	8
   743   007F92  48                 	db	72
   744   007F93  54                 	db	84
   745   007F94  54                 	db	84
   746   007F95  54                 	db	84
   747   007F96  20                 	db	32
   748   007F97  04                 	db	4
   749   007F98  3F                 	db	63
   750   007F99  44                 	db	68
   751   007F9A  40                 	db	64
   752   007F9B  20                 	db	32
   753   007F9C  3C                 	db	60
   754   007F9D  40                 	db	64
   755   007F9E  40                 	db	64
   756   007F9F  40                 	db	64
   757   007FA0  7C                 	db	124
   758   007FA1  1C                 	db	28
   759   007FA2  20                 	db	32
   760   007FA3  40                 	db	64
   761   007FA4  20                 	db	32
   762   007FA5  1C                 	db	28
   763   007FA6  3C                 	db	60
   764   007FA7  40                 	db	64
   765   007FA8  30                 	db	48
   766   007FA9  40                 	db	64
   767   007FAA  3C                 	db	60
   768   007FAB  44                 	db	68
   769   007FAC  28                 	db	40
   770   007FAD  10                 	db	16
   771   007FAE  28                 	db	40
   772   007FAF  44                 	db	68
   773   007FB0  0C                 	db	12
   774   007FB1  50                 	db	80
   775   007FB2  50                 	db	80
   776   007FB3  50                 	db	80
   777   007FB4  3C                 	db	60
   778   007FB5  44                 	db	68
   779   007FB6  64                 	db	100
   780   007FB7  54                 	db	84
   781   007FB8  4C                 	db	76
   782   007FB9  44                 	db	68
   783   007FBA                     __end_of_font5x8:
   784                           	callstack 0
   785   000F8C                     _LATDbits       set	3980
   786   000F95                     _TRISDbits      set	3989
   787   000FD3                     _OSCCON         set	4051
   788   000FC3                     _ADRESL         set	4035
   789   000FC4                     _ADRESH         set	4036
   790   000FC2                     _ADCON0bits     set	4034
   791   000FC2                     _ADCON0         set	4034
   792   000FC0                     _ADCON2         set	4032
   793   000FC1                     _ADCON1         set	4033
   794   000F92                     _TRISAbits      set	3986
   795   000F81                     _PORTBbits      set	3969
   796   000F8A                     _LATBbits       set	3978
   797   000F93                     _TRISBbits      set	3987
   798   007FBA                     STR_5:
   799   007FBA  53                 	db	83	;'S'
   800   007FBB  69                 	db	105	;'i'
   801   007FBC  6E                 	db	110	;'n'
   802   007FBD  20                 	db	32
   803   007FBE  42                 	db	66	;'B'
   804   007FBF  4D                 	db	77	;'M'
   805   007FC0  45                 	db	69	;'E'
   806   007FC1  32                 	db	50	;'2'
   807   007FC2  38                 	db	56	;'8'
   808   007FC3  30                 	db	48	;'0'
   809   007FC4  00                 	db	0
   810   007FC5                     STR_1:
   811   007FC5  54                 	db	84	;'T'
   812   007FC6  65                 	db	101	;'e'
   813   007FC7  6D                 	db	109	;'m'
   814   007FC8  70                 	db	112	;'p'
   815   007FC9  20                 	db	32
   816   007FCA  4C                 	db	76	;'L'
   817   007FCB  4D                 	db	77	;'M'
   818   007FCC  33                 	db	51	;'3'
   819   007FCD  35                 	db	53	;'5'
   820   007FCE  3A                 	db	58	;':'
   821   007FCF  00                 	db	0
   822   007FD0                     STR_2:
   823   007FD0  48                 	db	72	;'H'
   824   007FD1  75                 	db	117	;'u'
   825   007FD2  6D                 	db	109	;'m'
   826   007FD3  65                 	db	101	;'e'
   827   007FD4  64                 	db	100	;'d'
   828   007FD5  61                 	db	97	;'a'
   829   007FD6  64                 	db	100	;'d'
   830   007FD7  3A                 	db	58	;':'
   831   007FD8  00                 	db	0
   832   007FD9                     STR_7:
   833   007FD9  6F                 	db	111	;'o'
   834   007FDA  43                 	db	67	;'C'
   835   007FDB  20                 	db	32
   836   007FDC  48                 	db	72	;'H'
   837   007FDD  75                 	db	117	;'u'
   838   007FDE  6D                 	db	109	;'m'
   839   007FDF  3A                 	db	58	;':'
   840   007FE0  00                 	db	0
   841   007FE1                     STR_4:
   842   007FE1  41                 	db	65	;'A'
   843   007FE2  69                 	db	105	;'i'
   844   007FE3  72                 	db	114	;'r'
   845   007FE4  65                 	db	101	;'e'
   846   007FE5  3A                 	db	58	;':'
   847   007FE6  00                 	db	0
   848   007FE7                     STR_3:
   849   007FE7  4C                 	db	76	;'L'
   850   007FE8  75                 	db	117	;'u'
   851   007FE9  7A                 	db	122	;'z'
   852   007FEA  3A                 	db	58	;':'
   853   007FEB  00                 	db	0
   854   007FEC                     STR_10:
   855   007FEC  4D                 	db	77	;'M'
   856   007FED  41                 	db	65	;'A'
   857   007FEE  4C                 	db	76	;'L'
   858   007FEF  4F                 	db	79	;'O'
   859   007FF0  00                 	db	0
   860   007FF1                     STR_6:
   861   007FF1  20                 	db	32
   862   007FF2  6F                 	db	111	;'o'
   863   007FF3  43                 	db	67	;'C'
   864   007FF4  00                 	db	0
   865   007FF5                     STR_11:
   866   007FF5  4F                 	db	79	;'O'
   867   007FF6  4B                 	db	75	;'K'
   868   007FF7  00                 	db	0
   869   007FF8                     STR_8:
   870   007FF8  25                 	db	37
   871   007FF9  00                 	db	0
   872   007FBA                     STR_9           equ	STR_5
   873   007FFA  00                 	db	0	; dummy byte at the end
   874   007DF2                     __smallconst    set	__pmediumconst
   875   007DF2                     __mediumconst   set	__pmediumconst
   876   000002                     __activetblptr  equ	2
   877                           
   878                           ; #config settings
   879                           
   880                           	psect	cinit
   881   006AF8                     __pcinit:
   882                           	callstack 0
   883   006AF8                     start_initialization:
   884                           	callstack 0
   885   006AF8                     __initialization:
   886                           	callstack 0
   887                           
   888                           ; Initialize objects allocated to BANK0 (25 bytes)
   889                           ; load TBLPTR registers with __pidataBANK0
   890   006AF8  0E25               	movlw	low __pidataBANK0
   891   006AFA  6EF6               	movwf	tblptrl,c
   892   006AFC  0E6A               	movlw	high __pidataBANK0
   893   006AFE  6EF7               	movwf	tblptrh,c
   894   006B00  0E00               	movlw	low (__pidataBANK0 shr (0+16))
   895   006B02  6EF8               	movwf	tblptru,c
   896   006B04  EE00  F060         	lfsr	0,__pdataBANK0
   897   006B08  EE10 F019          	lfsr	1,25
   898   006B0C                     copy_data0:
   899   006B0C  0009               	tblrd		*+
   900   006B0E  CFF5 FFEE          	movff	tablat,postinc0
   901   006B12  50E5               	movf	postdec1,w,c
   902   006B14  50E1               	movf	fsr1l,w,c
   903   006B16  E1FA               	bnz	copy_data0
   904                           
   905                           ; Clear objects allocated to BANK0 (18 bytes)
   906   006B18  EE00  F079         	lfsr	0,__pbssBANK0
   907   006B1C  0E12               	movlw	18
   908   006B1E                     clear_0:
   909   006B1E  6AEE               	clrf	postinc0,c
   910   006B20  06E8               	decf	wreg,f,c
   911   006B22  E1FD               	bnz	clear_0
   912                           
   913                           ; Clear objects allocated to COMRAM (1 bytes)
   914   006B24  6A5E               	clrf	__pbssCOMRAM& (0+255),c
   915   006B26                     end_of_initialization:
   916                           	callstack 0
   917   006B26                     __end_of__initialization:
   918                           	callstack 0
   919   006B26  0E00               	movlw	low (__Lmediumconst shr (0+16))
   920   006B28  6EF8               	movwf	tblptru,c
   921   006B2A  0100               	movlb	0
   922   006B2C  EFA7  F039         	goto	_main	;jump to C main() function
   923                           
   924                           	psect	bssCOMRAM
   925   00005E                     __pbssCOMRAM:
   926                           	callstack 0
   927   00005E                     _bme_ok:
   928                           	callstack 0
   929   00005E                     	ds	1
   930                           
   931                           	psect	bssBANK0
   932   000079                     __pbssBANK0:
   933                           	callstack 0
   934   000079                     _dig_H6:
   935                           	callstack 0
   936   000079                     	ds	2
   937   00007B                     _dig_H5:
   938                           	callstack 0
   939   00007B                     	ds	2
   940   00007D                     _dig_H4:
   941                           	callstack 0
   942   00007D                     	ds	2
   943   00007F                     _dig_H2:
   944                           	callstack 0
   945   00007F                     	ds	2
   946   000081                     _dig_H3:
   947                           	callstack 0
   948   000081                     	ds	2
   949   000083                     _dig_H1:
   950                           	callstack 0
   951   000083                     	ds	2
   952   000085                     _dig_T3:
   953                           	callstack 0
   954   000085                     	ds	2
   955   000087                     _dig_T2:
   956                           	callstack 0
   957   000087                     	ds	2
   958   000089                     _dig_T1:
   959                           	callstack 0
   960   000089                     	ds	2
   961                           
   962                           	psect	dataBANK0
   963   000060                     __pdataBANK0:
   964                           	callstack 0
   965   000060                     OLED_Init@F3367:
   966                           	callstack 0
   967   000060                     	ds	25
   968                           
   969                           	psect	cstackCOMRAM
   970   000001                     __pcstackCOMRAM:
   971                           	callstack 0
   972   000001                     ?___awdiv:
   973                           	callstack 0
   974   000001                     ?___lwdiv:
   975                           	callstack 0
   976   000001                     ?___lwmod:
   977                           	callstack 0
   978   000001                     ?_ADC_Read:
   979                           	callstack 0
   980   000001                     ?___lmul:
   981                           	callstack 0
   982   000001                     ___awdiv@dividend:
   983                           	callstack 0
   984   000001                     ___lwdiv@dividend:
   985                           	callstack 0
   986   000001                     ___lwmod@dividend:
   987                           	callstack 0
   988   000001                     ___lmul@multiplier:
   989                           	callstack 0
   990   000001                     ??_I2C_Write:
   991   000001                     ??_I2C_Read:
   992   000001                     
   993                           ; 1 bytes @ 0x0
   994   000001                     	ds	1
   995   000002                     I2C_Write@data:
   996                           	callstack 0
   997   000002                     I2C_Read@ultimo:
   998                           	callstack 0
   999                           
  1000                           ; 1 bytes @ 0x1
  1001   000002                     	ds	1
  1002   000003                     I2C_Write@ack:
  1003                           	callstack 0
  1004   000003                     I2C_Read@dato:
  1005                           	callstack 0
  1006   000003                     ___awdiv@divisor:
  1007                           	callstack 0
  1008   000003                     ___lwdiv@divisor:
  1009                           	callstack 0
  1010   000003                     ___lwmod@divisor:
  1011                           	callstack 0
  1012   000003                     ??_ADC_Read:
  1013                           
  1014                           ; 1 bytes @ 0x2
  1015   000003                     	ds	1
  1016   000004                     I2C_Write@i:
  1017                           	callstack 0
  1018   000004                     I2C_Read@i:
  1019                           	callstack 0
  1020                           
  1021                           ; 1 bytes @ 0x3
  1022   000004                     	ds	1
  1023   000005                     OLED_Comando@c:
  1024                           	callstack 0
  1025   000005                     OLED_Dato@d:
  1026                           	callstack 0
  1027   000005                     BME_WriteReg@val:
  1028                           	callstack 0
  1029   000005                     BME_ReadRegs@buf:
  1030                           	callstack 0
  1031   000005                     ADC_Read@c:
  1032                           	callstack 0
  1033   000005                     ___awdiv@counter:
  1034                           	callstack 0
  1035   000005                     ___lwmod@counter:
  1036                           	callstack 0
  1037   000005                     ___lwdiv@quotient:
  1038                           	callstack 0
  1039   000005                     ___lmul@multiplicand:
  1040                           	callstack 0
  1041   000005                     
  1042                           ; 1 bytes @ 0x4
  1043   000005                     	ds	1
  1044   000006                     ?_ADC_ReadAvg:
  1045                           	callstack 0
  1046   000006                     OLED_SetCursor@col:
  1047                           	callstack 0
  1048   000006                     BME_WriteReg@reg:
  1049                           	callstack 0
  1050   000006                     BME_ReadRegs@len:
  1051                           	callstack 0
  1052   000006                     ___awdiv@sign:
  1053                           	callstack 0
  1054   000006                     ??_OLED_Char:
  1055   000006                     
  1056                           ; 1 bytes @ 0x5
  1057   000006                     	ds	1
  1058   000007                     OLED_SetCursor@pag:
  1059                           	callstack 0
  1060   000007                     BME_WriteReg@nack:
  1061                           	callstack 0
  1062   000007                     ___lwdiv@counter:
  1063                           	callstack 0
  1064   000007                     ___awdiv@quotient:
  1065                           	callstack 0
  1066   000007                     ??_BME_ReadRegs:
  1067                           
  1068                           ; 1 bytes @ 0x6
  1069   000007                     	ds	1
  1070   000008                     OLED_Clear@j:
  1071                           	callstack 0
  1072   000008                     OLED_ClearLine@pag:
  1073                           	callstack 0
  1074   000008                     ??_ADC_ReadAvg:
  1075                           
  1076                           ; 1 bytes @ 0x7
  1077   000008                     	ds	1
  1078   000009                     OLED_Clear@i:
  1079                           	callstack 0
  1080   000009                     OLED_ClearLine@j:
  1081                           	callstack 0
  1082   000009                     ___lmul@product:
  1083                           	callstack 0
  1084   000009                     
  1085                           ; 1 bytes @ 0x8
  1086   000009                     	ds	1
  1087   00000A                     OLED_Char@c:
  1088                           	callstack 0
  1089   00000A                     ??_OLED_Init:
  1090                           
  1091                           ; 1 bytes @ 0x9
  1092   00000A                     	ds	1
  1093   00000B                     OLED_Char@i:
  1094                           	callstack 0
  1095   00000B                     BME_ReadRegs@reg:
  1096                           	callstack 0
  1097                           
  1098                           ; 1 bytes @ 0xA
  1099   00000B                     	ds	1
  1100   00000C                     OLED_Str@col:
  1101                           	callstack 0
  1102   00000C                     OLED_Num@col:
  1103                           	callstack 0
  1104   00000C                     BME_ReadRegs@nack:
  1105                           	callstack 0
  1106   00000C                     ADC_ReadAvg@c:
  1107                           	callstack 0
  1108   00000C                     OLED_Init@cmds:
  1109                           	callstack 0
  1110                           
  1111                           ; 25 bytes @ 0xB
  1112   00000C                     	ds	1
  1113   00000D                     BME_ReadRegs@i:
  1114                           	callstack 0
  1115   00000D                     OLED_Str@s:
  1116                           	callstack 0
  1117   00000D                     OLED_Num@n:
  1118                           	callstack 0
  1119   00000D                     ADC_ReadAvg@s:
  1120                           	callstack 0
  1121                           
  1122                           ; 4 bytes @ 0xC
  1123   00000D                     	ds	1
  1124   00000E                     BME_GetData@temp_dc:
  1125                           	callstack 0
  1126   00000E                     ??_BME_ReadCalib:
  1127                           
  1128                           ; 1 bytes @ 0xD
  1129   00000E                     	ds	1
  1130   00000F                     OLED_Str@pag:
  1131                           	callstack 0
  1132   00000F                     BME_GetData@hum:
  1133                           	callstack 0
  1134   00000F                     OLED_Num@buf:
  1135                           	callstack 0
  1136   00000F                     
  1137                           ; 1 bytes @ 0xE
  1138   00000F                     	ds	1
  1139   000010                     OLED_DrawLabels@hay_bme:
  1140                           	callstack 0
  1141   000010                     ??_BME_GetData:
  1142   000010                     
  1143                           ; 1 bytes @ 0xF
  1144   000010                     	ds	1
  1145   000011                     ADC_ReadAvg@i:
  1146                           	callstack 0
  1147   000011                     BME_ReadCalib@b:
  1148                           	callstack 0
  1149                           
  1150                           ; 26 bytes @ 0x10
  1151   000011                     	ds	4
  1152   000015                     OLED_Num@pag:
  1153                           	callstack 0
  1154                           
  1155                           ; 1 bytes @ 0x14
  1156   000015                     	ds	1
  1157   000016                     OLED_Num@i:
  1158                           	callstack 0
  1159                           
  1160                           ; 1 bytes @ 0x15
  1161   000016                     	ds	1
  1162   000017                     OLED_UpdateValues@temp_c:
  1163                           	callstack 0
  1164                           
  1165                           ; 2 bytes @ 0x16
  1166   000017                     	ds	2
  1167   000019                     OLED_UpdateValues@bme_temp:
  1168                           	callstack 0
  1169                           
  1170                           ; 2 bytes @ 0x18
  1171   000019                     	ds	2
  1172   00001B                     OLED_UpdateValues@hum:
  1173                           	callstack 0
  1174                           
  1175                           ; 2 bytes @ 0x1A
  1176   00001B                     	ds	2
  1177   00001D                     OLED_UpdateValues@luz:
  1178                           	callstack 0
  1179                           
  1180                           ; 2 bytes @ 0x1C
  1181   00001D                     	ds	2
  1182   00001F                     OLED_UpdateValues@aire:
  1183                           	callstack 0
  1184                           
  1185                           ; 2 bytes @ 0x1E
  1186   00001F                     	ds	2
  1187   000021                     OLED_UpdateValues@hay_bme:
  1188                           	callstack 0
  1189                           
  1190                           ; 1 bytes @ 0x20
  1191   000021                     	ds	1
  1192   000022                     _OLED_UpdateValues$496:
  1193                           	callstack 0
  1194   000022                     
  1195                           ; 1 bytes @ 0x21
  1196   000022                     	ds	1
  1197   000023                     BME_GetData@d:
  1198                           	callstack 0
  1199                           
  1200                           ; 8 bytes @ 0x22
  1201   000023                     	ds	1
  1202   000024                     _OLED_UpdateValues$497:
  1203                           	callstack 0
  1204                           
  1205                           ; 2 bytes @ 0x23
  1206   000024                     	ds	1
  1207   000025                     OLED_Init@i:
  1208                           	callstack 0
  1209                           
  1210                           ; 1 bytes @ 0x24
  1211   000025                     	ds	1
  1212   000026                     _OLED_UpdateValues$500:
  1213                           	callstack 0
  1214                           
  1215                           ; 2 bytes @ 0x25
  1216   000026                     	ds	2
  1217   000028                     _OLED_UpdateValues$501:
  1218                           	callstack 0
  1219                           
  1220                           ; 2 bytes @ 0x27
  1221   000028                     	ds	2
  1222   00002A                     _OLED_UpdateValues$503:
  1223                           	callstack 0
  1224                           
  1225                           ; 2 bytes @ 0x29
  1226   00002A                     	ds	1
  1227   00002B                     BME_GetData@var1:
  1228                           	callstack 0
  1229   00002B                     BME_ReadCalib@bh:
  1230                           	callstack 0
  1231                           
  1232                           ; 7 bytes @ 0x2A
  1233   00002B                     	ds	1
  1234   00002C                     _OLED_UpdateValues$504:
  1235                           	callstack 0
  1236                           
  1237                           ; 2 bytes @ 0x2B
  1238   00002C                     	ds	2
  1239   00002E                     OLED_UpdateValues@td:
  1240                           	callstack 0
  1241                           
  1242                           ; 2 bytes @ 0x2D
  1243   00002E                     	ds	1
  1244   00002F                     BME_GetData@adc_H:
  1245                           	callstack 0
  1246                           
  1247                           ; 4 bytes @ 0x2E
  1248   00002F                     	ds	3
  1249   000032                     BME_ReadCalib@h1:
  1250                           	callstack 0
  1251                           
  1252                           ; 1 bytes @ 0x31
  1253   000032                     	ds	1
  1254   000033                     BME_Init@id:
  1255                           	callstack 0
  1256   000033                     _BME_GetData$1373:
  1257                           	callstack 0
  1258   000033                     
  1259                           ; 1 bytes @ 0x32
  1260   000033                     	ds	4
  1261   000037                     _BME_GetData$1374:
  1262                           	callstack 0
  1263                           
  1264                           ; 4 bytes @ 0x36
  1265   000037                     	ds	4
  1266   00003B                     _BME_GetData$1375:
  1267                           	callstack 0
  1268                           
  1269                           ; 4 bytes @ 0x3A
  1270   00003B                     	ds	4
  1271   00003F                     BME_GetData@t_fine:
  1272                           	callstack 0
  1273                           
  1274                           ; 4 bytes @ 0x3E
  1275   00003F                     	ds	4
  1276   000043                     BME_GetData@var2:
  1277                           	callstack 0
  1278                           
  1279                           ; 4 bytes @ 0x42
  1280   000043                     	ds	4
  1281   000047                     BME_GetData@adc_T:
  1282                           	callstack 0
  1283                           
  1284                           ; 4 bytes @ 0x46
  1285   000047                     	ds	4
  1286   00004B                     BME_GetData@hv:
  1287                           	callstack 0
  1288                           
  1289                           ; 4 bytes @ 0x4A
  1290   00004B                     	ds	4
  1291   00004F                     ??_main:
  1292                           
  1293                           ; 1 bytes @ 0x4E
  1294   00004F                     	ds	2
  1295   000051                     main@temp_c:
  1296                           	callstack 0
  1297                           
  1298                           ; 2 bytes @ 0x50
  1299   000051                     	ds	2
  1300   000053                     _main$541:
  1301                           	callstack 0
  1302                           
  1303                           ; 1 bytes @ 0x52
  1304   000053                     	ds	1
  1305   000054                     main@l_adc:
  1306                           	callstack 0
  1307                           
  1308                           ; 2 bytes @ 0x53
  1309   000054                     	ds	2
  1310   000056                     main@a_adc:
  1311                           	callstack 0
  1312                           
  1313                           ; 2 bytes @ 0x55
  1314   000056                     	ds	2
  1315   000058                     main@bme_temp:
  1316                           	callstack 0
  1317                           
  1318                           ; 2 bytes @ 0x57
  1319   000058                     	ds	2
  1320   00005A                     main@bme_hum:
  1321                           	callstack 0
  1322                           
  1323                           ; 2 bytes @ 0x59
  1324   00005A                     	ds	2
  1325   00005C                     main@t_adc:
  1326                           	callstack 0
  1327                           
  1328                           ; 2 bytes @ 0x5B
  1329   00005C                     	ds	2
  1330                           
  1331 ;;
  1332 ;;Main: autosize = 0, tempsize = 2, incstack = 0, save=0
  1333 ;;
  1334 ;; *************** function _main *****************
  1335 ;; Defined at:
  1336 ;;		line 481 in file "oled_4sensores.c"
  1337 ;; Parameters:    Size  Location     Type
  1338 ;;		None
  1339 ;; Auto vars:     Size  Location     Type
  1340 ;;  t_adc           2   91[COMRAM] unsigned int 
  1341 ;;  bme_hum         2   89[COMRAM] unsigned int 
  1342 ;;  bme_temp        2   87[COMRAM] int 
  1343 ;;  a_adc           2   85[COMRAM] unsigned int 
  1344 ;;  l_adc           2   83[COMRAM] unsigned int 
  1345 ;;  temp_c          2   80[COMRAM] unsigned int 
  1346 ;; Return value:  Size  Location     Type
  1347 ;;                  1    wreg      void 
  1348 ;; Registers used:
  1349 ;;		wreg, fsr1l, fsr1h, fsr2l, fsr2h, status,2, status,0, tblptrl, tblptrh, tblptru, prodl, prodh, cstack
  1350 ;; Tracked objects:
  1351 ;;		On entry : 0/0
  1352 ;;		On exit  : 0/0
  1353 ;;		Unchanged: 0/0
  1354 ;; Data sizes:     COMRAM   BANK0   BANK1   BANK2   BANK3   BANK4   BANK5   BANK6   BANK7
  1355 ;;      Params:         0       0       0       0       0       0       0       0       0
  1356 ;;      Locals:        13       0       0       0       0       0       0       0       0
  1357 ;;      Temps:          2       0       0       0       0       0       0       0       0
  1358 ;;      Totals:        15       0       0       0       0       0       0       0       0
  1359 ;;Total ram usage:       15 bytes
  1360 ;; Hardware stack levels required when called: 5
  1361 ;; This function calls:
  1362 ;;		_ADC_Init
  1363 ;;		_ADC_ReadAvg
  1364 ;;		_BME_GetData
  1365 ;;		_BME_Init
  1366 ;;		_OLED_DrawLabels
  1367 ;;		_OLED_Init
  1368 ;;		_OLED_UpdateValues
  1369 ;;		___lmul
  1370 ;; This function is called by:
  1371 ;;		Startup code after reset
  1372 ;; This function uses a non-reentrant model
  1373 ;;
  1374                           
  1375                           	psect	text0
  1376   00734E                     __ptext0:
  1377                           	callstack 0
  1378   00734E                     _main:
  1379                           	callstack 26
  1380   00734E                     
  1381                           ;oled_4sensores.c: 482:     unsigned int t_adc, l_adc, a_adc;;oled_4sensores.c: 483:    
      +                           unsigned int temp_c;;oled_4sensores.c: 484:     int bme_temp = 0;
  1382   00734E  6A59               	clrf	(main@bme_temp+1)^0,c
  1383   007350  0E00               	movlw	0
  1384   007352  6E58               	movwf	main@bme_temp^0,c
  1385                           
  1386                           ;oled_4sensores.c: 485:     unsigned int bme_hum = 0;
  1387   007354  6A5B               	clrf	(main@bme_hum+1)^0,c
  1388   007356  0E00               	movlw	0
  1389   007358  6E5A               	movwf	main@bme_hum^0,c
  1390                           
  1391                           ;oled_4sensores.c: 487:     OSCCON = 0x72;
  1392   00735A  0E72               	movlw	114
  1393   00735C  6ED3               	movwf	211,c	;volatile
  1394   00735E                     
  1395                           ;oled_4sensores.c: 489:     TRISDbits.TRISD0 = 0;
  1396   00735E  9095               	bcf	149,0,c	;volatile
  1397   007360                     
  1398                           ;oled_4sensores.c: 490:     TRISDbits.TRISD1 = 0;
  1399   007360  9295               	bcf	149,1,c	;volatile
  1400   007362                     
  1401                           ;oled_4sensores.c: 491:     TRISDbits.TRISD2 = 0;
  1402   007362  9495               	bcf	149,2,c	;volatile
  1403   007364                     
  1404                           ;oled_4sensores.c: 492:     LATDbits.LATD0 = 0; LATDbits.LATD1 = 0; LATDbits.LATD2 = 0;
  1405   007364  908C               	bcf	140,0,c	;volatile
  1406   007366  928C               	bcf	140,1,c	;volatile
  1407   007368  948C               	bcf	140,2,c	;volatile
  1408   00736A                     
  1409                           ;oled_4sensores.c: 494:     ADC_Init();
  1410   00736A  ECFD  F034         	call	_ADC_Init	;wreg free
  1411   00736E                     
  1412                           ;oled_4sensores.c: 497:     OLED_Init();
  1413   00736E  ECF9  F035         	call	_OLED_Init	;wreg free
  1414   007372                     
  1415                           ;oled_4sensores.c: 500:     bme_ok = (BME_Init() == 0) ? 1 : 0;
  1416   007372  EC22  F036         	call	_BME_Init	;wreg free
  1417   007376  0900               	iorlw	0
  1418   007378  B4D8               	btfsc	status,2,c
  1419   00737A  EFC1  F039         	goto	u1691
  1420   00737E  EFC4  F039         	goto	u1690
  1421   007382                     u1691:
  1422   007382  0E01               	movlw	1
  1423   007384  EFC5  F039         	goto	u1700
  1424   007388                     u1690:
  1425   007388  0E00               	movlw	0
  1426   00738A                     u1700:
  1427   00738A  6E5E               	movwf	_bme_ok^0,c
  1428   00738C                     
  1429                           ;oled_4sensores.c: 502:     OLED_DrawLabels(bme_ok);
  1430   00738C  505E               	movf	_bme_ok^0,w,c
  1431   00738E  EC5A  F037         	call	_OLED_DrawLabels
  1432   007392                     l2237:
  1433                           
  1434                           ;oled_4sensores.c: 506:         t_adc = ADC_ReadAvg(0);
  1435   007392  0E00               	movlw	0
  1436   007394  ECCF  F037         	call	_ADC_ReadAvg
  1437   007398  C006  F05C         	movff	?_ADC_ReadAvg,main@t_adc
  1438   00739C  C007  F05D         	movff	?_ADC_ReadAvg+1,main@t_adc+1
  1439   0073A0                     
  1440                           ;oled_4sensores.c: 507:         l_adc = ADC_ReadAvg(1);
  1441   0073A0  0E01               	movlw	1
  1442   0073A2  ECCF  F037         	call	_ADC_ReadAvg
  1443   0073A6  C006  F054         	movff	?_ADC_ReadAvg,main@l_adc
  1444   0073AA  C007  F055         	movff	?_ADC_ReadAvg+1,main@l_adc+1
  1445   0073AE                     
  1446                           ;oled_4sensores.c: 508:         a_adc = ADC_ReadAvg(2);
  1447   0073AE  0E02               	movlw	2
  1448   0073B0  ECCF  F037         	call	_ADC_ReadAvg
  1449   0073B4  C006  F056         	movff	?_ADC_ReadAvg,main@a_adc
  1450   0073B8  C007  F057         	movff	?_ADC_ReadAvg+1,main@a_adc+1
  1451   0073BC                     
  1452                           ;oled_4sensores.c: 510:         temp_c = (unsigned int)((unsigned long)t_adc * 500 / 102
      +                          4);
  1453   0073BC  C05C  F001         	movff	main@t_adc,___lmul@multiplier
  1454   0073C0  C05D  F002         	movff	main@t_adc+1,___lmul@multiplier+1
  1455   0073C4  6A03               	clrf	(___lmul@multiplier+2)^0,c
  1456   0073C6  6A04               	clrf	(___lmul@multiplier+3)^0,c
  1457   0073C8  0EF4               	movlw	244
  1458   0073CA  6E05               	movwf	___lmul@multiplicand^0,c
  1459   0073CC  0E01               	movlw	1
  1460   0073CE  6E06               	movwf	(___lmul@multiplicand+1)^0,c
  1461   0073D0  0E00               	movlw	0
  1462   0073D2  6E07               	movwf	(___lmul@multiplicand+2)^0,c
  1463   0073D4  0E00               	movlw	0
  1464   0073D6  6E08               	movwf	(___lmul@multiplicand+3)^0,c
  1465   0073D8  ECB6  F036         	call	___lmul	;wreg free
  1466   0073DC  0E0B               	movlw	11
  1467   0073DE  EFF6  F039         	goto	u1710
  1468   0073E2                     u1715:
  1469   0073E2  90D8               	bcf	status,0,c
  1470   0073E4  3204               	rrcf	(?___lmul+3)^0,f,c
  1471   0073E6  3203               	rrcf	(?___lmul+2)^0,f,c
  1472   0073E8  3202               	rrcf	(?___lmul+1)^0,f,c
  1473   0073EA  3201               	rrcf	?___lmul^0,f,c
  1474   0073EC                     u1710:
  1475   0073EC  2EE8               	decfsz	wreg,f,c
  1476   0073EE  EFF1  F039         	goto	u1715
  1477   0073F2  C001  F051         	movff	?___lmul,main@temp_c
  1478   0073F6  C002  F052         	movff	?___lmul+1,main@temp_c+1
  1479   0073FA                     
  1480                           ;oled_4sensores.c: 513:         if(bme_ok){
  1481   0073FA  505E               	movf	_bme_ok^0,w,c
  1482   0073FC  B4D8               	btfsc	status,2,c
  1483   0073FE  EF03  F03A         	goto	u1721
  1484   007402  EF05  F03A         	goto	u1720
  1485   007406                     u1721:
  1486   007406  EF17  F03A         	goto	l2253
  1487   00740A                     u1720:
  1488   00740A                     
  1489                           ;oled_4sensores.c: 514:             if(BME_GetData(&bme_temp, &bme_hum) != 0){
  1490   00740A  0E58               	movlw	low main@bme_temp
  1491   00740C  6E0E               	movwf	BME_GetData@temp_dc^0,c
  1492   00740E  0E5A               	movlw	low main@bme_hum
  1493   007410  6E0F               	movwf	BME_GetData@hum^0,c
  1494   007412  EC8E  F03B         	call	_BME_GetData	;wreg free
  1495   007416  0900               	iorlw	0
  1496   007418  B4D8               	btfsc	status,2,c
  1497   00741A  EF11  F03A         	goto	u1731
  1498   00741E  EF13  F03A         	goto	u1730
  1499   007422                     u1731:
  1500   007422  EF17  F03A         	goto	l2253
  1501   007426                     u1730:
  1502   007426                     
  1503                           ;oled_4sensores.c: 519:                 bme_ok = 0;
  1504   007426  6A5E               	clrf	_bme_ok^0,c
  1505   007428                     
  1506                           ;oled_4sensores.c: 520:                 OLED_DrawLabels(0);
  1507   007428  0E00               	movlw	0
  1508   00742A  EC5A  F037         	call	_OLED_DrawLabels
  1509   00742E                     l2253:
  1510                           
  1511                           ;oled_4sensores.c: 525:         LATDbits.LATD0 = (t_adc >= 60 && t_adc <= 80);
  1512   00742E  6A53               	clrf	_main$541^0,c
  1513   007430  505D               	movf	(main@t_adc+1)^0,w,c
  1514   007432  E109               	bnz	u1740
  1515   007434  0E3C               	movlw	60
  1516   007436  5C5C               	subwf	main@t_adc^0,w,c
  1517   007438  A0D8               	btfss	status,0,c
  1518   00743A  EF21  F03A         	goto	u1741
  1519   00743E  EF23  F03A         	goto	u1740
  1520   007442                     u1741:
  1521   007442  EF30  F03A         	goto	l2261
  1522   007446                     u1740:
  1523   007446  505D               	movf	(main@t_adc+1)^0,w,c
  1524   007448  E107               	bnz	u1751
  1525   00744A  0E51               	movlw	81
  1526   00744C  5C5C               	subwf	main@t_adc^0,w,c
  1527   00744E  B0D8               	btfsc	status,0,c
  1528   007450  EF2C  F03A         	goto	u1751
  1529   007454  EF2E  F03A         	goto	u1750
  1530   007458                     u1751:
  1531   007458  EF30  F03A         	goto	l2261
  1532   00745C                     u1750:
  1533   00745C  0E01               	movlw	1
  1534   00745E  6E53               	movwf	_main$541^0,c
  1535   007460                     l2261:
  1536   007460  B053               	btfsc	_main$541^0,0,c
  1537   007462  D002               	bra	u1765
  1538   007464  908C               	bcf	140,0,c	;volatile
  1539   007466  D001               	bra	u1766
  1540   007468                     u1765:
  1541   007468  808C               	bsf	140,0,c	;volatile
  1542   00746A                     u1766:
  1543   00746A                     
  1544                           ;oled_4sensores.c: 526:         LATDbits.LATD1 = (l_adc > 500);
  1545   00746A  0EF5               	movlw	245
  1546   00746C  5C54               	subwf	main@l_adc^0,w,c
  1547   00746E  0E01               	movlw	1
  1548   007470  5855               	subwfb	(main@l_adc+1)^0,w,c
  1549   007472  B0D8               	btfsc	status,0,c
  1550   007474  EF3E  F03A         	goto	u1771
  1551   007478  EF42  F03A         	goto	u1770
  1552   00747C                     u1771:
  1553   00747C  6A4F               	clrf	??_main^0,c
  1554   00747E  2A4F               	incf	??_main^0,f,c
  1555   007480  EF43  F03A         	goto	u1788
  1556   007484                     u1770:
  1557   007484  6A4F               	clrf	??_main^0,c
  1558   007486                     u1788:
  1559   007486  464F               	rlncf	??_main^0,f,c
  1560   007488  508C               	movf	140,w,c	;volatile
  1561   00748A  184F               	xorwf	??_main^0,w,c
  1562   00748C  0BFD               	andlw	-3
  1563   00748E  184F               	xorwf	??_main^0,w,c
  1564   007490  6E8C               	movwf	140,c	;volatile
  1565   007492                     
  1566                           ;oled_4sensores.c: 527:         LATDbits.LATD2 = (a_adc > 400);
  1567   007492  0E91               	movlw	145
  1568   007494  5C56               	subwf	main@a_adc^0,w,c
  1569   007496  0E01               	movlw	1
  1570   007498  5857               	subwfb	(main@a_adc+1)^0,w,c
  1571   00749A  B0D8               	btfsc	status,0,c
  1572   00749C  EF52  F03A         	goto	u1791
  1573   0074A0  EF56  F03A         	goto	u1790
  1574   0074A4                     u1791:
  1575   0074A4  6A4F               	clrf	??_main^0,c
  1576   0074A6  2A4F               	incf	??_main^0,f,c
  1577   0074A8  EF57  F03A         	goto	u1808
  1578   0074AC                     u1790:
  1579   0074AC  6A4F               	clrf	??_main^0,c
  1580   0074AE                     u1808:
  1581   0074AE  464F               	rlncf	??_main^0,f,c
  1582   0074B0  464F               	rlncf	??_main^0,f,c
  1583   0074B2  508C               	movf	140,w,c	;volatile
  1584   0074B4  184F               	xorwf	??_main^0,w,c
  1585   0074B6  0BFB               	andlw	-5
  1586   0074B8  184F               	xorwf	??_main^0,w,c
  1587   0074BA  6E8C               	movwf	140,c	;volatile
  1588   0074BC                     
  1589                           ;oled_4sensores.c: 530:         OLED_UpdateValues(temp_c, bme_temp, bme_hum, l_adc, a_ad
      +                          c, bme_ok);
  1590   0074BC  C051  F017         	movff	main@temp_c,OLED_UpdateValues@temp_c
  1591   0074C0  C052  F018         	movff	main@temp_c+1,OLED_UpdateValues@temp_c+1
  1592   0074C4  C058  F019         	movff	main@bme_temp,OLED_UpdateValues@bme_temp
  1593   0074C8  C059  F01A         	movff	main@bme_temp+1,OLED_UpdateValues@bme_temp+1
  1594   0074CC  C05A  F01B         	movff	main@bme_hum,OLED_UpdateValues@hum
  1595   0074D0  C05B  F01C         	movff	main@bme_hum+1,OLED_UpdateValues@hum+1
  1596   0074D4  C054  F01D         	movff	main@l_adc,OLED_UpdateValues@luz
  1597   0074D8  C055  F01E         	movff	main@l_adc+1,OLED_UpdateValues@luz+1
  1598   0074DC  C056  F01F         	movff	main@a_adc,OLED_UpdateValues@aire
  1599   0074E0  C057  F020         	movff	main@a_adc+1,OLED_UpdateValues@aire+1
  1600   0074E4  C05E  F021         	movff	_bme_ok,OLED_UpdateValues@hay_bme
  1601   0074E8  EC85  F03A         	call	_OLED_UpdateValues	;wreg free
  1602   0074EC                     
  1603                           ;oled_4sensores.c: 532:         _delay((unsigned long)((500)*(8000000/4000.0)));
  1604   0074EC  0E06               	movlw	6
  1605   0074EE  6E50               	movwf	(??_main+1)^0,c
  1606   0074F0  0E13               	movlw	19
  1607   0074F2  6E4F               	movwf	??_main^0,c
  1608   0074F4  0EAE               	movlw	174
  1609   0074F6                     u1817:
  1610   0074F6  2EE8               	decfsz	wreg,f,c
  1611   0074F8  D7FE               	bra	u1817
  1612   0074FA  2E4F               	decfsz	??_main^0,f,c
  1613   0074FC  D7FC               	bra	u1817
  1614   0074FE  2E50               	decfsz	(??_main+1)^0,f,c
  1615   007500  D7FA               	bra	u1817
  1616   007502  EFC9  F039         	goto	l2237
  1617   007506  EFFE  F03F         	goto	start
  1618   00750A                     __end_of_main:
  1619                           	callstack 0
  1620                           
  1621 ;; *************** function _OLED_UpdateValues *****************
  1622 ;; Defined at:
  1623 ;;		line 447 in file "oled_4sensores.c"
  1624 ;; Parameters:    Size  Location     Type
  1625 ;;  temp_c          2   22[COMRAM] unsigned int 
  1626 ;;  bme_temp        2   24[COMRAM] int 
  1627 ;;  hum             2   26[COMRAM] unsigned int 
  1628 ;;  luz             2   28[COMRAM] unsigned int 
  1629 ;;  aire            2   30[COMRAM] unsigned int 
  1630 ;;  hay_bme         1   32[COMRAM] unsigned char 
  1631 ;; Auto vars:     Size  Location     Type
  1632 ;;  td              2   45[COMRAM] unsigned int 
  1633 ;; Return value:  Size  Location     Type
  1634 ;;                  1    wreg      void 
  1635 ;; Registers used:
  1636 ;;		wreg, fsr2l, fsr2h, status,2, status,0, tblptrl, tblptrh, tblptru, prodl, prodh, cstack
  1637 ;; Tracked objects:
  1638 ;;		On entry : 0/0
  1639 ;;		On exit  : 0/0
  1640 ;;		Unchanged: 0/0
  1641 ;; Data sizes:     COMRAM   BANK0   BANK1   BANK2   BANK3   BANK4   BANK5   BANK6   BANK7
  1642 ;;      Params:        11       0       0       0       0       0       0       0       0
  1643 ;;      Locals:        14       0       0       0       0       0       0       0       0
  1644 ;;      Temps:          0       0       0       0       0       0       0       0       0
  1645 ;;      Totals:        25       0       0       0       0       0       0       0       0
  1646 ;;Total ram usage:       25 bytes
  1647 ;; Hardware stack levels used: 1
  1648 ;; Hardware stack levels required when called: 2
  1649 ;; This function calls:
  1650 ;;		_OLED_ClearLine
  1651 ;;		_OLED_Num
  1652 ;;		_OLED_Str
  1653 ;;		___awdiv
  1654 ;; This function is called by:
  1655 ;;		_main
  1656 ;; This function uses a non-reentrant model
  1657 ;;
  1658                           
  1659                           	psect	text1
  1660   00750A                     __ptext1:
  1661                           	callstack 0
  1662   00750A                     _OLED_UpdateValues:
  1663                           	callstack 28
  1664   00750A                     
  1665                           ;oled_4sensores.c: 447: void OLED_UpdateValues(unsigned int temp_c, int bme_temp, unsign
      +                          ed int hum,;oled_4sensores.c: 448:                        unsigned int luz, unsigned int
      +                           aire, unsigned char hay_bme){;oled_4sensores.c: 450:     OLED_ClearLine(1);
  1666   00750A  0E01               	movlw	1
  1667   00750C  EC4C  F035         	call	_OLED_ClearLine
  1668   007510                     
  1669                           ;oled_4sensores.c: 451:     OLED_Num(1, 0, temp_c);
  1670   007510  0E00               	movlw	0
  1671   007512  6E0C               	movwf	OLED_Num@col^0,c
  1672   007514  C017  F00D         	movff	OLED_UpdateValues@temp_c,OLED_Num@n
  1673   007518  C018  F00E         	movff	OLED_UpdateValues@temp_c+1,OLED_Num@n+1
  1674   00751C  0E01               	movlw	1
  1675   00751E  EC0C  F038         	call	_OLED_Num
  1676   007522                     
  1677                           ;oled_4sensores.c: 452:     OLED_Str(1, (temp_c >= 100 ? 18 : temp_c >= 10 ? 12 : 6), " 
      +                          oC");
  1678   007522  5018               	movf	(OLED_UpdateValues@temp_c+1)^0,w,c
  1679   007524  E107               	bnz	u1611
  1680   007526  0E64               	movlw	100
  1681   007528  5C17               	subwf	OLED_UpdateValues@temp_c^0,w,c
  1682   00752A  B0D8               	btfsc	status,0,c
  1683   00752C  EF9A  F03A         	goto	u1611
  1684   007530  EF9C  F03A         	goto	u1610
  1685   007534                     u1611:
  1686   007534  EFB5  F03A         	goto	l2157
  1687   007538                     u1610:
  1688   007538  5018               	movf	(OLED_UpdateValues@temp_c+1)^0,w,c
  1689   00753A  E107               	bnz	u1621
  1690   00753C  0E0A               	movlw	10
  1691   00753E  5C17               	subwf	OLED_UpdateValues@temp_c^0,w,c
  1692   007540  B0D8               	btfsc	status,0,c
  1693   007542  EFA5  F03A         	goto	u1621
  1694   007546  EFA7  F03A         	goto	u1620
  1695   00754A                     u1621:
  1696   00754A  EFAC  F03A         	goto	l2153
  1697   00754E                     u1620:
  1698   00754E  6A25               	clrf	(_OLED_UpdateValues$497+1)^0,c
  1699   007550  0E06               	movlw	6
  1700   007552  6E24               	movwf	_OLED_UpdateValues$497^0,c
  1701   007554  EFAF  F03A         	goto	l2155
  1702   007558                     l2153:
  1703   007558  6A25               	clrf	(_OLED_UpdateValues$497+1)^0,c
  1704   00755A  0E0C               	movlw	12
  1705   00755C  6E24               	movwf	_OLED_UpdateValues$497^0,c
  1706   00755E                     l2155:
  1707   00755E  C024  F022         	movff	_OLED_UpdateValues$497,_OLED_UpdateValues$496
  1708   007562  C025  F023         	movff	_OLED_UpdateValues$497+1,_OLED_UpdateValues$496+1
  1709   007566  EFB8  F03A         	goto	l2159
  1710   00756A                     l2157:
  1711   00756A  6A23               	clrf	(_OLED_UpdateValues$496+1)^0,c
  1712   00756C  0E12               	movlw	18
  1713   00756E  6E22               	movwf	_OLED_UpdateValues$496^0,c
  1714   007570                     l2159:
  1715   007570  C022  F00C         	movff	_OLED_UpdateValues$496,OLED_Str@col
  1716   007574  0EF1               	movlw	low STR_6
  1717   007576  6E0D               	movwf	OLED_Str@s^0,c
  1718   007578  0E7F               	movlw	high STR_6
  1719   00757A  6E0E               	movwf	(OLED_Str@s+1)^0,c
  1720   00757C  0E01               	movlw	1
  1721   00757E  ECB5  F035         	call	_OLED_Str
  1722   007582                     
  1723                           ;oled_4sensores.c: 455:     OLED_ClearLine(3);
  1724   007582  0E03               	movlw	3
  1725   007584  EC4C  F035         	call	_OLED_ClearLine
  1726   007588                     
  1727                           ;oled_4sensores.c: 456:     if(hay_bme){
  1728   007588  5021               	movf	OLED_UpdateValues@hay_bme^0,w,c
  1729   00758A  B4D8               	btfsc	status,2,c
  1730   00758C  EFCA  F03A         	goto	u1631
  1731   007590  EFCC  F03A         	goto	u1630
  1732   007594                     u1631:
  1733   007594  EF4D  F03B         	goto	l2199
  1734   007598                     u1630:
  1735   007598                     
  1736                           ;oled_4sensores.c: 458:         unsigned int td = (unsigned int)(bme_temp / 10);
  1737   007598  C019  F001         	movff	OLED_UpdateValues@bme_temp,___awdiv@dividend
  1738   00759C  C01A  F002         	movff	OLED_UpdateValues@bme_temp+1,___awdiv@dividend+1
  1739   0075A0  6A04               	clrf	(___awdiv@divisor+1)^0,c
  1740   0075A2  0E0A               	movlw	10
  1741   0075A4  6E03               	movwf	___awdiv@divisor^0,c
  1742   0075A6  ECB3  F038         	call	___awdiv	;wreg free
  1743   0075AA  C001  F02E         	movff	?___awdiv,OLED_UpdateValues@td
  1744   0075AE  C002  F02F         	movff	?___awdiv+1,OLED_UpdateValues@td+1
  1745   0075B2                     
  1746                           ;oled_4sensores.c: 459:         OLED_Num(3, 0, td);
  1747   0075B2  0E00               	movlw	0
  1748   0075B4  6E0C               	movwf	OLED_Num@col^0,c
  1749   0075B6  C02E  F00D         	movff	OLED_UpdateValues@td,OLED_Num@n
  1750   0075BA  C02F  F00E         	movff	OLED_UpdateValues@td+1,OLED_Num@n+1
  1751   0075BE  0E03               	movlw	3
  1752   0075C0  EC0C  F038         	call	_OLED_Num
  1753   0075C4                     
  1754                           ;oled_4sensores.c: 460:         OLED_Str(3, (td >= 100 ? 18 : td >= 10 ? 12 : 6), "oC Hu
      +                          m:");
  1755   0075C4  502F               	movf	(OLED_UpdateValues@td+1)^0,w,c
  1756   0075C6  E107               	bnz	u1641
  1757   0075C8  0E64               	movlw	100
  1758   0075CA  5C2E               	subwf	OLED_UpdateValues@td^0,w,c
  1759   0075CC  B0D8               	btfsc	status,0,c
  1760   0075CE  EFEB  F03A         	goto	u1641
  1761   0075D2  EFED  F03A         	goto	u1640
  1762   0075D6                     u1641:
  1763   0075D6  EF06  F03B         	goto	l2179
  1764   0075DA                     u1640:
  1765   0075DA  502F               	movf	(OLED_UpdateValues@td+1)^0,w,c
  1766   0075DC  E107               	bnz	u1651
  1767   0075DE  0E0A               	movlw	10
  1768   0075E0  5C2E               	subwf	OLED_UpdateValues@td^0,w,c
  1769   0075E2  B0D8               	btfsc	status,0,c
  1770   0075E4  EFF6  F03A         	goto	u1651
  1771   0075E8  EFF8  F03A         	goto	u1650
  1772   0075EC                     u1651:
  1773   0075EC  EFFD  F03A         	goto	l2175
  1774   0075F0                     u1650:
  1775   0075F0  6A29               	clrf	(_OLED_UpdateValues$501+1)^0,c
  1776   0075F2  0E06               	movlw	6
  1777   0075F4  6E28               	movwf	_OLED_UpdateValues$501^0,c
  1778   0075F6  EF00  F03B         	goto	l2177
  1779   0075FA                     l2175:
  1780   0075FA  6A29               	clrf	(_OLED_UpdateValues$501+1)^0,c
  1781   0075FC  0E0C               	movlw	12
  1782   0075FE  6E28               	movwf	_OLED_UpdateValues$501^0,c
  1783   007600                     l2177:
  1784   007600  C028  F026         	movff	_OLED_UpdateValues$501,_OLED_UpdateValues$500
  1785   007604  C029  F027         	movff	_OLED_UpdateValues$501+1,_OLED_UpdateValues$500+1
  1786   007608  EF09  F03B         	goto	l2181
  1787   00760C                     l2179:
  1788   00760C  6A27               	clrf	(_OLED_UpdateValues$500+1)^0,c
  1789   00760E  0E12               	movlw	18
  1790   007610  6E26               	movwf	_OLED_UpdateValues$500^0,c
  1791   007612                     l2181:
  1792   007612  C026  F00C         	movff	_OLED_UpdateValues$500,OLED_Str@col
  1793   007616  0ED9               	movlw	low STR_7
  1794   007618  6E0D               	movwf	OLED_Str@s^0,c
  1795   00761A  0E7F               	movlw	high STR_7
  1796   00761C  6E0E               	movwf	(OLED_Str@s+1)^0,c
  1797   00761E  0E03               	movlw	3
  1798   007620  ECB5  F035         	call	_OLED_Str
  1799   007624                     
  1800                           ;oled_4sensores.c: 461:         OLED_Num(3, 60, hum);
  1801   007624  0E3C               	movlw	60
  1802   007626  6E0C               	movwf	OLED_Num@col^0,c
  1803   007628  C01B  F00D         	movff	OLED_UpdateValues@hum,OLED_Num@n
  1804   00762C  C01C  F00E         	movff	OLED_UpdateValues@hum+1,OLED_Num@n+1
  1805   007630  0E03               	movlw	3
  1806   007632  EC0C  F038         	call	_OLED_Num
  1807   007636                     
  1808                           ;oled_4sensores.c: 462:         OLED_Str(3, (hum >= 100 ? 78 : hum >= 10 ? 72 : 66), "%"
      +                          );
  1809   007636  501C               	movf	(OLED_UpdateValues@hum+1)^0,w,c
  1810   007638  E107               	bnz	u1661
  1811   00763A  0E64               	movlw	100
  1812   00763C  5C1B               	subwf	OLED_UpdateValues@hum^0,w,c
  1813   00763E  B0D8               	btfsc	status,0,c
  1814   007640  EF24  F03B         	goto	u1661
  1815   007644  EF26  F03B         	goto	u1660
  1816   007648                     u1661:
  1817   007648  EF3F  F03B         	goto	l2195
  1818   00764C                     u1660:
  1819   00764C  501C               	movf	(OLED_UpdateValues@hum+1)^0,w,c
  1820   00764E  E107               	bnz	u1671
  1821   007650  0E0A               	movlw	10
  1822   007652  5C1B               	subwf	OLED_UpdateValues@hum^0,w,c
  1823   007654  B0D8               	btfsc	status,0,c
  1824   007656  EF2F  F03B         	goto	u1671
  1825   00765A  EF31  F03B         	goto	u1670
  1826   00765E                     u1671:
  1827   00765E  EF36  F03B         	goto	l2191
  1828   007662                     u1670:
  1829   007662  6A2D               	clrf	(_OLED_UpdateValues$504+1)^0,c
  1830   007664  0E42               	movlw	66
  1831   007666  6E2C               	movwf	_OLED_UpdateValues$504^0,c
  1832   007668  EF39  F03B         	goto	l2193
  1833   00766C                     l2191:
  1834   00766C  6A2D               	clrf	(_OLED_UpdateValues$504+1)^0,c
  1835   00766E  0E48               	movlw	72
  1836   007670  6E2C               	movwf	_OLED_UpdateValues$504^0,c
  1837   007672                     l2193:
  1838   007672  C02C  F02A         	movff	_OLED_UpdateValues$504,_OLED_UpdateValues$503
  1839   007676  C02D  F02B         	movff	_OLED_UpdateValues$504+1,_OLED_UpdateValues$503+1
  1840   00767A  EF42  F03B         	goto	l2197
  1841   00767E                     l2195:
  1842   00767E  6A2B               	clrf	(_OLED_UpdateValues$503+1)^0,c
  1843   007680  0E4E               	movlw	78
  1844   007682  6E2A               	movwf	_OLED_UpdateValues$503^0,c
  1845   007684                     l2197:
  1846   007684  C02A  F00C         	movff	_OLED_UpdateValues$503,OLED_Str@col
  1847   007688  0EF8               	movlw	low STR_8
  1848   00768A  6E0D               	movwf	OLED_Str@s^0,c
  1849   00768C  0E7F               	movlw	high STR_8
  1850   00768E  6E0E               	movwf	(OLED_Str@s+1)^0,c
  1851   007690  0E03               	movlw	3
  1852   007692  ECB5  F035         	call	_OLED_Str
  1853                           
  1854                           ;oled_4sensores.c: 463:     } else {
  1855   007696  EF56  F03B         	goto	l2201
  1856   00769A                     l2199:
  1857                           
  1858                           ;oled_4sensores.c: 464:         OLED_Str(3, 0, "Sin BME280");
  1859   00769A  0E00               	movlw	0
  1860   00769C  6E0C               	movwf	OLED_Str@col^0,c
  1861   00769E  0EBA               	movlw	low STR_5
  1862   0076A0  6E0D               	movwf	OLED_Str@s^0,c
  1863   0076A2  0E7F               	movlw	high STR_5
  1864   0076A4  6E0E               	movwf	(OLED_Str@s+1)^0,c
  1865   0076A6  0E03               	movlw	3
  1866   0076A8  ECB5  F035         	call	_OLED_Str
  1867   0076AC                     l2201:
  1868                           
  1869                           ;oled_4sensores.c: 468:     OLED_ClearLine(5);
  1870   0076AC  0E05               	movlw	5
  1871   0076AE  EC4C  F035         	call	_OLED_ClearLine
  1872   0076B2                     
  1873                           ;oled_4sensores.c: 469:     OLED_Num(5, 0, luz);
  1874   0076B2  0E00               	movlw	0
  1875   0076B4  6E0C               	movwf	OLED_Num@col^0,c
  1876   0076B6  C01D  F00D         	movff	OLED_UpdateValues@luz,OLED_Num@n
  1877   0076BA  C01E  F00E         	movff	OLED_UpdateValues@luz+1,OLED_Num@n+1
  1878   0076BE  0E05               	movlw	5
  1879   0076C0  EC0C  F038         	call	_OLED_Num
  1880   0076C4                     
  1881                           ;oled_4sensores.c: 472:     OLED_ClearLine(7);
  1882   0076C4  0E07               	movlw	7
  1883   0076C6  EC4C  F035         	call	_OLED_ClearLine
  1884   0076CA                     
  1885                           ;oled_4sensores.c: 473:     OLED_Num(7, 0, aire);
  1886   0076CA  0E00               	movlw	0
  1887   0076CC  6E0C               	movwf	OLED_Num@col^0,c
  1888   0076CE  C01F  F00D         	movff	OLED_UpdateValues@aire,OLED_Num@n
  1889   0076D2  C020  F00E         	movff	OLED_UpdateValues@aire+1,OLED_Num@n+1
  1890   0076D6  0E07               	movlw	7
  1891   0076D8  EC0C  F038         	call	_OLED_Num
  1892   0076DC                     
  1893                           ;oled_4sensores.c: 474:     if(aire > 400)
  1894   0076DC  0E91               	movlw	145
  1895   0076DE  5C1F               	subwf	OLED_UpdateValues@aire^0,w,c
  1896   0076E0  0E01               	movlw	1
  1897   0076E2  5820               	subwfb	(OLED_UpdateValues@aire+1)^0,w,c
  1898   0076E4  A0D8               	btfss	status,0,c
  1899   0076E6  EF77  F03B         	goto	u1681
  1900   0076EA  EF79  F03B         	goto	u1680
  1901   0076EE                     u1681:
  1902   0076EE  EF84  F03B         	goto	l2213
  1903   0076F2                     u1680:
  1904   0076F2                     
  1905                           ;oled_4sensores.c: 475:         OLED_Str(7, 30, "MALO");
  1906   0076F2  0E1E               	movlw	30
  1907   0076F4  6E0C               	movwf	OLED_Str@col^0,c
  1908   0076F6  0EEC               	movlw	low STR_10
  1909   0076F8  6E0D               	movwf	OLED_Str@s^0,c
  1910   0076FA  0E7F               	movlw	high STR_10
  1911   0076FC  6E0E               	movwf	(OLED_Str@s+1)^0,c
  1912   0076FE  0E07               	movlw	7
  1913   007700  ECB5  F035         	call	_OLED_Str
  1914   007704  EF8D  F03B         	goto	l201
  1915   007708                     l2213:
  1916                           
  1917                           ;oled_4sensores.c: 477:         OLED_Str(7, 30, "OK");
  1918   007708  0E1E               	movlw	30
  1919   00770A  6E0C               	movwf	OLED_Str@col^0,c
  1920   00770C  0EF5               	movlw	low STR_11
  1921   00770E  6E0D               	movwf	OLED_Str@s^0,c
  1922   007710  0E7F               	movlw	high STR_11
  1923   007712  6E0E               	movwf	(OLED_Str@s+1)^0,c
  1924   007714  0E07               	movlw	7
  1925   007716  ECB5  F035         	call	_OLED_Str
  1926   00771A                     l201:
  1927   00771A  0012               	return		;funcret
  1928   00771C                     __end_of_OLED_UpdateValues:
  1929                           	callstack 0
  1930                           
  1931 ;; *************** function ___awdiv *****************
  1932 ;; Defined at:
  1933 ;;		line 7 in file "C:\Program Files\Microchip\xc8\v3.10\pic\sources\c99\common\awdiv.c"
  1934 ;; Parameters:    Size  Location     Type
  1935 ;;  dividend        2    0[COMRAM] int 
  1936 ;;  divisor         2    2[COMRAM] int 
  1937 ;; Auto vars:     Size  Location     Type
  1938 ;;  quotient        2    6[COMRAM] int 
  1939 ;;  sign            1    5[COMRAM] unsigned char 
  1940 ;;  counter         1    4[COMRAM] unsigned char 
  1941 ;; Return value:  Size  Location     Type
  1942 ;;                  2    0[COMRAM] int 
  1943 ;; Registers used:
  1944 ;;		wreg, status,2, status,0
  1945 ;; Tracked objects:
  1946 ;;		On entry : 0/0
  1947 ;;		On exit  : 0/0
  1948 ;;		Unchanged: 0/0
  1949 ;; Data sizes:     COMRAM   BANK0   BANK1   BANK2   BANK3   BANK4   BANK5   BANK6   BANK7
  1950 ;;      Params:         4       0       0       0       0       0       0       0       0
  1951 ;;      Locals:         4       0       0       0       0       0       0       0       0
  1952 ;;      Temps:          0       0       0       0       0       0       0       0       0
  1953 ;;      Totals:         8       0       0       0       0       0       0       0       0
  1954 ;;Total ram usage:        8 bytes
  1955 ;; Hardware stack levels used: 1
  1956 ;; This function calls:
  1957 ;;		Nothing
  1958 ;; This function is called by:
  1959 ;;		_OLED_UpdateValues
  1960 ;; This function uses a non-reentrant model
  1961 ;;
  1962                           
  1963                           	psect	text2
  1964   007166                     __ptext2:
  1965                           	callstack 0
  1966   007166                     ___awdiv:
  1967                           	callstack 29
  1968   007166  6A06               	clrf	___awdiv@sign^0,c
  1969   007168  BE04               	btfsc	(___awdiv@divisor+1)^0,7,c
  1970   00716A  EFBB  F038         	goto	u1260
  1971   00716E  EFB9  F038         	goto	u1261
  1972   007172                     u1261:
  1973   007172  EFC1  F038         	goto	l1979
  1974   007176                     u1260:
  1975   007176  6C03               	negf	___awdiv@divisor^0,c
  1976   007178  1E04               	comf	(___awdiv@divisor+1)^0,f,c
  1977   00717A  B0D8               	btfsc	status,0,c
  1978   00717C  2A04               	incf	(___awdiv@divisor+1)^0,f,c
  1979   00717E  0E01               	movlw	1
  1980   007180  6E06               	movwf	___awdiv@sign^0,c
  1981   007182                     l1979:
  1982   007182  BE02               	btfsc	(___awdiv@dividend+1)^0,7,c
  1983   007184  EFC8  F038         	goto	u1270
  1984   007188  EFC6  F038         	goto	u1271
  1985   00718C                     u1271:
  1986   00718C  EFCE  F038         	goto	l1985
  1987   007190                     u1270:
  1988   007190  6C01               	negf	___awdiv@dividend^0,c
  1989   007192  1E02               	comf	(___awdiv@dividend+1)^0,f,c
  1990   007194  B0D8               	btfsc	status,0,c
  1991   007196  2A02               	incf	(___awdiv@dividend+1)^0,f,c
  1992   007198  0E01               	movlw	1
  1993   00719A  1A06               	xorwf	___awdiv@sign^0,f,c
  1994   00719C                     l1985:
  1995   00719C  6A08               	clrf	(___awdiv@quotient+1)^0,c
  1996   00719E  0E00               	movlw	0
  1997   0071A0  6E07               	movwf	___awdiv@quotient^0,c
  1998   0071A2  5003               	movf	___awdiv@divisor^0,w,c
  1999   0071A4  1004               	iorwf	(___awdiv@divisor+1)^0,w,c
  2000   0071A6  B4D8               	btfsc	status,2,c
  2001   0071A8  EFD8  F038         	goto	u1281
  2002   0071AC  EFDA  F038         	goto	u1280
  2003   0071B0                     u1281:
  2004   0071B0  EF02  F039         	goto	l2007
  2005   0071B4                     u1280:
  2006   0071B4  0E01               	movlw	1
  2007   0071B6  6E05               	movwf	___awdiv@counter^0,c
  2008   0071B8  EFE2  F038         	goto	l1993
  2009   0071BC                     l1991:
  2010   0071BC  90D8               	bcf	status,0,c
  2011   0071BE  3603               	rlcf	___awdiv@divisor^0,f,c
  2012   0071C0  3604               	rlcf	(___awdiv@divisor+1)^0,f,c
  2013   0071C2  2A05               	incf	___awdiv@counter^0,f,c
  2014   0071C4                     l1993:
  2015   0071C4  AE04               	btfss	(___awdiv@divisor+1)^0,7,c
  2016   0071C6  EFE7  F038         	goto	u1291
  2017   0071CA  EFE9  F038         	goto	u1290
  2018   0071CE                     u1291:
  2019   0071CE  EFDE  F038         	goto	l1991
  2020   0071D2                     u1290:
  2021   0071D2                     l1995:
  2022   0071D2  90D8               	bcf	status,0,c
  2023   0071D4  3607               	rlcf	___awdiv@quotient^0,f,c
  2024   0071D6  3608               	rlcf	(___awdiv@quotient+1)^0,f,c
  2025   0071D8  5003               	movf	___awdiv@divisor^0,w,c
  2026   0071DA  5C01               	subwf	___awdiv@dividend^0,w,c
  2027   0071DC  5004               	movf	(___awdiv@divisor+1)^0,w,c
  2028   0071DE  5802               	subwfb	(___awdiv@dividend+1)^0,w,c
  2029   0071E0  A0D8               	btfss	status,0,c
  2030   0071E2  EFF5  F038         	goto	u1301
  2031   0071E6  EFF7  F038         	goto	u1300
  2032   0071EA                     u1301:
  2033   0071EA  EFFC  F038         	goto	l2003
  2034   0071EE                     u1300:
  2035   0071EE  5003               	movf	___awdiv@divisor^0,w,c
  2036   0071F0  5E01               	subwf	___awdiv@dividend^0,f,c
  2037   0071F2  5004               	movf	(___awdiv@divisor+1)^0,w,c
  2038   0071F4  5A02               	subwfb	(___awdiv@dividend+1)^0,f,c
  2039   0071F6  8007               	bsf	___awdiv@quotient^0,0,c
  2040   0071F8                     l2003:
  2041   0071F8  90D8               	bcf	status,0,c
  2042   0071FA  3204               	rrcf	(___awdiv@divisor+1)^0,f,c
  2043   0071FC  3203               	rrcf	___awdiv@divisor^0,f,c
  2044   0071FE  2E05               	decfsz	___awdiv@counter^0,f,c
  2045   007200  EFE9  F038         	goto	l1995
  2046   007204                     l2007:
  2047   007204  5006               	movf	___awdiv@sign^0,w,c
  2048   007206  B4D8               	btfsc	status,2,c
  2049   007208  EF08  F039         	goto	u1311
  2050   00720C  EF0A  F039         	goto	u1310
  2051   007210                     u1311:
  2052   007210  EF0E  F039         	goto	l2011
  2053   007214                     u1310:
  2054   007214  6C07               	negf	___awdiv@quotient^0,c
  2055   007216  1E08               	comf	(___awdiv@quotient+1)^0,f,c
  2056   007218  B0D8               	btfsc	status,0,c
  2057   00721A  2A08               	incf	(___awdiv@quotient+1)^0,f,c
  2058   00721C                     l2011:
  2059   00721C  C007  F001         	movff	___awdiv@quotient,?___awdiv
  2060   007220  C008  F002         	movff	___awdiv@quotient+1,?___awdiv+1
  2061   007224  0012               	return		;funcret
  2062   007226                     __end_of___awdiv:
  2063                           	callstack 0
  2064                           
  2065 ;; *************** function _OLED_Num *****************
  2066 ;; Defined at:
  2067 ;;		line 262 in file "oled_4sensores.c"
  2068 ;; Parameters:    Size  Location     Type
  2069 ;;  pag             1    wreg     unsigned char 
  2070 ;;  col             1   11[COMRAM] unsigned char 
  2071 ;;  n               2   12[COMRAM] unsigned int 
  2072 ;; Auto vars:     Size  Location     Type
  2073 ;;  pag             1   20[COMRAM] unsigned char 
  2074 ;;  buf             6   14[COMRAM] unsigned char [6]
  2075 ;;  i               1   21[COMRAM] unsigned char 
  2076 ;; Return value:  Size  Location     Type
  2077 ;;                  1    wreg      void 
  2078 ;; Registers used:
  2079 ;;		wreg, fsr2l, fsr2h, status,2, status,0, tblptrl, tblptrh, tblptru, prodl, prodh, cstack
  2080 ;; Tracked objects:
  2081 ;;		On entry : 0/0
  2082 ;;		On exit  : 0/0
  2083 ;;		Unchanged: 0/0
  2084 ;; Data sizes:     COMRAM   BANK0   BANK1   BANK2   BANK3   BANK4   BANK5   BANK6   BANK7
  2085 ;;      Params:         3       0       0       0       0       0       0       0       0
  2086 ;;      Locals:         8       0       0       0       0       0       0       0       0
  2087 ;;      Temps:          0       0       0       0       0       0       0       0       0
  2088 ;;      Totals:        11       0       0       0       0       0       0       0       0
  2089 ;;Total ram usage:       11 bytes
  2090 ;; Hardware stack levels used: 1
  2091 ;; Hardware stack levels required when called: 1
  2092 ;; This function calls:
  2093 ;;		_OLED_Char
  2094 ;;		_OLED_SetCursor
  2095 ;;		___lwdiv
  2096 ;;		___lwmod
  2097 ;; This function is called by:
  2098 ;;		_OLED_UpdateValues
  2099 ;; This function uses a non-reentrant model
  2100 ;;
  2101                           
  2102                           	psect	text3
  2103   007018                     __ptext3:
  2104                           	callstack 0
  2105   007018                     _OLED_Num:
  2106                           	callstack 28
  2107                           
  2108                           ;incstack = 0
  2109                           ;OLED_Num@pag stored from wreg
  2110   007018  6E15               	movwf	OLED_Num@pag^0,c
  2111   00701A                     
  2112                           ;oled_4sensores.c: 263:     char buf[6];;oled_4sensores.c: 264:     unsigned char i = 0;
  2113   00701A  6A16               	clrf	OLED_Num@i^0,c
  2114   00701C                     
  2115                           ;oled_4sensores.c: 265:     if(n == 0){ buf[i++] = '0'; }
  2116   00701C  500D               	movf	OLED_Num@n^0,w,c
  2117   00701E  100E               	iorwf	(OLED_Num@n+1)^0,w,c
  2118   007020  A4D8               	btfss	status,2,c
  2119   007022  EF15  F038         	goto	u1151
  2120   007026  EF17  F038         	goto	u1150
  2121   00702A                     u1151:
  2122   00702A  EF3A  F038         	goto	l1887
  2123   00702E                     u1150:
  2124   00702E  0E30               	movlw	48
  2125   007030  6E0F               	movwf	OLED_Num@buf^0,c
  2126   007032  2A16               	incf	OLED_Num@i^0,f,c
  2127   007034  EF43  F038         	goto	l1889
  2128   007038                     l1881:
  2129   007038  5016               	movf	OLED_Num@i^0,w,c
  2130   00703A  0F0F               	addlw	low OLED_Num@buf
  2131   00703C  6ED9               	movwf	fsr2l,c
  2132   00703E  6ADA               	clrf	fsr2h,c
  2133   007040  C00D  F001         	movff	OLED_Num@n,___lwmod@dividend
  2134   007044  C00E  F002         	movff	OLED_Num@n+1,___lwmod@dividend+1
  2135   007048  6A04               	clrf	(___lwmod@divisor+1)^0,c
  2136   00704A  0E0A               	movlw	10
  2137   00704C  6E03               	movwf	___lwmod@divisor^0,c
  2138   00704E  EC84  F036         	call	___lwmod	;wreg free
  2139   007052  5001               	movf	?___lwmod^0,w,c
  2140   007054  0F30               	addlw	48
  2141   007056  6EDF               	movwf	indf2,c
  2142   007058  2A16               	incf	OLED_Num@i^0,f,c
  2143   00705A  C00D  F001         	movff	OLED_Num@n,___lwdiv@dividend
  2144   00705E  C00E  F002         	movff	OLED_Num@n+1,___lwdiv@dividend+1
  2145   007062  6A04               	clrf	(___lwdiv@divisor+1)^0,c
  2146   007064  0E0A               	movlw	10
  2147   007066  6E03               	movwf	___lwdiv@divisor^0,c
  2148   007068  EC21  F037         	call	___lwdiv	;wreg free
  2149   00706C  C001  F00D         	movff	?___lwdiv,OLED_Num@n
  2150   007070  C002  F00E         	movff	?___lwdiv+1,OLED_Num@n+1
  2151   007074                     l1887:
  2152   007074  500D               	movf	OLED_Num@n^0,w,c
  2153   007076  100E               	iorwf	(OLED_Num@n+1)^0,w,c
  2154   007078  A4D8               	btfss	status,2,c
  2155   00707A  EF41  F038         	goto	u1161
  2156   00707E  EF43  F038         	goto	u1160
  2157   007082                     u1161:
  2158   007082  EF1C  F038         	goto	l1881
  2159   007086                     u1160:
  2160   007086                     l1889:
  2161                           
  2162                           ;oled_4sensores.c: 267:     OLED_SetCursor(pag, col);
  2163   007086  C00C  F006         	movff	OLED_Num@col,OLED_SetCursor@col
  2164   00708A  5015               	movf	OLED_Num@pag^0,w,c
  2165   00708C  EC3D  F035         	call	_OLED_SetCursor
  2166                           
  2167                           ;oled_4sensores.c: 268:     while(i--) OLED_Char(buf[i]);
  2168   007090  EF51  F038         	goto	l1893
  2169   007094                     l1891:
  2170   007094  5016               	movf	OLED_Num@i^0,w,c
  2171   007096  0F0F               	addlw	low OLED_Num@buf
  2172   007098  6ED9               	movwf	fsr2l,c
  2173   00709A  6ADA               	clrf	fsr2h,c
  2174   00709C  50DF               	movf	indf2,w,c
  2175   00709E  EC94  F037         	call	_OLED_Char
  2176   0070A2                     l1893:
  2177   0070A2  0616               	decf	OLED_Num@i^0,f,c
  2178   0070A4  2816               	incf	OLED_Num@i^0,w,c
  2179   0070A6  A4D8               	btfss	status,2,c
  2180   0070A8  EF58  F038         	goto	u1171
  2181   0070AC  EF5A  F038         	goto	u1170
  2182   0070B0                     u1171:
  2183   0070B0  EF4A  F038         	goto	l1891
  2184   0070B4                     u1170:
  2185   0070B4  0012               	return		;funcret
  2186   0070B6                     __end_of_OLED_Num:
  2187                           	callstack 0
  2188                           
  2189 ;; *************** function ___lwmod *****************
  2190 ;; Defined at:
  2191 ;;		line 7 in file "C:\Program Files\Microchip\xc8\v3.10\pic\sources\c99\common\lwmod.c"
  2192 ;; Parameters:    Size  Location     Type
  2193 ;;  dividend        2    0[COMRAM] unsigned int 
  2194 ;;  divisor         2    2[COMRAM] unsigned int 
  2195 ;; Auto vars:     Size  Location     Type
  2196 ;;  counter         1    4[COMRAM] unsigned char 
  2197 ;; Return value:  Size  Location     Type
  2198 ;;                  2    0[COMRAM] unsigned int 
  2199 ;; Registers used:
  2200 ;;		wreg, status,2, status,0
  2201 ;; Tracked objects:
  2202 ;;		On entry : 0/0
  2203 ;;		On exit  : 0/0
  2204 ;;		Unchanged: 0/0
  2205 ;; Data sizes:     COMRAM   BANK0   BANK1   BANK2   BANK3   BANK4   BANK5   BANK6   BANK7
  2206 ;;      Params:         4       0       0       0       0       0       0       0       0
  2207 ;;      Locals:         1       0       0       0       0       0       0       0       0
  2208 ;;      Temps:          0       0       0       0       0       0       0       0       0
  2209 ;;      Totals:         5       0       0       0       0       0       0       0       0
  2210 ;;Total ram usage:        5 bytes
  2211 ;; Hardware stack levels used: 1
  2212 ;; This function calls:
  2213 ;;		Nothing
  2214 ;; This function is called by:
  2215 ;;		_OLED_Num
  2216 ;; This function uses a non-reentrant model
  2217 ;;
  2218                           
  2219                           	psect	text4
  2220   006D08                     __ptext4:
  2221                           	callstack 0
  2222   006D08                     ___lwmod:
  2223                           	callstack 28
  2224   006D08  5003               	movf	___lwmod@divisor^0,w,c
  2225   006D0A  1004               	iorwf	(___lwmod@divisor+1)^0,w,c
  2226   006D0C  B4D8               	btfsc	status,2,c
  2227   006D0E  EF8B  F036         	goto	u1091
  2228   006D12  EF8D  F036         	goto	u1090
  2229   006D16                     u1091:
  2230   006D16  EFB1  F036         	goto	l827
  2231   006D1A                     u1090:
  2232   006D1A  0E01               	movlw	1
  2233   006D1C  6E05               	movwf	___lwmod@counter^0,c
  2234   006D1E  EF95  F036         	goto	l1831
  2235   006D22                     l1829:
  2236   006D22  90D8               	bcf	status,0,c
  2237   006D24  3603               	rlcf	___lwmod@divisor^0,f,c
  2238   006D26  3604               	rlcf	(___lwmod@divisor+1)^0,f,c
  2239   006D28  2A05               	incf	___lwmod@counter^0,f,c
  2240   006D2A                     l1831:
  2241   006D2A  AE04               	btfss	(___lwmod@divisor+1)^0,7,c
  2242   006D2C  EF9A  F036         	goto	u1101
  2243   006D30  EF9C  F036         	goto	u1100
  2244   006D34                     u1101:
  2245   006D34  EF91  F036         	goto	l1829
  2246   006D38                     u1100:
  2247   006D38                     l1833:
  2248   006D38  5003               	movf	___lwmod@divisor^0,w,c
  2249   006D3A  5C01               	subwf	___lwmod@dividend^0,w,c
  2250   006D3C  5004               	movf	(___lwmod@divisor+1)^0,w,c
  2251   006D3E  5802               	subwfb	(___lwmod@dividend+1)^0,w,c
  2252   006D40  A0D8               	btfss	status,0,c
  2253   006D42  EFA5  F036         	goto	u1111
  2254   006D46  EFA7  F036         	goto	u1110
  2255   006D4A                     u1111:
  2256   006D4A  EFAB  F036         	goto	l1837
  2257   006D4E                     u1110:
  2258   006D4E  5003               	movf	___lwmod@divisor^0,w,c
  2259   006D50  5E01               	subwf	___lwmod@dividend^0,f,c
  2260   006D52  5004               	movf	(___lwmod@divisor+1)^0,w,c
  2261   006D54  5A02               	subwfb	(___lwmod@dividend+1)^0,f,c
  2262   006D56                     l1837:
  2263   006D56  90D8               	bcf	status,0,c
  2264   006D58  3204               	rrcf	(___lwmod@divisor+1)^0,f,c
  2265   006D5A  3203               	rrcf	___lwmod@divisor^0,f,c
  2266   006D5C  2E05               	decfsz	___lwmod@counter^0,f,c
  2267   006D5E  EF9C  F036         	goto	l1833
  2268   006D62                     l827:
  2269   006D62  C001  F001         	movff	___lwmod@dividend,?___lwmod
  2270   006D66  C002  F002         	movff	___lwmod@dividend+1,?___lwmod+1
  2271   006D6A  0012               	return		;funcret
  2272   006D6C                     __end_of___lwmod:
  2273                           	callstack 0
  2274                           
  2275 ;; *************** function ___lwdiv *****************
  2276 ;; Defined at:
  2277 ;;		line 7 in file "C:\Program Files\Microchip\xc8\v3.10\pic\sources\c99\common\lwdiv.c"
  2278 ;; Parameters:    Size  Location     Type
  2279 ;;  dividend        2    0[COMRAM] unsigned int 
  2280 ;;  divisor         2    2[COMRAM] unsigned int 
  2281 ;; Auto vars:     Size  Location     Type
  2282 ;;  quotient        2    4[COMRAM] unsigned int 
  2283 ;;  counter         1    6[COMRAM] unsigned char 
  2284 ;; Return value:  Size  Location     Type
  2285 ;;                  2    0[COMRAM] unsigned int 
  2286 ;; Registers used:
  2287 ;;		wreg, status,2, status,0
  2288 ;; Tracked objects:
  2289 ;;		On entry : 0/0
  2290 ;;		On exit  : 0/0
  2291 ;;		Unchanged: 0/0
  2292 ;; Data sizes:     COMRAM   BANK0   BANK1   BANK2   BANK3   BANK4   BANK5   BANK6   BANK7
  2293 ;;      Params:         4       0       0       0       0       0       0       0       0
  2294 ;;      Locals:         3       0       0       0       0       0       0       0       0
  2295 ;;      Temps:          0       0       0       0       0       0       0       0       0
  2296 ;;      Totals:         7       0       0       0       0       0       0       0       0
  2297 ;;Total ram usage:        7 bytes
  2298 ;; Hardware stack levels used: 1
  2299 ;; This function calls:
  2300 ;;		Nothing
  2301 ;; This function is called by:
  2302 ;;		_OLED_Num
  2303 ;; This function uses a non-reentrant model
  2304 ;;
  2305                           
  2306                           	psect	text5
  2307   006E42                     __ptext5:
  2308                           	callstack 0
  2309   006E42                     ___lwdiv:
  2310                           	callstack 28
  2311   006E42  6A06               	clrf	(___lwdiv@quotient+1)^0,c
  2312   006E44  0E00               	movlw	0
  2313   006E46  6E05               	movwf	___lwdiv@quotient^0,c
  2314   006E48  5003               	movf	___lwdiv@divisor^0,w,c
  2315   006E4A  1004               	iorwf	(___lwdiv@divisor+1)^0,w,c
  2316   006E4C  B4D8               	btfsc	status,2,c
  2317   006E4E  EF2B  F037         	goto	u1061
  2318   006E52  EF2D  F037         	goto	u1060
  2319   006E56                     u1061:
  2320   006E56  EF55  F037         	goto	l817
  2321   006E5A                     u1060:
  2322   006E5A  0E01               	movlw	1
  2323   006E5C  6E07               	movwf	___lwdiv@counter^0,c
  2324   006E5E  EF35  F037         	goto	l1811
  2325   006E62                     l1809:
  2326   006E62  90D8               	bcf	status,0,c
  2327   006E64  3603               	rlcf	___lwdiv@divisor^0,f,c
  2328   006E66  3604               	rlcf	(___lwdiv@divisor+1)^0,f,c
  2329   006E68  2A07               	incf	___lwdiv@counter^0,f,c
  2330   006E6A                     l1811:
  2331   006E6A  AE04               	btfss	(___lwdiv@divisor+1)^0,7,c
  2332   006E6C  EF3A  F037         	goto	u1071
  2333   006E70  EF3C  F037         	goto	u1070
  2334   006E74                     u1071:
  2335   006E74  EF31  F037         	goto	l1809
  2336   006E78                     u1070:
  2337   006E78                     l1813:
  2338   006E78  90D8               	bcf	status,0,c
  2339   006E7A  3605               	rlcf	___lwdiv@quotient^0,f,c
  2340   006E7C  3606               	rlcf	(___lwdiv@quotient+1)^0,f,c
  2341   006E7E  5003               	movf	___lwdiv@divisor^0,w,c
  2342   006E80  5C01               	subwf	___lwdiv@dividend^0,w,c
  2343   006E82  5004               	movf	(___lwdiv@divisor+1)^0,w,c
  2344   006E84  5802               	subwfb	(___lwdiv@dividend+1)^0,w,c
  2345   006E86  A0D8               	btfss	status,0,c
  2346   006E88  EF48  F037         	goto	u1081
  2347   006E8C  EF4A  F037         	goto	u1080
  2348   006E90                     u1081:
  2349   006E90  EF4F  F037         	goto	l1821
  2350   006E94                     u1080:
  2351   006E94  5003               	movf	___lwdiv@divisor^0,w,c
  2352   006E96  5E01               	subwf	___lwdiv@dividend^0,f,c
  2353   006E98  5004               	movf	(___lwdiv@divisor+1)^0,w,c
  2354   006E9A  5A02               	subwfb	(___lwdiv@dividend+1)^0,f,c
  2355   006E9C  8005               	bsf	___lwdiv@quotient^0,0,c
  2356   006E9E                     l1821:
  2357   006E9E  90D8               	bcf	status,0,c
  2358   006EA0  3204               	rrcf	(___lwdiv@divisor+1)^0,f,c
  2359   006EA2  3203               	rrcf	___lwdiv@divisor^0,f,c
  2360   006EA4  2E07               	decfsz	___lwdiv@counter^0,f,c
  2361   006EA6  EF3C  F037         	goto	l1813
  2362   006EAA                     l817:
  2363   006EAA  C005  F001         	movff	___lwdiv@quotient,?___lwdiv
  2364   006EAE  C006  F002         	movff	___lwdiv@quotient+1,?___lwdiv+1
  2365   006EB2  0012               	return		;funcret
  2366   006EB4                     __end_of___lwdiv:
  2367                           	callstack 0
  2368                           
  2369 ;; *************** function _OLED_Init *****************
  2370 ;; Defined at:
  2371 ;;		line 224 in file "oled_4sensores.c"
  2372 ;; Parameters:    Size  Location     Type
  2373 ;;		None
  2374 ;; Auto vars:     Size  Location     Type
  2375 ;;  i               1   36[COMRAM] unsigned char 
  2376 ;;  cmds           25   11[COMRAM] unsigned char [25]
  2377 ;; Return value:  Size  Location     Type
  2378 ;;                  1    wreg      void 
  2379 ;; Registers used:
  2380 ;;		wreg, fsr1l, fsr1h, fsr2l, fsr2h, status,2, status,0, cstack
  2381 ;; Tracked objects:
  2382 ;;		On entry : 0/0
  2383 ;;		On exit  : 0/0
  2384 ;;		Unchanged: 0/0
  2385 ;; Data sizes:     COMRAM   BANK0   BANK1   BANK2   BANK3   BANK4   BANK5   BANK6   BANK7
  2386 ;;      Params:         0       0       0       0       0       0       0       0       0
  2387 ;;      Locals:        26       0       0       0       0       0       0       0       0
  2388 ;;      Temps:          2       0       0       0       0       0       0       0       0
  2389 ;;      Totals:        28       0       0       0       0       0       0       0       0
  2390 ;;Total ram usage:       28 bytes
  2391 ;; Hardware stack levels used: 1
  2392 ;; Hardware stack levels required when called: 2
  2393 ;; This function calls:
  2394 ;;		_OLED_Clear
  2395 ;;		_OLED_Comando
  2396 ;; This function is called by:
  2397 ;;		_main
  2398 ;; This function uses a non-reentrant model
  2399 ;;
  2400                           
  2401                           	psect	text6
  2402   006BF2                     __ptext6:
  2403                           	callstack 0
  2404   006BF2                     _OLED_Init:
  2405                           	callstack 28
  2406   006BF2                     
  2407                           ;oled_4sensores.c: 225:     _delay((unsigned long)((150)*(8000000/4000.0)));
  2408   006BF2  0E02               	movlw	2
  2409   006BF4  6E0B               	movwf	(??_OLED_Init+1)^0,c
  2410   006BF6  0E86               	movlw	134
  2411   006BF8  6E0A               	movwf	??_OLED_Init^0,c
  2412   006BFA  0E99               	movlw	153
  2413   006BFC                     u1827:
  2414   006BFC  2EE8               	decfsz	wreg,f,c
  2415   006BFE  D7FE               	bra	u1827
  2416   006C00  2E0A               	decfsz	??_OLED_Init^0,f,c
  2417   006C02  D7FC               	bra	u1827
  2418   006C04  2E0B               	decfsz	(??_OLED_Init+1)^0,f,c
  2419   006C06  D7FA               	bra	u1827
  2420   006C08  0000               	nop	
  2421   006C0A                     
  2422                           ;oled_4sensores.c: 226:     unsigned char cmds[] = {
  2423   006C0A  EE20  F060         	lfsr	2,OLED_Init@F3367
  2424   006C0E  EE10  F00C         	lfsr	1,OLED_Init@cmds
  2425   006C12  0E18               	movlw	24
  2426   006C14                     u1321:
  2427   006C14  CFDB FFE3          	movff	plusw2,plusw1
  2428   006C18  06E8               	decf	wreg,f,c
  2429   006C1A  E2FC               	bc	u1321
  2430   006C1C                     
  2431                           ;oled_4sensores.c: 244:     for(unsigned char i = 0; i < sizeof(cmds); i++)
  2432   006C1C  6A25               	clrf	OLED_Init@i^0,c
  2433   006C1E                     l2025:
  2434                           
  2435                           ;oled_4sensores.c: 245:         OLED_Comando(cmds[i]);
  2436   006C1E  5025               	movf	OLED_Init@i^0,w,c
  2437   006C20  0F0C               	addlw	low OLED_Init@cmds
  2438   006C22  6ED9               	movwf	fsr2l,c
  2439   006C24  6ADA               	clrf	fsr2h,c
  2440   006C26  50DF               	movf	indf2,w,c
  2441   006C28  EC2E  F035         	call	_OLED_Comando
  2442   006C2C  2A25               	incf	OLED_Init@i^0,f,c
  2443   006C2E  0E18               	movlw	24
  2444   006C30  6425               	cpfsgt	OLED_Init@i^0,c
  2445   006C32  EF1D  F036         	goto	u1331
  2446   006C36  EF1F  F036         	goto	u1330
  2447   006C3A                     u1331:
  2448   006C3A  EF0F  F036         	goto	l2025
  2449   006C3E                     u1330:
  2450   006C3E                     
  2451                           ;oled_4sensores.c: 246:     OLED_Clear();
  2452   006C3E  EC98  F035         	call	_OLED_Clear	;wreg free
  2453   006C42  0012               	return		;funcret
  2454   006C44                     __end_of_OLED_Init:
  2455                           	callstack 0
  2456                           
  2457 ;; *************** function _OLED_Clear *****************
  2458 ;; Defined at:
  2459 ;;		line 217 in file "oled_4sensores.c"
  2460 ;; Parameters:    Size  Location     Type
  2461 ;;		None
  2462 ;; Auto vars:     Size  Location     Type
  2463 ;;  j               1    7[COMRAM] unsigned char 
  2464 ;;  i               1    8[COMRAM] unsigned char 
  2465 ;; Return value:  Size  Location     Type
  2466 ;;                  1    wreg      void 
  2467 ;; Registers used:
  2468 ;;		wreg, status,2, status,0, cstack
  2469 ;; Tracked objects:
  2470 ;;		On entry : 0/0
  2471 ;;		On exit  : 0/0
  2472 ;;		Unchanged: 0/0
  2473 ;; Data sizes:     COMRAM   BANK0   BANK1   BANK2   BANK3   BANK4   BANK5   BANK6   BANK7
  2474 ;;      Params:         0       0       0       0       0       0       0       0       0
  2475 ;;      Locals:         2       0       0       0       0       0       0       0       0
  2476 ;;      Temps:          0       0       0       0       0       0       0       0       0
  2477 ;;      Totals:         2       0       0       0       0       0       0       0       0
  2478 ;;Total ram usage:        2 bytes
  2479 ;; Hardware stack levels used: 1
  2480 ;; Hardware stack levels required when called: 1
  2481 ;; This function calls:
  2482 ;;		_OLED_Dato
  2483 ;;		_OLED_SetCursor
  2484 ;; This function is called by:
  2485 ;;		_OLED_Init
  2486 ;; This function uses a non-reentrant model
  2487 ;;
  2488                           
  2489                           	psect	text7
  2490   006B30                     __ptext7:
  2491                           	callstack 0
  2492   006B30                     _OLED_Clear:
  2493                           	callstack 28
  2494   006B30                     
  2495                           ;oled_4sensores.c: 218:     for(unsigned char i = 0; i < 8; i++){
  2496   006B30  6A09               	clrf	OLED_Clear@i^0,c
  2497   006B32                     l1847:
  2498                           
  2499                           ;oled_4sensores.c: 219:         OLED_SetCursor(i, 0);
  2500   006B32  0E00               	movlw	0
  2501   006B34  6E06               	movwf	OLED_SetCursor@col^0,c
  2502   006B36  5009               	movf	OLED_Clear@i^0,w,c
  2503   006B38  EC3D  F035         	call	_OLED_SetCursor
  2504   006B3C                     
  2505                           ;oled_4sensores.c: 220:         for(unsigned char j = 0; j < 128; j++) OLED_Dato(0x00);
  2506   006B3C  6A08               	clrf	OLED_Clear@j^0,c
  2507   006B3E                     l1855:
  2508   006B3E  0E00               	movlw	0
  2509   006B40  EC1F  F035         	call	_OLED_Dato
  2510   006B44  2A08               	incf	OLED_Clear@j^0,f,c
  2511   006B46  0E7F               	movlw	127
  2512   006B48  6408               	cpfsgt	OLED_Clear@j^0,c
  2513   006B4A  EFA9  F035         	goto	u1121
  2514   006B4E  EFAB  F035         	goto	u1120
  2515   006B52                     u1121:
  2516   006B52  EF9F  F035         	goto	l1855
  2517   006B56                     u1120:
  2518   006B56                     
  2519                           ;oled_4sensores.c: 221:     }
  2520   006B56  2A09               	incf	OLED_Clear@i^0,f,c
  2521   006B58  0E07               	movlw	7
  2522   006B5A  6409               	cpfsgt	OLED_Clear@i^0,c
  2523   006B5C  EFB2  F035         	goto	u1131
  2524   006B60  EFB4  F035         	goto	u1130
  2525   006B64                     u1131:
  2526   006B64  EF99  F035         	goto	l1847
  2527   006B68                     u1130:
  2528   006B68  0012               	return		;funcret
  2529   006B6A                     __end_of_OLED_Clear:
  2530                           	callstack 0
  2531                           
  2532 ;; *************** function _OLED_DrawLabels *****************
  2533 ;; Defined at:
  2534 ;;		line 436 in file "oled_4sensores.c"
  2535 ;; Parameters:    Size  Location     Type
  2536 ;;  hay_bme         1    wreg     unsigned char 
  2537 ;; Auto vars:     Size  Location     Type
  2538 ;;  hay_bme         1   15[COMRAM] unsigned char 
  2539 ;; Return value:  Size  Location     Type
  2540 ;;                  1    wreg      void 
  2541 ;; Registers used:
  2542 ;;		wreg, status,2, status,0, tblptrl, tblptrh, tblptru, prodl, prodh, cstack
  2543 ;; Tracked objects:
  2544 ;;		On entry : 0/0
  2545 ;;		On exit  : 0/0
  2546 ;;		Unchanged: 0/0
  2547 ;; Data sizes:     COMRAM   BANK0   BANK1   BANK2   BANK3   BANK4   BANK5   BANK6   BANK7
  2548 ;;      Params:         0       0       0       0       0       0       0       0       0
  2549 ;;      Locals:         1       0       0       0       0       0       0       0       0
  2550 ;;      Temps:          0       0       0       0       0       0       0       0       0
  2551 ;;      Totals:         1       0       0       0       0       0       0       0       0
  2552 ;;Total ram usage:        1 bytes
  2553 ;; Hardware stack levels used: 1
  2554 ;; Hardware stack levels required when called: 4
  2555 ;; This function calls:
  2556 ;;		_OLED_ClearLine
  2557 ;;		_OLED_Str
  2558 ;; This function is called by:
  2559 ;;		_main
  2560 ;; This function uses a non-reentrant model
  2561 ;;
  2562                           
  2563                           	psect	text8
  2564   006EB4                     __ptext8:
  2565                           	callstack 0
  2566   006EB4                     _OLED_DrawLabels:
  2567                           	callstack 26
  2568                           
  2569                           ;incstack = 0
  2570                           ;OLED_DrawLabels@hay_bme stored from wreg
  2571   006EB4  6E10               	movwf	OLED_DrawLabels@hay_bme^0,c
  2572   006EB6                     
  2573                           ;oled_4sensores.c: 437:     OLED_Str(0, 0, "Temp LM35:");
  2574   006EB6  0E00               	movlw	0
  2575   006EB8  6E0C               	movwf	OLED_Str@col^0,c
  2576   006EBA  0EC5               	movlw	low STR_1
  2577   006EBC  6E0D               	movwf	OLED_Str@s^0,c
  2578   006EBE  0E7F               	movlw	high STR_1
  2579   006EC0  6E0E               	movwf	(OLED_Str@s+1)^0,c
  2580   006EC2  0E00               	movlw	0
  2581   006EC4  ECB5  F035         	call	_OLED_Str
  2582                           
  2583                           ;oled_4sensores.c: 438:     OLED_Str(2, 0, "Humedad:");
  2584   006EC8  0E00               	movlw	0
  2585   006ECA  6E0C               	movwf	OLED_Str@col^0,c
  2586   006ECC  0ED0               	movlw	low STR_2
  2587   006ECE  6E0D               	movwf	OLED_Str@s^0,c
  2588   006ED0  0E7F               	movlw	high STR_2
  2589   006ED2  6E0E               	movwf	(OLED_Str@s+1)^0,c
  2590   006ED4  0E02               	movlw	2
  2591   006ED6  ECB5  F035         	call	_OLED_Str
  2592                           
  2593                           ;oled_4sensores.c: 439:     OLED_Str(4, 0, "Luz:");
  2594   006EDA  0E00               	movlw	0
  2595   006EDC  6E0C               	movwf	OLED_Str@col^0,c
  2596   006EDE  0EE7               	movlw	low STR_3
  2597   006EE0  6E0D               	movwf	OLED_Str@s^0,c
  2598   006EE2  0E7F               	movlw	high STR_3
  2599   006EE4  6E0E               	movwf	(OLED_Str@s+1)^0,c
  2600   006EE6  0E04               	movlw	4
  2601   006EE8  ECB5  F035         	call	_OLED_Str
  2602                           
  2603                           ;oled_4sensores.c: 440:     OLED_Str(6, 0, "Aire:");
  2604   006EEC  0E00               	movlw	0
  2605   006EEE  6E0C               	movwf	OLED_Str@col^0,c
  2606   006EF0  0EE1               	movlw	low STR_4
  2607   006EF2  6E0D               	movwf	OLED_Str@s^0,c
  2608   006EF4  0E7F               	movlw	high STR_4
  2609   006EF6  6E0E               	movwf	(OLED_Str@s+1)^0,c
  2610   006EF8  0E06               	movlw	6
  2611   006EFA  ECB5  F035         	call	_OLED_Str
  2612   006EFE                     
  2613                           ;oled_4sensores.c: 441:     if(!hay_bme){
  2614   006EFE  5010               	movf	OLED_DrawLabels@hay_bme^0,w,c
  2615   006F00  A4D8               	btfss	status,2,c
  2616   006F02  EF85  F037         	goto	u1601
  2617   006F06  EF87  F037         	goto	u1600
  2618   006F0A                     u1601:
  2619   006F0A  EF93  F037         	goto	l170
  2620   006F0E                     u1600:
  2621   006F0E                     
  2622                           ;oled_4sensores.c: 442:         OLED_ClearLine(3);
  2623   006F0E  0E03               	movlw	3
  2624   006F10  EC4C  F035         	call	_OLED_ClearLine
  2625   006F14                     
  2626                           ;oled_4sensores.c: 443:         OLED_Str(3, 0, "Sin BME280");
  2627   006F14  0E00               	movlw	0
  2628   006F16  6E0C               	movwf	OLED_Str@col^0,c
  2629   006F18  0EBA               	movlw	low STR_5
  2630   006F1A  6E0D               	movwf	OLED_Str@s^0,c
  2631   006F1C  0E7F               	movlw	high STR_5
  2632   006F1E  6E0E               	movwf	(OLED_Str@s+1)^0,c
  2633   006F20  0E03               	movlw	3
  2634   006F22  ECB5  F035         	call	_OLED_Str
  2635   006F26                     l170:
  2636   006F26  0012               	return		;funcret
  2637   006F28                     __end_of_OLED_DrawLabels:
  2638                           	callstack 0
  2639                           
  2640 ;; *************** function _OLED_Str *****************
  2641 ;; Defined at:
  2642 ;;		line 256 in file "oled_4sensores.c"
  2643 ;; Parameters:    Size  Location     Type
  2644 ;;  pag             1    wreg     unsigned char 
  2645 ;;  col             1   11[COMRAM] unsigned char 
  2646 ;;  s               2   12[COMRAM] PTR const unsigned char 
  2647 ;;		 -> STR_11(3), STR_10(5), STR_9(11), STR_8(2), 
  2648 ;;		 -> STR_7(8), STR_6(4), STR_5(11), STR_4(6), 
  2649 ;;		 -> STR_3(5), STR_2(9), STR_1(11), 
  2650 ;; Auto vars:     Size  Location     Type
  2651 ;;  pag             1   14[COMRAM] unsigned char 
  2652 ;; Return value:  Size  Location     Type
  2653 ;;                  1    wreg      void 
  2654 ;; Registers used:
  2655 ;;		wreg, status,2, status,0, tblptrl, tblptrh, tblptru, prodl, prodh, cstack
  2656 ;; Tracked objects:
  2657 ;;		On entry : 0/0
  2658 ;;		On exit  : 0/0
  2659 ;;		Unchanged: 0/0
  2660 ;; Data sizes:     COMRAM   BANK0   BANK1   BANK2   BANK3   BANK4   BANK5   BANK6   BANK7
  2661 ;;      Params:         3       0       0       0       0       0       0       0       0
  2662 ;;      Locals:         1       0       0       0       0       0       0       0       0
  2663 ;;      Temps:          0       0       0       0       0       0       0       0       0
  2664 ;;      Totals:         4       0       0       0       0       0       0       0       0
  2665 ;;Total ram usage:        4 bytes
  2666 ;; Hardware stack levels used: 1
  2667 ;; This function calls:
  2668 ;;		_OLED_Char
  2669 ;;		_OLED_SetCursor
  2670 ;; This function is called by:
  2671 ;;		_OLED_DrawLabels
  2672 ;;		_OLED_UpdateValues
  2673 ;; This function uses a non-reentrant model
  2674 ;;
  2675                           
  2676                           	psect	text9
  2677   006B6A                     __ptext9:
  2678                           	callstack 0
  2679   006B6A                     _OLED_Str:
  2680                           	callstack 29
  2681                           
  2682                           ;incstack = 0
  2683                           ;OLED_Str@pag stored from wreg
  2684   006B6A  6E0F               	movwf	OLED_Str@pag^0,c
  2685   006B6C                     
  2686                           ;oled_4sensores.c: 257:     OLED_SetCursor(pag, col);
  2687   006B6C  C00C  F006         	movff	OLED_Str@col,OLED_SetCursor@col
  2688   006B70  500F               	movf	OLED_Str@pag^0,w,c
  2689   006B72  EC3D  F035         	call	_OLED_SetCursor
  2690                           
  2691                           ;oled_4sensores.c: 258:     while(*s) OLED_Char(*s++);
  2692   006B76  EFC7  F035         	goto	l1871
  2693   006B7A                     l1867:
  2694   006B7A  C00D  FFF6         	movff	OLED_Str@s,tblptrl
  2695   006B7E  C00E  FFF7         	movff	OLED_Str@s+1,tblptrh
  2696   006B82                     	if	0	;tblptru may be non-zero
  2697   006B82                     	endif
  2698   006B82                     	if	0	;tblptru may be non-zero
  2699   006B82                     	endif
  2700   006B82  0008               	tblrd		*
  2701   006B84  50F5               	movf	tablat,w,c
  2702   006B86  EC94  F037         	call	_OLED_Char
  2703   006B8A  4A0D               	infsnz	OLED_Str@s^0,f,c
  2704   006B8C  2A0E               	incf	(OLED_Str@s+1)^0,f,c
  2705   006B8E                     l1871:
  2706   006B8E  C00D  FFF6         	movff	OLED_Str@s,tblptrl
  2707   006B92  C00E  FFF7         	movff	OLED_Str@s+1,tblptrh
  2708   006B96                     	if	0	;tblptru may be non-zero
  2709   006B96                     	endif
  2710   006B96                     	if	0	;tblptru may be non-zero
  2711   006B96                     	endif
  2712   006B96  0008               	tblrd		*
  2713   006B98  50F5               	movf	tablat,w,c
  2714   006B9A  0900               	iorlw	0
  2715   006B9C  A4D8               	btfss	status,2,c
  2716   006B9E  EFD3  F035         	goto	u1141
  2717   006BA2  EFD5  F035         	goto	u1140
  2718   006BA6                     u1141:
  2719   006BA6  EFBD  F035         	goto	l1867
  2720   006BAA                     u1140:
  2721   006BAA  0012               	return		;funcret
  2722   006BAC                     __end_of_OLED_Str:
  2723                           	callstack 0
  2724                           
  2725 ;; *************** function _OLED_Char *****************
  2726 ;; Defined at:
  2727 ;;		line 249 in file "oled_4sensores.c"
  2728 ;; Parameters:    Size  Location     Type
  2729 ;;  c               1    wreg     unsigned char 
  2730 ;; Auto vars:     Size  Location     Type
  2731 ;;  c               1    9[COMRAM] unsigned char 
  2732 ;;  i               1   10[COMRAM] unsigned char 
  2733 ;; Return value:  Size  Location     Type
  2734 ;;                  1    wreg      void 
  2735 ;; Registers used:
  2736 ;;		wreg, status,2, status,0, tblptrl, tblptrh, tblptru, prodl, prodh, cstack
  2737 ;; Tracked objects:
  2738 ;;		On entry : 0/0
  2739 ;;		On exit  : 0/0
  2740 ;;		Unchanged: 0/0
  2741 ;; Data sizes:     COMRAM   BANK0   BANK1   BANK2   BANK3   BANK4   BANK5   BANK6   BANK7
  2742 ;;      Params:         0       0       0       0       0       0       0       0       0
  2743 ;;      Locals:         2       0       0       0       0       0       0       0       0
  2744 ;;      Temps:          4       0       0       0       0       0       0       0       0
  2745 ;;      Totals:         6       0       0       0       0       0       0       0       0
  2746 ;;Total ram usage:        6 bytes
  2747 ;; Hardware stack levels used: 1
  2748 ;; This function calls:
  2749 ;;		_OLED_Dato
  2750 ;; This function is called by:
  2751 ;;		_OLED_Str
  2752 ;;		_OLED_Num
  2753 ;; This function uses a non-reentrant model
  2754 ;;
  2755                           
  2756                           	psect	text10
  2757   006F28                     __ptext10:
  2758                           	callstack 0
  2759   006F28                     _OLED_Char:
  2760                           	callstack 28
  2761                           
  2762                           ;incstack = 0
  2763                           ;OLED_Char@c stored from wreg
  2764   006F28  6E0A               	movwf	OLED_Char@c^0,c
  2765   006F2A                     
  2766                           ;oled_4sensores.c: 250:     if(c < 32 || c > 122) c = '?';
  2767   006F2A  0E1F               	movlw	31
  2768   006F2C  640A               	cpfsgt	OLED_Char@c^0,c
  2769   006F2E  EF9B  F037         	goto	u981
  2770   006F32  EF9D  F037         	goto	u980
  2771   006F36                     u981:
  2772   006F36  EFA5  F037         	goto	l1749
  2773   006F3A                     u980:
  2774   006F3A  0E7A               	movlw	122
  2775   006F3C  640A               	cpfsgt	OLED_Char@c^0,c
  2776   006F3E  EFA3  F037         	goto	u991
  2777   006F42  EFA5  F037         	goto	u990
  2778   006F46                     u991:
  2779   006F46  EFA7  F037         	goto	l1751
  2780   006F4A                     u990:
  2781   006F4A                     l1749:
  2782   006F4A  0E3F               	movlw	63
  2783   006F4C  6E0A               	movwf	OLED_Char@c^0,c
  2784   006F4E                     l1751:
  2785                           
  2786                           ;oled_4sensores.c: 251:     for(unsigned char i = 0; i < 5; i++)
  2787   006F4E  6A0B               	clrf	OLED_Char@i^0,c
  2788   006F50                     l1757:
  2789                           
  2790                           ;oled_4sensores.c: 252:         OLED_Dato(font5x8[c - 32][i]);
  2791   006F50  500A               	movf	OLED_Char@c^0,w,c
  2792   006F52  0D05               	mullw	5
  2793   006F54  0EF3               	movlw	low _font5x8
  2794   006F56  24F3               	addwf	243,w,c
  2795   006F58  6E06               	movwf	??_OLED_Char^0,c
  2796   006F5A  0E7D               	movlw	high _font5x8
  2797   006F5C  20F4               	addwfc	prodh,w,c
  2798   006F5E  6E07               	movwf	(??_OLED_Char+1)^0,c
  2799   006F60  500B               	movf	OLED_Char@i^0,w,c
  2800   006F62  2606               	addwf	??_OLED_Char^0,f,c
  2801   006F64  0E00               	movlw	0
  2802   006F66  2207               	addwfc	(??_OLED_Char+1)^0,f,c
  2803   006F68  0E60               	movlw	96
  2804   006F6A  2406               	addwf	??_OLED_Char^0,w,c
  2805   006F6C  6E08               	movwf	(??_OLED_Char+2)^0,c
  2806   006F6E  0EFF               	movlw	255
  2807   006F70  2007               	addwfc	(??_OLED_Char+1)^0,w,c
  2808   006F72  6E09               	movwf	(??_OLED_Char+3)^0,c
  2809   006F74  C008  FFF6         	movff	??_OLED_Char+2,tblptrl
  2810   006F78  C009  FFF7         	movff	??_OLED_Char+3,tblptrh
  2811   006F7C                     	if	0	;tblptru may be non-zero
  2812   006F7C                     	endif
  2813   006F7C                     	if	0	;tblptru may be non-zero
  2814   006F7C                     	endif
  2815   006F7C  0008               	tblrd		*
  2816   006F7E  50F5               	movf	tablat,w,c
  2817   006F80  EC1F  F035         	call	_OLED_Dato
  2818   006F84  2A0B               	incf	OLED_Char@i^0,f,c
  2819   006F86  0E04               	movlw	4
  2820   006F88  640B               	cpfsgt	OLED_Char@i^0,c
  2821   006F8A  EFC9  F037         	goto	u1001
  2822   006F8E  EFCB  F037         	goto	u1000
  2823   006F92                     u1001:
  2824   006F92  EFA8  F037         	goto	l1757
  2825   006F96                     u1000:
  2826   006F96                     
  2827                           ;oled_4sensores.c: 253:     OLED_Dato(0x00);
  2828   006F96  0E00               	movlw	0
  2829   006F98  EC1F  F035         	call	_OLED_Dato
  2830   006F9C  0012               	return		;funcret
  2831   006F9E                     __end_of_OLED_Char:
  2832                           	callstack 0
  2833                           
  2834 ;; *************** function _OLED_ClearLine *****************
  2835 ;; Defined at:
  2836 ;;		line 272 in file "oled_4sensores.c"
  2837 ;; Parameters:    Size  Location     Type
  2838 ;;  pag             1    wreg     unsigned char 
  2839 ;; Auto vars:     Size  Location     Type
  2840 ;;  pag             1    7[COMRAM] unsigned char 
  2841 ;;  j               1    8[COMRAM] unsigned char 
  2842 ;; Return value:  Size  Location     Type
  2843 ;;                  1    wreg      void 
  2844 ;; Registers used:
  2845 ;;		wreg, status,2, status,0, cstack
  2846 ;; Tracked objects:
  2847 ;;		On entry : 0/0
  2848 ;;		On exit  : 0/0
  2849 ;;		Unchanged: 0/0
  2850 ;; Data sizes:     COMRAM   BANK0   BANK1   BANK2   BANK3   BANK4   BANK5   BANK6   BANK7
  2851 ;;      Params:         0       0       0       0       0       0       0       0       0
  2852 ;;      Locals:         2       0       0       0       0       0       0       0       0
  2853 ;;      Temps:          0       0       0       0       0       0       0       0       0
  2854 ;;      Totals:         2       0       0       0       0       0       0       0       0
  2855 ;;Total ram usage:        2 bytes
  2856 ;; Hardware stack levels used: 1
  2857 ;; This function calls:
  2858 ;;		_OLED_Dato
  2859 ;;		_OLED_SetCursor
  2860 ;; This function is called by:
  2861 ;;		_OLED_DrawLabels
  2862 ;;		_OLED_UpdateValues
  2863 ;; This function uses a non-reentrant model
  2864 ;;
  2865                           
  2866                           	psect	text11
  2867   006A98                     __ptext11:
  2868                           	callstack 0
  2869   006A98                     _OLED_ClearLine:
  2870                           	callstack 29
  2871                           
  2872                           ;incstack = 0
  2873                           ;OLED_ClearLine@pag stored from wreg
  2874   006A98  6E08               	movwf	OLED_ClearLine@pag^0,c
  2875   006A9A                     
  2876                           ;oled_4sensores.c: 273:     OLED_SetCursor(pag, 0);
  2877   006A9A  0E00               	movlw	0
  2878   006A9C  6E06               	movwf	OLED_SetCursor@col^0,c
  2879   006A9E  5008               	movf	OLED_ClearLine@pag^0,w,c
  2880   006AA0  EC3D  F035         	call	_OLED_SetCursor
  2881   006AA4                     
  2882                           ;oled_4sensores.c: 274:     for(unsigned char j = 0; j < 128; j++) OLED_Dato(0x00);
  2883   006AA4  6A09               	clrf	OLED_ClearLine@j^0,c
  2884   006AA6                     l1903:
  2885   006AA6  0E00               	movlw	0
  2886   006AA8  EC1F  F035         	call	_OLED_Dato
  2887   006AAC  2A09               	incf	OLED_ClearLine@j^0,f,c
  2888   006AAE  0E7F               	movlw	127
  2889   006AB0  6409               	cpfsgt	OLED_ClearLine@j^0,c
  2890   006AB2  EF5D  F035         	goto	u1181
  2891   006AB6  EF5F  F035         	goto	u1180
  2892   006ABA                     u1181:
  2893   006ABA  EF53  F035         	goto	l1903
  2894   006ABE                     u1180:
  2895   006ABE  0012               	return		;funcret
  2896   006AC0                     __end_of_OLED_ClearLine:
  2897                           	callstack 0
  2898                           
  2899 ;; *************** function _OLED_SetCursor *****************
  2900 ;; Defined at:
  2901 ;;		line 211 in file "oled_4sensores.c"
  2902 ;; Parameters:    Size  Location     Type
  2903 ;;  pag             1    wreg     unsigned char 
  2904 ;;  col             1    5[COMRAM] unsigned char 
  2905 ;; Auto vars:     Size  Location     Type
  2906 ;;  pag             1    6[COMRAM] unsigned char 
  2907 ;; Return value:  Size  Location     Type
  2908 ;;                  1    wreg      void 
  2909 ;; Registers used:
  2910 ;;		wreg, status,2, status,0, cstack
  2911 ;; Tracked objects:
  2912 ;;		On entry : 0/0
  2913 ;;		On exit  : 0/0
  2914 ;;		Unchanged: 0/0
  2915 ;; Data sizes:     COMRAM   BANK0   BANK1   BANK2   BANK3   BANK4   BANK5   BANK6   BANK7
  2916 ;;      Params:         1       0       0       0       0       0       0       0       0
  2917 ;;      Locals:         1       0       0       0       0       0       0       0       0
  2918 ;;      Temps:          0       0       0       0       0       0       0       0       0
  2919 ;;      Totals:         2       0       0       0       0       0       0       0       0
  2920 ;;Total ram usage:        2 bytes
  2921 ;; Hardware stack levels used: 1
  2922 ;; This function calls:
  2923 ;;		_OLED_Comando
  2924 ;; This function is called by:
  2925 ;;		_OLED_Clear
  2926 ;;		_OLED_Str
  2927 ;;		_OLED_Num
  2928 ;;		_OLED_ClearLine
  2929 ;; This function uses a non-reentrant model
  2930 ;;
  2931                           
  2932                           	psect	text12
  2933   006A7A                     __ptext12:
  2934                           	callstack 0
  2935   006A7A                     _OLED_SetCursor:
  2936                           	callstack 28
  2937                           
  2938                           ;incstack = 0
  2939                           ;OLED_SetCursor@pag stored from wreg
  2940   006A7A  6E07               	movwf	OLED_SetCursor@pag^0,c
  2941   006A7C                     
  2942                           ;oled_4sensores.c: 212:     OLED_Comando(0xB0 | pag);
  2943   006A7C  5007               	movf	OLED_SetCursor@pag^0,w,c
  2944   006A7E  09B0               	iorlw	176
  2945   006A80  EC2E  F035         	call	_OLED_Comando
  2946                           
  2947                           ;oled_4sensores.c: 213:     OLED_Comando(col & 0x0F);
  2948   006A84  5006               	movf	OLED_SetCursor@col^0,w,c
  2949   006A86  0B0F               	andlw	15
  2950   006A88  EC2E  F035         	call	_OLED_Comando
  2951                           
  2952                           ;oled_4sensores.c: 214:     OLED_Comando(0x10 | (col >> 4));
  2953   006A8C  3806               	swapf	OLED_SetCursor@col^0,w,c
  2954   006A8E  0B0F               	andlw	15
  2955   006A90  0910               	iorlw	16
  2956   006A92  EC2E  F035         	call	_OLED_Comando
  2957   006A96  0012               	return		;funcret
  2958   006A98                     __end_of_OLED_SetCursor:
  2959                           	callstack 0
  2960                           
  2961 ;; *************** function _OLED_Comando *****************
  2962 ;; Defined at:
  2963 ;;		line 195 in file "oled_4sensores.c"
  2964 ;; Parameters:    Size  Location     Type
  2965 ;;  c               1    wreg     unsigned char 
  2966 ;; Auto vars:     Size  Location     Type
  2967 ;;  c               1    4[COMRAM] unsigned char 
  2968 ;; Return value:  Size  Location     Type
  2969 ;;                  1    wreg      void 
  2970 ;; Registers used:
  2971 ;;		wreg, status,2, status,0, cstack
  2972 ;; Tracked objects:
  2973 ;;		On entry : 0/0
  2974 ;;		On exit  : 0/0
  2975 ;;		Unchanged: 0/0
  2976 ;; Data sizes:     COMRAM   BANK0   BANK1   BANK2   BANK3   BANK4   BANK5   BANK6   BANK7
  2977 ;;      Params:         0       0       0       0       0       0       0       0       0
  2978 ;;      Locals:         1       0       0       0       0       0       0       0       0
  2979 ;;      Temps:          0       0       0       0       0       0       0       0       0
  2980 ;;      Totals:         1       0       0       0       0       0       0       0       0
  2981 ;;Total ram usage:        1 bytes
  2982 ;; Hardware stack levels used: 1
  2983 ;; This function calls:
  2984 ;;		_I2C_Start
  2985 ;;		_I2C_Stop
  2986 ;;		_I2C_Write
  2987 ;; This function is called by:
  2988 ;;		_OLED_SetCursor
  2989 ;;		_OLED_Init
  2990 ;; This function uses a non-reentrant model
  2991 ;;
  2992                           
  2993                           	psect	text13
  2994   006A5C                     __ptext13:
  2995                           	callstack 0
  2996   006A5C                     _OLED_Comando:
  2997                           	callstack 27
  2998                           
  2999                           ;incstack = 0
  3000                           ;OLED_Comando@c stored from wreg
  3001   006A5C  6E05               	movwf	OLED_Comando@c^0,c
  3002   006A5E                     
  3003                           ;oled_4sensores.c: 196:     I2C_Start();
  3004   006A5E  EC07  F035         	call	_I2C_Start	;wreg free
  3005   006A62                     
  3006                           ;oled_4sensores.c: 197:     I2C_Write(0x78);
  3007   006A62  0E78               	movlw	120
  3008   006A64  EC52  F036         	call	_I2C_Write
  3009   006A68                     
  3010                           ;oled_4sensores.c: 198:     I2C_Write(0x00);
  3011   006A68  0E00               	movlw	0
  3012   006A6A  EC52  F036         	call	_I2C_Write
  3013   006A6E                     
  3014                           ;oled_4sensores.c: 199:     I2C_Write(c);
  3015   006A6E  5005               	movf	OLED_Comando@c^0,w,c
  3016   006A70  EC52  F036         	call	_I2C_Write
  3017   006A74                     
  3018                           ;oled_4sensores.c: 200:     I2C_Stop();
  3019   006A74  ECF4  F034         	call	_I2C_Stop	;wreg free
  3020   006A78  0012               	return		;funcret
  3021   006A7A                     __end_of_OLED_Comando:
  3022                           	callstack 0
  3023                           
  3024 ;; *************** function _OLED_Dato *****************
  3025 ;; Defined at:
  3026 ;;		line 203 in file "oled_4sensores.c"
  3027 ;; Parameters:    Size  Location     Type
  3028 ;;  d               1    wreg     unsigned char 
  3029 ;; Auto vars:     Size  Location     Type
  3030 ;;  d               1    4[COMRAM] unsigned char 
  3031 ;; Return value:  Size  Location     Type
  3032 ;;                  1    wreg      void 
  3033 ;; Registers used:
  3034 ;;		wreg, status,2, status,0, cstack
  3035 ;; Tracked objects:
  3036 ;;		On entry : 0/0
  3037 ;;		On exit  : 0/0
  3038 ;;		Unchanged: 0/0
  3039 ;; Data sizes:     COMRAM   BANK0   BANK1   BANK2   BANK3   BANK4   BANK5   BANK6   BANK7
  3040 ;;      Params:         0       0       0       0       0       0       0       0       0
  3041 ;;      Locals:         1       0       0       0       0       0       0       0       0
  3042 ;;      Temps:          0       0       0       0       0       0       0       0       0
  3043 ;;      Totals:         1       0       0       0       0       0       0       0       0
  3044 ;;Total ram usage:        1 bytes
  3045 ;; Hardware stack levels used: 1
  3046 ;; This function calls:
  3047 ;;		_I2C_Start
  3048 ;;		_I2C_Stop
  3049 ;;		_I2C_Write
  3050 ;; This function is called by:
  3051 ;;		_OLED_Clear
  3052 ;;		_OLED_Char
  3053 ;;		_OLED_ClearLine
  3054 ;; This function uses a non-reentrant model
  3055 ;;
  3056                           
  3057                           	psect	text14
  3058   006A3E                     __ptext14:
  3059                           	callstack 0
  3060   006A3E                     _OLED_Dato:
  3061                           	callstack 27
  3062                           
  3063                           ;incstack = 0
  3064                           ;OLED_Dato@d stored from wreg
  3065   006A3E  6E05               	movwf	OLED_Dato@d^0,c
  3066   006A40                     
  3067                           ;oled_4sensores.c: 204:     I2C_Start();
  3068   006A40  EC07  F035         	call	_I2C_Start	;wreg free
  3069   006A44                     
  3070                           ;oled_4sensores.c: 205:     I2C_Write(0x78);
  3071   006A44  0E78               	movlw	120
  3072   006A46  EC52  F036         	call	_I2C_Write
  3073   006A4A                     
  3074                           ;oled_4sensores.c: 206:     I2C_Write(0x40);
  3075   006A4A  0E40               	movlw	64
  3076   006A4C  EC52  F036         	call	_I2C_Write
  3077   006A50                     
  3078                           ;oled_4sensores.c: 207:     I2C_Write(d);
  3079   006A50  5005               	movf	OLED_Dato@d^0,w,c
  3080   006A52  EC52  F036         	call	_I2C_Write
  3081   006A56                     
  3082                           ;oled_4sensores.c: 208:     I2C_Stop();
  3083   006A56  ECF4  F034         	call	_I2C_Stop	;wreg free
  3084   006A5A  0012               	return		;funcret
  3085   006A5C                     __end_of_OLED_Dato:
  3086                           	callstack 0
  3087                           
  3088 ;; *************** function _BME_Init *****************
  3089 ;; Defined at:
  3090 ;;		line 348 in file "oled_4sensores.c"
  3091 ;; Parameters:    Size  Location     Type
  3092 ;;		None
  3093 ;; Auto vars:     Size  Location     Type
  3094 ;;  id              1   50[COMRAM] unsigned char 
  3095 ;; Return value:  Size  Location     Type
  3096 ;;                  1    wreg      unsigned char 
  3097 ;; Registers used:
  3098 ;;		wreg, fsr2l, fsr2h, status,2, status,0, cstack
  3099 ;; Tracked objects:
  3100 ;;		On entry : 0/0
  3101 ;;		On exit  : 0/0
  3102 ;;		Unchanged: 0/0
  3103 ;; Data sizes:     COMRAM   BANK0   BANK1   BANK2   BANK3   BANK4   BANK5   BANK6   BANK7
  3104 ;;      Params:         0       0       0       0       0       0       0       0       0
  3105 ;;      Locals:         1       0       0       0       0       0       0       0       0
  3106 ;;      Temps:          0       0       0       0       0       0       0       0       0
  3107 ;;      Totals:         1       0       0       0       0       0       0       0       0
  3108 ;;Total ram usage:        1 bytes
  3109 ;; Hardware stack levels used: 1
  3110 ;; Hardware stack levels required when called: 2
  3111 ;; This function calls:
  3112 ;;		_BME_ReadCalib
  3113 ;;		_BME_ReadRegs
  3114 ;;		_BME_WriteReg
  3115 ;; This function is called by:
  3116 ;;		_main
  3117 ;; This function uses a non-reentrant model
  3118 ;;
  3119                           
  3120                           	psect	text15
  3121   006C44                     __ptext15:
  3122                           	callstack 0
  3123   006C44                     _BME_Init:
  3124                           	callstack 28
  3125   006C44                     
  3126                           ;oled_4sensores.c: 350:     unsigned char id;;oled_4sensores.c: 351:     if(BME_ReadRegs
      +                          (0xD0, &id, 1)) return 1;
  3127   006C44  0E33               	movlw	low BME_Init@id
  3128   006C46  6E05               	movwf	BME_ReadRegs@buf^0,c
  3129   006C48  0E01               	movlw	1
  3130   006C4A  6E06               	movwf	BME_ReadRegs@len^0,c
  3131   006C4C  0ED0               	movlw	208
  3132   006C4E  EC5B  F038         	call	_BME_ReadRegs
  3133   006C52  0900               	iorlw	0
  3134   006C54  B4D8               	btfsc	status,2,c
  3135   006C56  EF2F  F036         	goto	u1341
  3136   006C5A  EF31  F036         	goto	u1340
  3137   006C5E                     u1341:
  3138   006C5E  EF34  F036         	goto	l2039
  3139   006C62                     u1340:
  3140   006C62                     l2035:
  3141   006C62  0E01               	movlw	1
  3142   006C64  EF51  F036         	goto	l145
  3143   006C68                     l2039:
  3144                           
  3145                           ;oled_4sensores.c: 352:     if(id != 0x60) return 1;
  3146   006C68  0E60               	movlw	96
  3147   006C6A  1833               	xorwf	BME_Init@id^0,w,c
  3148   006C6C  B4D8               	btfsc	status,2,c
  3149   006C6E  EF3B  F036         	goto	u1351
  3150   006C72  EF3D  F036         	goto	u1350
  3151   006C76                     u1351:
  3152   006C76  EF3F  F036         	goto	l2045
  3153   006C7A                     u1350:
  3154   006C7A  EF31  F036         	goto	l2035
  3155   006C7E                     l2045:
  3156                           
  3157                           ;oled_4sensores.c: 354:     BME_ReadCalib();
  3158   006C7E  EC13  F039         	call	_BME_ReadCalib	;wreg free
  3159   006C82                     
  3160                           ;oled_4sensores.c: 357:     BME_WriteReg(0xF2, 0x01);
  3161   006C82  0E01               	movlw	1
  3162   006C84  6E05               	movwf	BME_WriteReg@val^0,c
  3163   006C86  0EF2               	movlw	242
  3164   006C88  EC60  F035         	call	_BME_WriteReg
  3165   006C8C                     
  3166                           ;oled_4sensores.c: 359:     BME_WriteReg(0xF4, 0x27);
  3167   006C8C  0E27               	movlw	39
  3168   006C8E  6E05               	movwf	BME_WriteReg@val^0,c
  3169   006C90  0EF4               	movlw	244
  3170   006C92  EC60  F035         	call	_BME_WriteReg
  3171   006C96                     
  3172                           ;oled_4sensores.c: 361:     BME_WriteReg(0xF5, 0xA0);
  3173   006C96  0EA0               	movlw	160
  3174   006C98  6E05               	movwf	BME_WriteReg@val^0,c
  3175   006C9A  0EF5               	movlw	245
  3176   006C9C  EC60  F035         	call	_BME_WriteReg
  3177   006CA0                     
  3178                           ;oled_4sensores.c: 362:     return 0;
  3179   006CA0  0E00               	movlw	0
  3180   006CA2                     l145:
  3181   006CA2  0012               	return		;funcret
  3182   006CA4                     __end_of_BME_Init:
  3183                           	callstack 0
  3184                           
  3185 ;; *************** function _BME_WriteReg *****************
  3186 ;; Defined at:
  3187 ;;		line 293 in file "oled_4sensores.c"
  3188 ;; Parameters:    Size  Location     Type
  3189 ;;  reg             1    wreg     unsigned char 
  3190 ;;  val             1    4[COMRAM] unsigned char 
  3191 ;; Auto vars:     Size  Location     Type
  3192 ;;  reg             1    5[COMRAM] unsigned char 
  3193 ;;  nack            1    6[COMRAM] unsigned char 
  3194 ;; Return value:  Size  Location     Type
  3195 ;;                  1    wreg      unsigned char 
  3196 ;; Registers used:
  3197 ;;		wreg, status,2, status,0, cstack
  3198 ;; Tracked objects:
  3199 ;;		On entry : 0/0
  3200 ;;		On exit  : 0/0
  3201 ;;		Unchanged: 0/0
  3202 ;; Data sizes:     COMRAM   BANK0   BANK1   BANK2   BANK3   BANK4   BANK5   BANK6   BANK7
  3203 ;;      Params:         1       0       0       0       0       0       0       0       0
  3204 ;;      Locals:         2       0       0       0       0       0       0       0       0
  3205 ;;      Temps:          0       0       0       0       0       0       0       0       0
  3206 ;;      Totals:         3       0       0       0       0       0       0       0       0
  3207 ;;Total ram usage:        3 bytes
  3208 ;; Hardware stack levels used: 1
  3209 ;; Hardware stack levels required when called: 1
  3210 ;; This function calls:
  3211 ;;		_I2C_Start
  3212 ;;		_I2C_Stop
  3213 ;;		_I2C_Write
  3214 ;; This function is called by:
  3215 ;;		_BME_Init
  3216 ;; This function uses a non-reentrant model
  3217 ;;
  3218                           
  3219                           	psect	text16
  3220   006AC0                     __ptext16:
  3221                           	callstack 0
  3222   006AC0                     _BME_WriteReg:
  3223                           	callstack 28
  3224                           
  3225                           ;incstack = 0
  3226                           ;BME_WriteReg@reg stored from wreg
  3227   006AC0  6E06               	movwf	BME_WriteReg@reg^0,c
  3228   006AC2                     
  3229                           ;oled_4sensores.c: 294:     unsigned char nack;;oled_4sensores.c: 295:     I2C_Start();
  3230   006AC2  EC07  F035         	call	_I2C_Start	;wreg free
  3231   006AC6                     
  3232                           ;oled_4sensores.c: 296:     nack = I2C_Write(0xEC);
  3233   006AC6  0EEC               	movlw	236
  3234   006AC8  EC52  F036         	call	_I2C_Write
  3235   006ACC  6E07               	movwf	BME_WriteReg@nack^0,c
  3236   006ACE                     
  3237                           ;oled_4sensores.c: 297:     if(nack){ I2C_Stop(); return 1; }
  3238   006ACE  5007               	movf	BME_WriteReg@nack^0,w,c
  3239   006AD0  B4D8               	btfsc	status,2,c
  3240   006AD2  EF6D  F035         	goto	u1191
  3241   006AD6  EF6F  F035         	goto	u1190
  3242   006ADA                     u1191:
  3243   006ADA  EF73  F035         	goto	l1919
  3244   006ADE                     u1190:
  3245   006ADE                     l1915:
  3246   006ADE  ECF4  F034         	call	_I2C_Stop	;wreg free
  3247   006AE2  EF7B  F035         	goto	l127
  3248   006AE6                     l1919:
  3249                           
  3250                           ;oled_4sensores.c: 298:     I2C_Write(reg);
  3251   006AE6  5006               	movf	BME_WriteReg@reg^0,w,c
  3252   006AE8  EC52  F036         	call	_I2C_Write
  3253                           
  3254                           ;oled_4sensores.c: 299:     I2C_Write(val);
  3255   006AEC  5005               	movf	BME_WriteReg@val^0,w,c
  3256   006AEE  EC52  F036         	call	_I2C_Write
  3257   006AF2  EF6F  F035         	goto	l1915
  3258   006AF6                     l127:
  3259   006AF6  0012               	return		;funcret
  3260   006AF8                     __end_of_BME_WriteReg:
  3261                           	callstack 0
  3262                           
  3263 ;; *************** function _BME_ReadCalib *****************
  3264 ;; Defined at:
  3265 ;;		line 326 in file "oled_4sensores.c"
  3266 ;; Parameters:    Size  Location     Type
  3267 ;;		None
  3268 ;; Auto vars:     Size  Location     Type
  3269 ;;  b              26   16[COMRAM] unsigned char [26]
  3270 ;;  bh              7   42[COMRAM] unsigned char [7]
  3271 ;;  h1              1   49[COMRAM] unsigned char 
  3272 ;; Return value:  Size  Location     Type
  3273 ;;                  1    wreg      unsigned char 
  3274 ;; Registers used:
  3275 ;;		wreg, fsr2l, fsr2h, status,2, status,0, cstack
  3276 ;; Tracked objects:
  3277 ;;		On entry : 0/0
  3278 ;;		On exit  : 0/0
  3279 ;;		Unchanged: 0/0
  3280 ;; Data sizes:     COMRAM   BANK0   BANK1   BANK2   BANK3   BANK4   BANK5   BANK6   BANK7
  3281 ;;      Params:         0       0       0       0       0       0       0       0       0
  3282 ;;      Locals:        34       0       0       0       0       0       0       0       0
  3283 ;;      Temps:          3       0       0       0       0       0       0       0       0
  3284 ;;      Totals:        37       0       0       0       0       0       0       0       0
  3285 ;;Total ram usage:       37 bytes
  3286 ;; Hardware stack levels used: 1
  3287 ;; Hardware stack levels required when called: 1
  3288 ;; This function calls:
  3289 ;;		_BME_ReadRegs
  3290 ;; This function is called by:
  3291 ;;		_BME_Init
  3292 ;; This function uses a non-reentrant model
  3293 ;;
  3294                           
  3295                           	psect	text17
  3296   007226                     __ptext17:
  3297                           	callstack 0
  3298   007226                     _BME_ReadCalib:
  3299                           	callstack 28
  3300   007226                     
  3301                           ;oled_4sensores.c: 327:     unsigned char b[26];;oled_4sensores.c: 328:     if(BME_ReadR
      +                          egs(0x88, b, 26)) return 1;
  3302   007226  0E11               	movlw	low BME_ReadCalib@b
  3303   007228  6E05               	movwf	BME_ReadRegs@buf^0,c
  3304   00722A  0E1A               	movlw	26
  3305   00722C  6E06               	movwf	BME_ReadRegs@len^0,c
  3306   00722E  0E88               	movlw	136
  3307   007230  EC5B  F038         	call	_BME_ReadRegs
  3308   007234  0900               	iorlw	0
  3309   007236  B4D8               	btfsc	status,2,c
  3310   007238  EF20  F039         	goto	u1201
  3311   00723C  EF22  F039         	goto	u1200
  3312   007240                     u1201:
  3313   007240  EF24  F039         	goto	l1929
  3314   007244                     u1200:
  3315   007244  EFA6  F039         	goto	l139
  3316   007248                     l1929:
  3317                           
  3318                           ;oled_4sensores.c: 330:     dig_T1 = (unsigned int)(b[1]<<8) | b[0];
  3319   007248  5012               	movf	(BME_ReadCalib@b+1)^0,w,c
  3320   00724A  6E0E               	movwf	??_BME_ReadCalib^0,c
  3321   00724C  5011               	movf	BME_ReadCalib@b^0,w,c
  3322   00724E  0100               	movlb	0	; () banked
  3323   007250  6F89               	movwf	_dig_T1& (0+255),b
  3324   007252  C00E  F08A         	movff	??_BME_ReadCalib,_dig_T1+1
  3325   007256                     
  3326                           ; BSR set to: 0
  3327                           ;oled_4sensores.c: 331:     dig_T2 = (int)((b[3]<<8) | b[2]);
  3328   007256  5013               	movf	(BME_ReadCalib@b+2)^0,w,c
  3329   007258  C014  F00E         	movff	BME_ReadCalib@b+3,??_BME_ReadCalib
  3330   00725C  6A0F               	clrf	(??_BME_ReadCalib+1)^0,c
  3331   00725E  C00E  F00F         	movff	??_BME_ReadCalib,??_BME_ReadCalib+1
  3332   007262  6A0E               	clrf	??_BME_ReadCalib^0,c
  3333   007264  100E               	iorwf	??_BME_ReadCalib^0,w,c
  3334   007266  6F87               	movwf	_dig_T2& (0+255),b
  3335   007268  500F               	movf	(??_BME_ReadCalib+1)^0,w,c
  3336   00726A  6F88               	movwf	(_dig_T2+1)& (0+255),b
  3337   00726C                     
  3338                           ; BSR set to: 0
  3339                           ;oled_4sensores.c: 332:     dig_T3 = (int)((b[5]<<8) | b[4]);
  3340   00726C  5015               	movf	(BME_ReadCalib@b+4)^0,w,c
  3341   00726E  C016  F00E         	movff	BME_ReadCalib@b+5,??_BME_ReadCalib
  3342   007272  6A0F               	clrf	(??_BME_ReadCalib+1)^0,c
  3343   007274  C00E  F00F         	movff	??_BME_ReadCalib,??_BME_ReadCalib+1
  3344   007278  6A0E               	clrf	??_BME_ReadCalib^0,c
  3345   00727A  100E               	iorwf	??_BME_ReadCalib^0,w,c
  3346   00727C  6F85               	movwf	_dig_T3& (0+255),b
  3347   00727E  500F               	movf	(??_BME_ReadCalib+1)^0,w,c
  3348   007280  6F86               	movwf	(_dig_T3+1)& (0+255),b
  3349   007282                     
  3350                           ; BSR set to: 0
  3351                           ;oled_4sensores.c: 334:     unsigned char h1;;oled_4sensores.c: 335:     if(BME_ReadRegs
      +                          (0xA1, &h1, 1)) return 1;
  3352   007282  0E32               	movlw	low BME_ReadCalib@h1
  3353   007284  6E05               	movwf	BME_ReadRegs@buf^0,c
  3354   007286  0E01               	movlw	1
  3355   007288  6E06               	movwf	BME_ReadRegs@len^0,c
  3356   00728A  0EA1               	movlw	161
  3357   00728C  EC5B  F038         	call	_BME_ReadRegs
  3358   007290  0900               	iorlw	0
  3359   007292  B4D8               	btfsc	status,2,c
  3360   007294  EF4E  F039         	goto	u1211
  3361   007298  EF50  F039         	goto	u1210
  3362   00729C                     u1211:
  3363   00729C  EF52  F039         	goto	l140
  3364   0072A0                     u1210:
  3365   0072A0  EFA6  F039         	goto	l139
  3366   0072A4                     l140:
  3367                           
  3368                           ;oled_4sensores.c: 336:     dig_H1 = h1;
  3369   0072A4  C032  F083         	movff	BME_ReadCalib@h1,_dig_H1
  3370   0072A8  0100               	movlb	0	; () banked
  3371   0072AA  6B84               	clrf	(_dig_H1+1)& (0+255),b
  3372   0072AC                     
  3373                           ; BSR set to: 0
  3374                           ;oled_4sensores.c: 338:     unsigned char bh[7];;oled_4sensores.c: 339:     if(BME_ReadR
      +                          egs(0xE1, bh, 7)) return 1;
  3375   0072AC  0E2B               	movlw	low BME_ReadCalib@bh
  3376   0072AE  6E05               	movwf	BME_ReadRegs@buf^0,c
  3377   0072B0  0E07               	movlw	7
  3378   0072B2  6E06               	movwf	BME_ReadRegs@len^0,c
  3379   0072B4  0EE1               	movlw	225
  3380   0072B6  EC5B  F038         	call	_BME_ReadRegs
  3381   0072BA  0900               	iorlw	0
  3382   0072BC  B4D8               	btfsc	status,2,c
  3383   0072BE  EF63  F039         	goto	u1221
  3384   0072C2  EF65  F039         	goto	u1220
  3385   0072C6                     u1221:
  3386   0072C6  EF67  F039         	goto	l1943
  3387   0072CA                     u1220:
  3388   0072CA  EFA6  F039         	goto	l139
  3389   0072CE                     l1943:
  3390                           
  3391                           ;oled_4sensores.c: 340:     dig_H2 = (int)((bh[1]<<8) | bh[0]);
  3392   0072CE  502B               	movf	BME_ReadCalib@bh^0,w,c
  3393   0072D0  C02C  F00E         	movff	BME_ReadCalib@bh+1,??_BME_ReadCalib
  3394   0072D4  6A0F               	clrf	(??_BME_ReadCalib+1)^0,c
  3395   0072D6  C00E  F00F         	movff	??_BME_ReadCalib,??_BME_ReadCalib+1
  3396   0072DA  6A0E               	clrf	??_BME_ReadCalib^0,c
  3397   0072DC  100E               	iorwf	??_BME_ReadCalib^0,w,c
  3398   0072DE  0100               	movlb	0	; () banked
  3399   0072E0  6F7F               	movwf	_dig_H2& (0+255),b
  3400   0072E2  500F               	movf	(??_BME_ReadCalib+1)^0,w,c
  3401   0072E4  6F80               	movwf	(_dig_H2+1)& (0+255),b
  3402   0072E6                     
  3403                           ; BSR set to: 0
  3404                           ;oled_4sensores.c: 341:     dig_H3 = bh[2];
  3405   0072E6  C02D  F081         	movff	BME_ReadCalib@bh+2,_dig_H3
  3406   0072EA  6B82               	clrf	(_dig_H3+1)& (0+255),b
  3407                           
  3408                           ;oled_4sensores.c: 342:     dig_H4 = (int)((bh[3]<<4) | (bh[4] & 0x0F));
  3409   0072EC  502E               	movf	(BME_ReadCalib@bh+3)^0,w,c
  3410   0072EE  6E0E               	movwf	??_BME_ReadCalib^0,c
  3411   0072F0  6A0F               	clrf	(??_BME_ReadCalib+1)^0,c
  3412   0072F2  3A0E               	swapf	??_BME_ReadCalib^0,f,c
  3413   0072F4  3A0F               	swapf	(??_BME_ReadCalib+1)^0,f,c
  3414   0072F6  0EF0               	movlw	240
  3415   0072F8  160F               	andwf	(??_BME_ReadCalib+1)^0,f,c
  3416   0072FA  500E               	movf	??_BME_ReadCalib^0,w,c
  3417   0072FC  0B0F               	andlw	15
  3418   0072FE  120F               	iorwf	(??_BME_ReadCalib+1)^0,f,c
  3419   007300  0EF0               	movlw	240
  3420   007302  160E               	andwf	??_BME_ReadCalib^0,f,c
  3421   007304  C02F  F010         	movff	BME_ReadCalib@bh+4,??_BME_ReadCalib+2
  3422   007308  0E0F               	movlw	15
  3423   00730A  1610               	andwf	(??_BME_ReadCalib+2)^0,f,c
  3424   00730C  5010               	movf	(??_BME_ReadCalib+2)^0,w,c
  3425   00730E  100E               	iorwf	??_BME_ReadCalib^0,w,c
  3426   007310  6F7D               	movwf	_dig_H4& (0+255),b
  3427   007312  500F               	movf	(??_BME_ReadCalib+1)^0,w,c
  3428   007314  6F7E               	movwf	(_dig_H4+1)& (0+255),b
  3429                           
  3430                           ;oled_4sensores.c: 343:     dig_H5 = (int)((bh[5]<<4) | (bh[4]>>4));
  3431   007316  5030               	movf	(BME_ReadCalib@bh+5)^0,w,c
  3432   007318  6E0E               	movwf	??_BME_ReadCalib^0,c
  3433   00731A  6A0F               	clrf	(??_BME_ReadCalib+1)^0,c
  3434   00731C  3A0E               	swapf	??_BME_ReadCalib^0,f,c
  3435   00731E  3A0F               	swapf	(??_BME_ReadCalib+1)^0,f,c
  3436   007320  0EF0               	movlw	240
  3437   007322  160F               	andwf	(??_BME_ReadCalib+1)^0,f,c
  3438   007324  500E               	movf	??_BME_ReadCalib^0,w,c
  3439   007326  0B0F               	andlw	15
  3440   007328  120F               	iorwf	(??_BME_ReadCalib+1)^0,f,c
  3441   00732A  0EF0               	movlw	240
  3442   00732C  160E               	andwf	??_BME_ReadCalib^0,f,c
  3443   00732E  C02F  F010         	movff	BME_ReadCalib@bh+4,??_BME_ReadCalib+2
  3444   007332  3A10               	swapf	(??_BME_ReadCalib+2)^0,f,c
  3445   007334  0E0F               	movlw	15
  3446   007336  1610               	andwf	(??_BME_ReadCalib+2)^0,f,c
  3447   007338  5010               	movf	(??_BME_ReadCalib+2)^0,w,c
  3448   00733A  100E               	iorwf	??_BME_ReadCalib^0,w,c
  3449   00733C  6F7B               	movwf	_dig_H5& (0+255),b
  3450   00733E  500F               	movf	(??_BME_ReadCalib+1)^0,w,c
  3451   007340  6F7C               	movwf	(_dig_H5+1)& (0+255),b
  3452   007342                     
  3453                           ; BSR set to: 0
  3454                           ;oled_4sensores.c: 344:     dig_H6 = (int)(signed char)bh[6];
  3455   007342  5031               	movf	(BME_ReadCalib@bh+6)^0,w,c
  3456   007344  6F79               	movwf	_dig_H6& (0+255),b
  3457   007346  6B7A               	clrf	(_dig_H6+1)& (0+255),b
  3458   007348  BF79               	btfsc	_dig_H6& (0+255),7,b
  3459   00734A  077A               	decf	(_dig_H6+1)& (0+255),f,b
  3460   00734C                     l139:
  3461   00734C  0012               	return		;funcret
  3462   00734E                     __end_of_BME_ReadCalib:
  3463                           	callstack 0
  3464                           
  3465 ;; *************** function _BME_GetData *****************
  3466 ;; Defined at:
  3467 ;;		line 369 in file "oled_4sensores.c"
  3468 ;; Parameters:    Size  Location     Type
  3469 ;;  temp_dc         1   13[COMRAM] PTR int 
  3470 ;;		 -> main@bme_temp(2), 
  3471 ;;  hum             1   14[COMRAM] PTR unsigned int 
  3472 ;;		 -> main@bme_hum(2), 
  3473 ;; Auto vars:     Size  Location     Type
  3474 ;;  d               8   34[COMRAM] unsigned char [8]
  3475 ;;  hv              4   74[COMRAM] long 
  3476 ;;  adc_T           4   70[COMRAM] long 
  3477 ;;  var2            4   66[COMRAM] long 
  3478 ;;  t_fine          4   62[COMRAM] long 
  3479 ;;  adc_H           4   46[COMRAM] long 
  3480 ;;  var1            4   42[COMRAM] long 
  3481 ;; Return value:  Size  Location     Type
  3482 ;;                  1    wreg      unsigned char 
  3483 ;; Registers used:
  3484 ;;		wreg, fsr2l, fsr2h, status,2, status,0, cstack
  3485 ;; Tracked objects:
  3486 ;;		On entry : 0/0
  3487 ;;		On exit  : 0/0
  3488 ;;		Unchanged: 0/0
  3489 ;; Data sizes:     COMRAM   BANK0   BANK1   BANK2   BANK3   BANK4   BANK5   BANK6   BANK7
  3490 ;;      Params:         2       0       0       0       0       0       0       0       0
  3491 ;;      Locals:        44       0       0       0       0       0       0       0       0
  3492 ;;      Temps:         19       0       0       0       0       0       0       0       0
  3493 ;;      Totals:        65       0       0       0       0       0       0       0       0
  3494 ;;Total ram usage:       65 bytes
  3495 ;; Hardware stack levels used: 1
  3496 ;; Hardware stack levels required when called: 3
  3497 ;; This function calls:
  3498 ;;		_BME_ReadRegs
  3499 ;;		___lmul
  3500 ;; This function is called by:
  3501 ;;		_main
  3502 ;; This function uses a non-reentrant model
  3503 ;;
  3504                           
  3505                           	psect	text18
  3506   00771C                     __ptext18:
  3507                           	callstack 0
  3508   00771C                     _BME_GetData:
  3509                           	callstack 27
  3510   00771C                     
  3511                           ;oled_4sensores.c: 370:     unsigned char d[8];;oled_4sensores.c: 371:     if(BME_ReadRe
      +                          gs(0xF7, d, 8)) return 1;
  3512   00771C  0E23               	movlw	low BME_GetData@d
  3513   00771E  6E05               	movwf	BME_ReadRegs@buf^0,c
  3514   007720  0E08               	movlw	8
  3515   007722  6E06               	movwf	BME_ReadRegs@len^0,c
  3516   007724  0EF7               	movlw	247
  3517   007726  EC5B  F038         	call	_BME_ReadRegs
  3518   00772A  0900               	iorlw	0
  3519   00772C  B4D8               	btfsc	status,2,c
  3520   00772E  EF9B  F03B         	goto	u1361
  3521   007732  EF9D  F03B         	goto	u1360
  3522   007736                     u1361:
  3523   007736  EFA0  F03B         	goto	l2063
  3524   00773A                     u1360:
  3525   00773A  0E01               	movlw	1
  3526   00773C  EFF8  F03E         	goto	l150
  3527   007740                     l2063:
  3528                           
  3529                           ;oled_4sensores.c: 374:     long adc_T = ((long)d[3]<<12) | ((long)d[4]<<4) | (d[5]>>4);
  3530   007740  C027  F010         	movff	BME_GetData@d+4,??_BME_GetData
  3531   007744  6A11               	clrf	(??_BME_GetData+1)^0,c
  3532   007746  6A12               	clrf	(??_BME_GetData+2)^0,c
  3533   007748  6A13               	clrf	(??_BME_GetData+3)^0,c
  3534   00774A  0E04               	movlw	4
  3535   00774C                     u1375:
  3536   00774C  90D8               	bcf	status,0,c
  3537   00774E  3610               	rlcf	??_BME_GetData^0,f,c
  3538   007750  3611               	rlcf	(??_BME_GetData+1)^0,f,c
  3539   007752  3612               	rlcf	(??_BME_GetData+2)^0,f,c
  3540   007754  3613               	rlcf	(??_BME_GetData+3)^0,f,c
  3541   007756  2EE8               	decfsz	wreg,f,c
  3542   007758  EFA6  F03B         	goto	u1375
  3543   00775C  C026  F014         	movff	BME_GetData@d+3,??_BME_GetData+4
  3544   007760  6A15               	clrf	(??_BME_GetData+5)^0,c
  3545   007762  6A16               	clrf	(??_BME_GetData+6)^0,c
  3546   007764  6A17               	clrf	(??_BME_GetData+7)^0,c
  3547   007766  0E0C               	movlw	12
  3548   007768                     u1385:
  3549   007768  90D8               	bcf	status,0,c
  3550   00776A  3614               	rlcf	(??_BME_GetData+4)^0,f,c
  3551   00776C  3615               	rlcf	(??_BME_GetData+5)^0,f,c
  3552   00776E  3616               	rlcf	(??_BME_GetData+6)^0,f,c
  3553   007770  3617               	rlcf	(??_BME_GetData+7)^0,f,c
  3554   007772  2EE8               	decfsz	wreg,f,c
  3555   007774  EFB4  F03B         	goto	u1385
  3556   007778  5010               	movf	??_BME_GetData^0,w,c
  3557   00777A  1014               	iorwf	(??_BME_GetData+4)^0,w,c
  3558   00777C  6E18               	movwf	(??_BME_GetData+8)^0,c
  3559   00777E  5011               	movf	(??_BME_GetData+1)^0,w,c
  3560   007780  1015               	iorwf	(??_BME_GetData+5)^0,w,c
  3561   007782  6E19               	movwf	(??_BME_GetData+9)^0,c
  3562   007784  5012               	movf	(??_BME_GetData+2)^0,w,c
  3563   007786  1016               	iorwf	(??_BME_GetData+6)^0,w,c
  3564   007788  6E1A               	movwf	(??_BME_GetData+10)^0,c
  3565   00778A  5013               	movf	(??_BME_GetData+3)^0,w,c
  3566   00778C  1017               	iorwf	(??_BME_GetData+7)^0,w,c
  3567   00778E  6E1B               	movwf	(??_BME_GetData+11)^0,c
  3568   007790  C028  F01C         	movff	BME_GetData@d+5,??_BME_GetData+12
  3569   007794  3A1C               	swapf	(??_BME_GetData+12)^0,f,c
  3570   007796  0E0F               	movlw	15
  3571   007798  161C               	andwf	(??_BME_GetData+12)^0,f,c
  3572   00779A  501C               	movf	(??_BME_GetData+12)^0,w,c
  3573   00779C  1018               	iorwf	(??_BME_GetData+8)^0,w,c
  3574   00779E  6E47               	movwf	BME_GetData@adc_T^0,c
  3575   0077A0  5019               	movf	(??_BME_GetData+9)^0,w,c
  3576   0077A2  6E48               	movwf	(BME_GetData@adc_T+1)^0,c
  3577   0077A4  501A               	movf	(??_BME_GetData+10)^0,w,c
  3578   0077A6  6E49               	movwf	(BME_GetData@adc_T+2)^0,c
  3579   0077A8  501B               	movf	(??_BME_GetData+11)^0,w,c
  3580   0077AA  6E4A               	movwf	(BME_GetData@adc_T+3)^0,c
  3581   0077AC                     
  3582                           ;oled_4sensores.c: 375:     long var1 = (((adc_T>>3)-((long)dig_T1<<1)) * (long)dig_T2) 
      +                          >> 11;
  3583   0077AC  0E0B               	movlw	11
  3584   0077AE  6E10               	movwf	??_BME_GetData^0,c
  3585   0077B0  0100               	movlb	0	; () banked
  3586   0077B2  5189               	movf	_dig_T1& (0+255),w,b
  3587   0077B4  6E11               	movwf	(??_BME_GetData+1)^0,c
  3588   0077B6  518A               	movf	(_dig_T1+1)& (0+255),w,b
  3589   0077B8  6E12               	movwf	(??_BME_GetData+2)^0,c
  3590   0077BA  6A13               	clrf	(??_BME_GetData+3)^0,c
  3591   0077BC  6A14               	clrf	(??_BME_GetData+4)^0,c
  3592   0077BE  90D8               	bcf	status,0,c
  3593   0077C0  3411               	rlcf	(??_BME_GetData+1)^0,w,c
  3594   0077C2  6E15               	movwf	(??_BME_GetData+5)^0,c
  3595   0077C4  3412               	rlcf	(??_BME_GetData+2)^0,w,c
  3596   0077C6  6E16               	movwf	(??_BME_GetData+6)^0,c
  3597   0077C8  3413               	rlcf	(??_BME_GetData+3)^0,w,c
  3598   0077CA  6E17               	movwf	(??_BME_GetData+7)^0,c
  3599   0077CC  3414               	rlcf	(??_BME_GetData+4)^0,w,c
  3600   0077CE  6E18               	movwf	(??_BME_GetData+8)^0,c
  3601   0077D0  0E03               	movlw	3
  3602   0077D2  6E19               	movwf	(??_BME_GetData+9)^0,c
  3603   0077D4  C047  F01A         	movff	BME_GetData@adc_T,??_BME_GetData+10
  3604   0077D8  C048  F01B         	movff	BME_GetData@adc_T+1,??_BME_GetData+11
  3605   0077DC  C049  F01C         	movff	BME_GetData@adc_T+2,??_BME_GetData+12
  3606   0077E0  C04A  F01D         	movff	BME_GetData@adc_T+3,??_BME_GetData+13
  3607   0077E4                     u1395:
  3608   0077E4  6619               	tstfsz	(??_BME_GetData+9)^0,c
  3609   0077E6  EFF7  F03B         	goto	u1396
  3610   0077EA  EFFF  F03B         	goto	u1397
  3611   0077EE                     u1396:
  3612   0077EE  341D               	rlcf	(??_BME_GetData+13)^0,w,c
  3613   0077F0  321D               	rrcf	(??_BME_GetData+13)^0,f,c
  3614   0077F2  321C               	rrcf	(??_BME_GetData+12)^0,f,c
  3615   0077F4  321B               	rrcf	(??_BME_GetData+11)^0,f,c
  3616   0077F6  321A               	rrcf	(??_BME_GetData+10)^0,f,c
  3617   0077F8  2E19               	decfsz	(??_BME_GetData+9)^0,f,c
  3618   0077FA  EFF2  F03B         	goto	u1395
  3619   0077FE                     u1397:
  3620   0077FE  5015               	movf	(??_BME_GetData+5)^0,w,c
  3621   007800  5C1A               	subwf	(??_BME_GetData+10)^0,w,c
  3622   007802  6E01               	movwf	___lmul@multiplier^0,c
  3623   007804  5016               	movf	(??_BME_GetData+6)^0,w,c
  3624   007806  581B               	subwfb	(??_BME_GetData+11)^0,w,c
  3625   007808  6E02               	movwf	(___lmul@multiplier+1)^0,c
  3626   00780A  5017               	movf	(??_BME_GetData+7)^0,w,c
  3627   00780C  581C               	subwfb	(??_BME_GetData+12)^0,w,c
  3628   00780E  6E03               	movwf	(___lmul@multiplier+2)^0,c
  3629   007810  5018               	movf	(??_BME_GetData+8)^0,w,c
  3630   007812  581D               	subwfb	(??_BME_GetData+13)^0,w,c
  3631   007814  6E04               	movwf	(___lmul@multiplier+3)^0,c
  3632   007816  C087  F005         	movff	_dig_T2,___lmul@multiplicand
  3633   00781A  C088  F006         	movff	_dig_T2+1,___lmul@multiplicand+1
  3634   00781E  0E00               	movlw	0
  3635   007820  BE06               	btfsc	(___lmul@multiplicand+1)^0,7,c
  3636   007822  0EFF               	movlw	-1
  3637   007824  6E07               	movwf	(___lmul@multiplicand+2)^0,c
  3638   007826  6E08               	movwf	(___lmul@multiplicand+3)^0,c
  3639   007828  ECB6  F036         	call	___lmul	;wreg free
  3640   00782C                     u1405:
  3641   00782C  6610               	tstfsz	??_BME_GetData^0,c
  3642   00782E  EF1B  F03C         	goto	u1406
  3643   007832  EF23  F03C         	goto	u1407
  3644   007836                     u1406:
  3645   007836  3404               	rlcf	(?___lmul+3)^0,w,c
  3646   007838  3204               	rrcf	(?___lmul+3)^0,f,c
  3647   00783A  3203               	rrcf	(?___lmul+2)^0,f,c
  3648   00783C  3202               	rrcf	(?___lmul+1)^0,f,c
  3649   00783E  3201               	rrcf	?___lmul^0,f,c
  3650   007840  2E10               	decfsz	??_BME_GetData^0,f,c
  3651   007842  EF16  F03C         	goto	u1405
  3652   007846                     u1407:
  3653   007846  C001  F02B         	movff	?___lmul,BME_GetData@var1
  3654   00784A  C002  F02C         	movff	?___lmul+1,BME_GetData@var1+1
  3655   00784E  C003  F02D         	movff	?___lmul+2,BME_GetData@var1+2
  3656   007852  C004  F02E         	movff	?___lmul+3,BME_GetData@var1+3
  3657   007856                     
  3658                           ;oled_4sensores.c: 376:     long var2 = (((adc_T>>4)-(long)dig_T1)*((adc_T>>4)-(long)dig
      +                          _T1)>>12);
  3659   007856  0E0C               	movlw	12
  3660   007858  6E10               	movwf	??_BME_GetData^0,c
  3661   00785A  0100               	movlb	0	; () banked
  3662   00785C  5189               	movf	_dig_T1& (0+255),w,b
  3663   00785E  6E11               	movwf	(??_BME_GetData+1)^0,c
  3664   007860  518A               	movf	(_dig_T1+1)& (0+255),w,b
  3665   007862  6E12               	movwf	(??_BME_GetData+2)^0,c
  3666   007864  6A13               	clrf	(??_BME_GetData+3)^0,c
  3667   007866  6A14               	clrf	(??_BME_GetData+4)^0,c
  3668   007868  0E04               	movlw	4
  3669   00786A  6E15               	movwf	(??_BME_GetData+5)^0,c
  3670   00786C  C047  F016         	movff	BME_GetData@adc_T,??_BME_GetData+6
  3671   007870  C048  F017         	movff	BME_GetData@adc_T+1,??_BME_GetData+7
  3672   007874  C049  F018         	movff	BME_GetData@adc_T+2,??_BME_GetData+8
  3673   007878  C04A  F019         	movff	BME_GetData@adc_T+3,??_BME_GetData+9
  3674   00787C                     u1415:
  3675   00787C  6615               	tstfsz	(??_BME_GetData+5)^0,c
  3676   00787E  EF43  F03C         	goto	u1416
  3677   007882  EF4B  F03C         	goto	u1417
  3678   007886                     u1416:
  3679   007886  3419               	rlcf	(??_BME_GetData+9)^0,w,c
  3680   007888  3219               	rrcf	(??_BME_GetData+9)^0,f,c
  3681   00788A  3218               	rrcf	(??_BME_GetData+8)^0,f,c
  3682   00788C  3217               	rrcf	(??_BME_GetData+7)^0,f,c
  3683   00788E  3216               	rrcf	(??_BME_GetData+6)^0,f,c
  3684   007890  2E15               	decfsz	(??_BME_GetData+5)^0,f,c
  3685   007892  EF3E  F03C         	goto	u1415
  3686   007896                     u1417:
  3687   007896  5011               	movf	(??_BME_GetData+1)^0,w,c
  3688   007898  5C16               	subwf	(??_BME_GetData+6)^0,w,c
  3689   00789A  6E01               	movwf	___lmul@multiplier^0,c
  3690   00789C  5012               	movf	(??_BME_GetData+2)^0,w,c
  3691   00789E  5817               	subwfb	(??_BME_GetData+7)^0,w,c
  3692   0078A0  6E02               	movwf	(___lmul@multiplier+1)^0,c
  3693   0078A2  5013               	movf	(??_BME_GetData+3)^0,w,c
  3694   0078A4  5818               	subwfb	(??_BME_GetData+8)^0,w,c
  3695   0078A6  6E03               	movwf	(___lmul@multiplier+2)^0,c
  3696   0078A8  5014               	movf	(??_BME_GetData+4)^0,w,c
  3697   0078AA  5819               	subwfb	(??_BME_GetData+9)^0,w,c
  3698   0078AC  6E04               	movwf	(___lmul@multiplier+3)^0,c
  3699   0078AE  0100               	movlb	0	; () banked
  3700   0078B0  5189               	movf	_dig_T1& (0+255),w,b
  3701   0078B2  6E1A               	movwf	(??_BME_GetData+10)^0,c
  3702   0078B4  518A               	movf	(_dig_T1+1)& (0+255),w,b
  3703   0078B6  6E1B               	movwf	(??_BME_GetData+11)^0,c
  3704   0078B8  6A1C               	clrf	(??_BME_GetData+12)^0,c
  3705   0078BA  6A1D               	clrf	(??_BME_GetData+13)^0,c
  3706   0078BC  0E04               	movlw	4
  3707   0078BE  6E1E               	movwf	(??_BME_GetData+14)^0,c
  3708   0078C0  C047  F01F         	movff	BME_GetData@adc_T,??_BME_GetData+15
  3709   0078C4  C048  F020         	movff	BME_GetData@adc_T+1,??_BME_GetData+16
  3710   0078C8  C049  F021         	movff	BME_GetData@adc_T+2,??_BME_GetData+17
  3711   0078CC  C04A  F022         	movff	BME_GetData@adc_T+3,??_BME_GetData+18
  3712   0078D0                     u1425:
  3713   0078D0  661E               	tstfsz	(??_BME_GetData+14)^0,c
  3714   0078D2  EF6D  F03C         	goto	u1426
  3715   0078D6  EF75  F03C         	goto	u1427
  3716   0078DA                     u1426:
  3717   0078DA  3422               	rlcf	(??_BME_GetData+18)^0,w,c
  3718   0078DC  3222               	rrcf	(??_BME_GetData+18)^0,f,c
  3719   0078DE  3221               	rrcf	(??_BME_GetData+17)^0,f,c
  3720   0078E0  3220               	rrcf	(??_BME_GetData+16)^0,f,c
  3721   0078E2  321F               	rrcf	(??_BME_GetData+15)^0,f,c
  3722   0078E4  2E1E               	decfsz	(??_BME_GetData+14)^0,f,c
  3723   0078E6  EF68  F03C         	goto	u1425
  3724   0078EA                     u1427:
  3725   0078EA  501A               	movf	(??_BME_GetData+10)^0,w,c
  3726   0078EC  5C1F               	subwf	(??_BME_GetData+15)^0,w,c
  3727   0078EE  6E05               	movwf	___lmul@multiplicand^0,c
  3728   0078F0  501B               	movf	(??_BME_GetData+11)^0,w,c
  3729   0078F2  5820               	subwfb	(??_BME_GetData+16)^0,w,c
  3730   0078F4  6E06               	movwf	(___lmul@multiplicand+1)^0,c
  3731   0078F6  501C               	movf	(??_BME_GetData+12)^0,w,c
  3732   0078F8  5821               	subwfb	(??_BME_GetData+17)^0,w,c
  3733   0078FA  6E07               	movwf	(___lmul@multiplicand+2)^0,c
  3734   0078FC  501D               	movf	(??_BME_GetData+13)^0,w,c
  3735   0078FE  5822               	subwfb	(??_BME_GetData+18)^0,w,c
  3736   007900  6E08               	movwf	(___lmul@multiplicand+3)^0,c
  3737   007902  ECB6  F036         	call	___lmul	;wreg free
  3738   007906                     u1435:
  3739   007906  6610               	tstfsz	??_BME_GetData^0,c
  3740   007908  EF88  F03C         	goto	u1436
  3741   00790C  EF90  F03C         	goto	u1437
  3742   007910                     u1436:
  3743   007910  3404               	rlcf	(?___lmul+3)^0,w,c
  3744   007912  3204               	rrcf	(?___lmul+3)^0,f,c
  3745   007914  3203               	rrcf	(?___lmul+2)^0,f,c
  3746   007916  3202               	rrcf	(?___lmul+1)^0,f,c
  3747   007918  3201               	rrcf	?___lmul^0,f,c
  3748   00791A  2E10               	decfsz	??_BME_GetData^0,f,c
  3749   00791C  EF83  F03C         	goto	u1435
  3750   007920                     u1437:
  3751   007920  C001  F043         	movff	?___lmul,BME_GetData@var2
  3752   007924  C002  F044         	movff	?___lmul+1,BME_GetData@var2+1
  3753   007928  C003  F045         	movff	?___lmul+2,BME_GetData@var2+2
  3754   00792C  C004  F046         	movff	?___lmul+3,BME_GetData@var2+3
  3755   007930                     
  3756                           ;oled_4sensores.c: 377:     var2 = (var2 * (long)dig_T3) >> 14;
  3757   007930  0E0E               	movlw	14
  3758   007932  6E10               	movwf	??_BME_GetData^0,c
  3759   007934  C085  F001         	movff	_dig_T3,___lmul@multiplier
  3760   007938  C086  F002         	movff	_dig_T3+1,___lmul@multiplier+1
  3761   00793C  0E00               	movlw	0
  3762   00793E  BE02               	btfsc	(___lmul@multiplier+1)^0,7,c
  3763   007940  0EFF               	movlw	-1
  3764   007942  6E03               	movwf	(___lmul@multiplier+2)^0,c
  3765   007944  6E04               	movwf	(___lmul@multiplier+3)^0,c
  3766   007946  C043  F005         	movff	BME_GetData@var2,___lmul@multiplicand
  3767   00794A  C044  F006         	movff	BME_GetData@var2+1,___lmul@multiplicand+1
  3768   00794E  C045  F007         	movff	BME_GetData@var2+2,___lmul@multiplicand+2
  3769   007952  C046  F008         	movff	BME_GetData@var2+3,___lmul@multiplicand+3
  3770   007956  ECB6  F036         	call	___lmul	;wreg free
  3771   00795A                     u1445:
  3772   00795A  6610               	tstfsz	??_BME_GetData^0,c
  3773   00795C  EFB2  F03C         	goto	u1446
  3774   007960  EFBA  F03C         	goto	u1447
  3775   007964                     u1446:
  3776   007964  3404               	rlcf	(?___lmul+3)^0,w,c
  3777   007966  3204               	rrcf	(?___lmul+3)^0,f,c
  3778   007968  3203               	rrcf	(?___lmul+2)^0,f,c
  3779   00796A  3202               	rrcf	(?___lmul+1)^0,f,c
  3780   00796C  3201               	rrcf	?___lmul^0,f,c
  3781   00796E  2E10               	decfsz	??_BME_GetData^0,f,c
  3782   007970  EFAD  F03C         	goto	u1445
  3783   007974                     u1447:
  3784   007974  C001  F043         	movff	?___lmul,BME_GetData@var2
  3785   007978  C002  F044         	movff	?___lmul+1,BME_GetData@var2+1
  3786   00797C  C003  F045         	movff	?___lmul+2,BME_GetData@var2+2
  3787   007980  C004  F046         	movff	?___lmul+3,BME_GetData@var2+3
  3788   007984                     
  3789                           ;oled_4sensores.c: 378:     long t_fine = var1 + var2;
  3790   007984  5043               	movf	BME_GetData@var2^0,w,c
  3791   007986  242B               	addwf	BME_GetData@var1^0,w,c
  3792   007988  6E3F               	movwf	BME_GetData@t_fine^0,c
  3793   00798A  5044               	movf	(BME_GetData@var2+1)^0,w,c
  3794   00798C  202C               	addwfc	(BME_GetData@var1+1)^0,w,c
  3795   00798E  6E40               	movwf	(BME_GetData@t_fine+1)^0,c
  3796   007990  5045               	movf	(BME_GetData@var2+2)^0,w,c
  3797   007992  202D               	addwfc	(BME_GetData@var1+2)^0,w,c
  3798   007994  6E41               	movwf	(BME_GetData@t_fine+2)^0,c
  3799   007996  5046               	movf	(BME_GetData@var2+3)^0,w,c
  3800   007998  202E               	addwfc	(BME_GetData@var1+3)^0,w,c
  3801   00799A  6E42               	movwf	(BME_GetData@t_fine+3)^0,c
  3802   00799C                     
  3803                           ;oled_4sensores.c: 379:     *temp_dc = (int)((t_fine * 5 + 128) >> 8);
  3804   00799C  0E08               	movlw	8
  3805   00799E  6E10               	movwf	??_BME_GetData^0,c
  3806   0079A0  C03F  F001         	movff	BME_GetData@t_fine,___lmul@multiplier
  3807   0079A4  C040  F002         	movff	BME_GetData@t_fine+1,___lmul@multiplier+1
  3808   0079A8  C041  F003         	movff	BME_GetData@t_fine+2,___lmul@multiplier+2
  3809   0079AC  C042  F004         	movff	BME_GetData@t_fine+3,___lmul@multiplier+3
  3810   0079B0  0E05               	movlw	5
  3811   0079B2  6E05               	movwf	___lmul@multiplicand^0,c
  3812   0079B4  0E00               	movlw	0
  3813   0079B6  6E06               	movwf	(___lmul@multiplicand+1)^0,c
  3814   0079B8  0E00               	movlw	0
  3815   0079BA  6E07               	movwf	(___lmul@multiplicand+2)^0,c
  3816   0079BC  0E00               	movlw	0
  3817   0079BE  6E08               	movwf	(___lmul@multiplicand+3)^0,c
  3818   0079C0  ECB6  F036         	call	___lmul	;wreg free
  3819   0079C4  0E80               	movlw	128
  3820   0079C6  2401               	addwf	?___lmul^0,w,c
  3821   0079C8  6E11               	movwf	(??_BME_GetData+1)^0,c
  3822   0079CA  0E00               	movlw	0
  3823   0079CC  2002               	addwfc	(?___lmul+1)^0,w,c
  3824   0079CE  6E12               	movwf	(??_BME_GetData+2)^0,c
  3825   0079D0  0E00               	movlw	0
  3826   0079D2  2003               	addwfc	(?___lmul+2)^0,w,c
  3827   0079D4  6E13               	movwf	(??_BME_GetData+3)^0,c
  3828   0079D6  0E00               	movlw	0
  3829   0079D8  2004               	addwfc	(?___lmul+3)^0,w,c
  3830   0079DA  6E14               	movwf	(??_BME_GetData+4)^0,c
  3831   0079DC                     u1455:
  3832   0079DC  6610               	tstfsz	??_BME_GetData^0,c
  3833   0079DE  EFF3  F03C         	goto	u1456
  3834   0079E2  EFFB  F03C         	goto	u1457
  3835   0079E6                     u1456:
  3836   0079E6  3414               	rlcf	(??_BME_GetData+4)^0,w,c
  3837   0079E8  3214               	rrcf	(??_BME_GetData+4)^0,f,c
  3838   0079EA  3213               	rrcf	(??_BME_GetData+3)^0,f,c
  3839   0079EC  3212               	rrcf	(??_BME_GetData+2)^0,f,c
  3840   0079EE  3211               	rrcf	(??_BME_GetData+1)^0,f,c
  3841   0079F0  2E10               	decfsz	??_BME_GetData^0,f,c
  3842   0079F2  EFEE  F03C         	goto	u1455
  3843   0079F6                     u1457:
  3844   0079F6  500E               	movf	BME_GetData@temp_dc^0,w,c
  3845   0079F8  6ED9               	movwf	fsr2l,c
  3846   0079FA  6ADA               	clrf	fsr2h,c
  3847   0079FC  C011  FFDE         	movff	??_BME_GetData+1,postinc2
  3848   007A00  C012  FFDD         	movff	??_BME_GetData+2,postdec2
  3849   007A04                     
  3850                           ;oled_4sensores.c: 382:     long adc_H = ((long)d[6]<<8) | d[7];
  3851   007A04  502A               	movf	(BME_GetData@d+7)^0,w,c
  3852   007A06  C029  F010         	movff	BME_GetData@d+6,??_BME_GetData
  3853   007A0A  6A11               	clrf	(??_BME_GetData+1)^0,c
  3854   007A0C  6A12               	clrf	(??_BME_GetData+2)^0,c
  3855   007A0E  6A13               	clrf	(??_BME_GetData+3)^0,c
  3856   007A10  C012  F013         	movff	??_BME_GetData+2,??_BME_GetData+3
  3857   007A14  C011  F012         	movff	??_BME_GetData+1,??_BME_GetData+2
  3858   007A18  C010  F011         	movff	??_BME_GetData,??_BME_GetData+1
  3859   007A1C  6A10               	clrf	??_BME_GetData^0,c
  3860   007A1E  1010               	iorwf	??_BME_GetData^0,w,c
  3861   007A20  6E2F               	movwf	BME_GetData@adc_H^0,c
  3862   007A22  5011               	movf	(??_BME_GetData+1)^0,w,c
  3863   007A24  6E30               	movwf	(BME_GetData@adc_H+1)^0,c
  3864   007A26  5012               	movf	(??_BME_GetData+2)^0,w,c
  3865   007A28  6E31               	movwf	(BME_GetData@adc_H+2)^0,c
  3866   007A2A  5013               	movf	(??_BME_GetData+3)^0,w,c
  3867   007A2C  6E32               	movwf	(BME_GetData@adc_H+3)^0,c
  3868   007A2E                     
  3869                           ;oled_4sensores.c: 383:     long hv = t_fine - 76800L;
  3870   007A2E  0E00               	movlw	0
  3871   007A30  243F               	addwf	BME_GetData@t_fine^0,w,c
  3872   007A32  6E4B               	movwf	BME_GetData@hv^0,c
  3873   007A34  0ED4               	movlw	212
  3874   007A36  2040               	addwfc	(BME_GetData@t_fine+1)^0,w,c
  3875   007A38  6E4C               	movwf	(BME_GetData@hv+1)^0,c
  3876   007A3A  0EFE               	movlw	254
  3877   007A3C  2041               	addwfc	(BME_GetData@t_fine+2)^0,w,c
  3878   007A3E  6E4D               	movwf	(BME_GetData@hv+2)^0,c
  3879   007A40  0EFF               	movlw	255
  3880   007A42  2042               	addwfc	(BME_GetData@t_fine+3)^0,w,c
  3881   007A44  6E4E               	movwf	(BME_GetData@hv+3)^0,c
  3882   007A46                     
  3883                           ;oled_4sensores.c: 384:     hv = (adc_H<<14) - ((long)dig_H4<<20) - ((long)dig_H5 * hv);
  3884   007A46  C07B  F001         	movff	_dig_H5,___lmul@multiplier
  3885   007A4A  C07C  F002         	movff	_dig_H5+1,___lmul@multiplier+1
  3886   007A4E  0E00               	movlw	0
  3887   007A50  BE02               	btfsc	(___lmul@multiplier+1)^0,7,c
  3888   007A52  0EFF               	movlw	-1
  3889   007A54  6E03               	movwf	(___lmul@multiplier+2)^0,c
  3890   007A56  6E04               	movwf	(___lmul@multiplier+3)^0,c
  3891   007A58  C04B  F005         	movff	BME_GetData@hv,___lmul@multiplicand
  3892   007A5C  C04C  F006         	movff	BME_GetData@hv+1,___lmul@multiplicand+1
  3893   007A60  C04D  F007         	movff	BME_GetData@hv+2,___lmul@multiplicand+2
  3894   007A64  C04E  F008         	movff	BME_GetData@hv+3,___lmul@multiplicand+3
  3895   007A68  ECB6  F036         	call	___lmul	;wreg free
  3896   007A6C  0100               	movlb	0	; () banked
  3897   007A6E  517D               	movf	_dig_H4& (0+255),w,b
  3898   007A70  6E10               	movwf	??_BME_GetData^0,c
  3899   007A72  517E               	movf	(_dig_H4+1)& (0+255),w,b
  3900   007A74  6E11               	movwf	(??_BME_GetData+1)^0,c
  3901   007A76  6A12               	clrf	(??_BME_GetData+2)^0,c
  3902   007A78  6A13               	clrf	(??_BME_GetData+3)^0,c
  3903   007A7A  0E14               	movlw	20
  3904   007A7C                     u1465:
  3905   007A7C  90D8               	bcf	status,0,c
  3906   007A7E  3610               	rlcf	??_BME_GetData^0,f,c
  3907   007A80  3611               	rlcf	(??_BME_GetData+1)^0,f,c
  3908   007A82  3612               	rlcf	(??_BME_GetData+2)^0,f,c
  3909   007A84  3613               	rlcf	(??_BME_GetData+3)^0,f,c
  3910   007A86  2EE8               	decfsz	wreg,f,c
  3911   007A88  EF3E  F03D         	goto	u1465
  3912   007A8C  C02F  F014         	movff	BME_GetData@adc_H,??_BME_GetData+4
  3913   007A90  C030  F015         	movff	BME_GetData@adc_H+1,??_BME_GetData+5
  3914   007A94  C031  F016         	movff	BME_GetData@adc_H+2,??_BME_GetData+6
  3915   007A98  C032  F017         	movff	BME_GetData@adc_H+3,??_BME_GetData+7
  3916   007A9C  0E0E               	movlw	14
  3917   007A9E                     u1475:
  3918   007A9E  90D8               	bcf	status,0,c
  3919   007AA0  3614               	rlcf	(??_BME_GetData+4)^0,f,c
  3920   007AA2  3615               	rlcf	(??_BME_GetData+5)^0,f,c
  3921   007AA4  3616               	rlcf	(??_BME_GetData+6)^0,f,c
  3922   007AA6  3617               	rlcf	(??_BME_GetData+7)^0,f,c
  3923   007AA8  2EE8               	decfsz	wreg,f,c
  3924   007AAA  EF4F  F03D         	goto	u1475
  3925   007AAE  5010               	movf	??_BME_GetData^0,w,c
  3926   007AB0  5C14               	subwf	(??_BME_GetData+4)^0,w,c
  3927   007AB2  6E18               	movwf	(??_BME_GetData+8)^0,c
  3928   007AB4  5011               	movf	(??_BME_GetData+1)^0,w,c
  3929   007AB6  5815               	subwfb	(??_BME_GetData+5)^0,w,c
  3930   007AB8  6E19               	movwf	(??_BME_GetData+9)^0,c
  3931   007ABA  5012               	movf	(??_BME_GetData+2)^0,w,c
  3932   007ABC  5816               	subwfb	(??_BME_GetData+6)^0,w,c
  3933   007ABE  6E1A               	movwf	(??_BME_GetData+10)^0,c
  3934   007AC0  5013               	movf	(??_BME_GetData+3)^0,w,c
  3935   007AC2  5817               	subwfb	(??_BME_GetData+7)^0,w,c
  3936   007AC4  6E1B               	movwf	(??_BME_GetData+11)^0,c
  3937   007AC6  5001               	movf	?___lmul^0,w,c
  3938   007AC8  5C18               	subwf	(??_BME_GetData+8)^0,w,c
  3939   007ACA  6E4B               	movwf	BME_GetData@hv^0,c
  3940   007ACC  5002               	movf	(?___lmul+1)^0,w,c
  3941   007ACE  5819               	subwfb	(??_BME_GetData+9)^0,w,c
  3942   007AD0  6E4C               	movwf	(BME_GetData@hv+1)^0,c
  3943   007AD2  5003               	movf	(?___lmul+2)^0,w,c
  3944   007AD4  581A               	subwfb	(??_BME_GetData+10)^0,w,c
  3945   007AD6  6E4D               	movwf	(BME_GetData@hv+2)^0,c
  3946   007AD8  5004               	movf	(?___lmul+3)^0,w,c
  3947   007ADA  581B               	subwfb	(??_BME_GetData+11)^0,w,c
  3948   007ADC  6E4E               	movwf	(BME_GetData@hv+3)^0,c
  3949   007ADE                     
  3950                           ; BSR set to: 0
  3951                           ;oled_4sensores.c: 385:     hv = (hv + 16384L) >> 15;
  3952   007ADE  0E0F               	movlw	15
  3953   007AE0  6E10               	movwf	??_BME_GetData^0,c
  3954   007AE2  0E00               	movlw	0
  3955   007AE4  244B               	addwf	BME_GetData@hv^0,w,c
  3956   007AE6  6E11               	movwf	(??_BME_GetData+1)^0,c
  3957   007AE8  0E40               	movlw	64
  3958   007AEA  204C               	addwfc	(BME_GetData@hv+1)^0,w,c
  3959   007AEC  6E12               	movwf	(??_BME_GetData+2)^0,c
  3960   007AEE  0E00               	movlw	0
  3961   007AF0  204D               	addwfc	(BME_GetData@hv+2)^0,w,c
  3962   007AF2  6E13               	movwf	(??_BME_GetData+3)^0,c
  3963   007AF4  0E00               	movlw	0
  3964   007AF6  204E               	addwfc	(BME_GetData@hv+3)^0,w,c
  3965   007AF8  6E14               	movwf	(??_BME_GetData+4)^0,c
  3966   007AFA                     u1485:
  3967   007AFA  6610               	tstfsz	??_BME_GetData^0,c
  3968   007AFC  EF82  F03D         	goto	u1486
  3969   007B00  EF8A  F03D         	goto	u1487
  3970   007B04                     u1486:
  3971   007B04  3414               	rlcf	(??_BME_GetData+4)^0,w,c
  3972   007B06  3214               	rrcf	(??_BME_GetData+4)^0,f,c
  3973   007B08  3213               	rrcf	(??_BME_GetData+3)^0,f,c
  3974   007B0A  3212               	rrcf	(??_BME_GetData+2)^0,f,c
  3975   007B0C  3211               	rrcf	(??_BME_GetData+1)^0,f,c
  3976   007B0E  2E10               	decfsz	??_BME_GetData^0,f,c
  3977   007B10  EF7D  F03D         	goto	u1485
  3978   007B14                     u1487:
  3979   007B14  C011  F04B         	movff	??_BME_GetData+1,BME_GetData@hv
  3980   007B18  C012  F04C         	movff	??_BME_GetData+2,BME_GetData@hv+1
  3981   007B1C  C013  F04D         	movff	??_BME_GetData+3,BME_GetData@hv+2
  3982   007B20  C014  F04E         	movff	??_BME_GetData+4,BME_GetData@hv+3
  3983   007B24                     
  3984                           ;oled_4sensores.c: 386:     hv = hv * (((((hv * (long)dig_H6)>>10)*
  3985   007B24  0E0B               	movlw	11
  3986   007B26  6E10               	movwf	??_BME_GetData^0,c
  3987   007B28  C081  F001         	movff	_dig_H3,___lmul@multiplier
  3988   007B2C  C082  F002         	movff	_dig_H3+1,___lmul@multiplier+1
  3989   007B30  6A03               	clrf	(___lmul@multiplier+2)^0,c
  3990   007B32  6A04               	clrf	(___lmul@multiplier+3)^0,c
  3991   007B34  C04B  F005         	movff	BME_GetData@hv,___lmul@multiplicand
  3992   007B38  C04C  F006         	movff	BME_GetData@hv+1,___lmul@multiplicand+1
  3993   007B3C  C04D  F007         	movff	BME_GetData@hv+2,___lmul@multiplicand+2
  3994   007B40  C04E  F008         	movff	BME_GetData@hv+3,___lmul@multiplicand+3
  3995   007B44  ECB6  F036         	call	___lmul	;wreg free
  3996   007B48                     u1495:
  3997   007B48  6610               	tstfsz	??_BME_GetData^0,c
  3998   007B4A  EFA9  F03D         	goto	u1496
  3999   007B4E  EFB1  F03D         	goto	u1497
  4000   007B52                     u1496:
  4001   007B52  3404               	rlcf	(?___lmul+3)^0,w,c
  4002   007B54  3204               	rrcf	(?___lmul+3)^0,f,c
  4003   007B56  3203               	rrcf	(?___lmul+2)^0,f,c
  4004   007B58  3202               	rrcf	(?___lmul+1)^0,f,c
  4005   007B5A  3201               	rrcf	?___lmul^0,f,c
  4006   007B5C  2E10               	decfsz	??_BME_GetData^0,f,c
  4007   007B5E  EFA4  F03D         	goto	u1495
  4008   007B62                     u1497:
  4009   007B62  0E00               	movlw	0
  4010   007B64  2401               	addwf	?___lmul^0,w,c
  4011   007B66  6E33               	movwf	_BME_GetData$1373^0,c
  4012   007B68  0E80               	movlw	128
  4013   007B6A  2002               	addwfc	(?___lmul+1)^0,w,c
  4014   007B6C  6E34               	movwf	(_BME_GetData$1373+1)^0,c
  4015   007B6E  0E00               	movlw	0
  4016   007B70  2003               	addwfc	(?___lmul+2)^0,w,c
  4017   007B72  6E35               	movwf	(_BME_GetData$1373+2)^0,c
  4018   007B74  0E00               	movlw	0
  4019   007B76  2004               	addwfc	(?___lmul+3)^0,w,c
  4020   007B78  6E36               	movwf	(_BME_GetData$1373+3)^0,c
  4021   007B7A                     
  4022                           ;oled_4sensores.c: 386:     hv = hv * (((((hv * (long)dig_H6)>>10)*
  4023   007B7A  0E0A               	movlw	10
  4024   007B7C  6E10               	movwf	??_BME_GetData^0,c
  4025   007B7E  C079  F001         	movff	_dig_H6,___lmul@multiplier
  4026   007B82  C07A  F002         	movff	_dig_H6+1,___lmul@multiplier+1
  4027   007B86  0E00               	movlw	0
  4028   007B88  BE02               	btfsc	(___lmul@multiplier+1)^0,7,c
  4029   007B8A  0EFF               	movlw	-1
  4030   007B8C  6E03               	movwf	(___lmul@multiplier+2)^0,c
  4031   007B8E  6E04               	movwf	(___lmul@multiplier+3)^0,c
  4032   007B90  C04B  F005         	movff	BME_GetData@hv,___lmul@multiplicand
  4033   007B94  C04C  F006         	movff	BME_GetData@hv+1,___lmul@multiplicand+1
  4034   007B98  C04D  F007         	movff	BME_GetData@hv+2,___lmul@multiplicand+2
  4035   007B9C  C04E  F008         	movff	BME_GetData@hv+3,___lmul@multiplicand+3
  4036   007BA0  ECB6  F036         	call	___lmul	;wreg free
  4037   007BA4                     u1505:
  4038   007BA4  6610               	tstfsz	??_BME_GetData^0,c
  4039   007BA6  EFD7  F03D         	goto	u1506
  4040   007BAA  EFDF  F03D         	goto	u1507
  4041   007BAE                     u1506:
  4042   007BAE  3404               	rlcf	(?___lmul+3)^0,w,c
  4043   007BB0  3204               	rrcf	(?___lmul+3)^0,f,c
  4044   007BB2  3203               	rrcf	(?___lmul+2)^0,f,c
  4045   007BB4  3202               	rrcf	(?___lmul+1)^0,f,c
  4046   007BB6  3201               	rrcf	?___lmul^0,f,c
  4047   007BB8  2E10               	decfsz	??_BME_GetData^0,f,c
  4048   007BBA  EFD2  F03D         	goto	u1505
  4049   007BBE                     u1507:
  4050   007BBE  C001  F037         	movff	?___lmul,_BME_GetData$1374
  4051   007BC2  C002  F038         	movff	?___lmul+1,_BME_GetData$1374+1
  4052   007BC6  C003  F039         	movff	?___lmul+2,_BME_GetData$1374+2
  4053   007BCA  C004  F03A         	movff	?___lmul+3,_BME_GetData$1374+3
  4054   007BCE                     
  4055                           ;oled_4sensores.c: 386:     hv = hv * (((((hv * (long)dig_H6)>>10)*
  4056   007BCE  0E0A               	movlw	10
  4057   007BD0  6E10               	movwf	??_BME_GetData^0,c
  4058   007BD2  C033  F001         	movff	_BME_GetData$1373,___lmul@multiplier
  4059   007BD6  C034  F002         	movff	_BME_GetData$1373+1,___lmul@multiplier+1
  4060   007BDA  C035  F003         	movff	_BME_GetData$1373+2,___lmul@multiplier+2
  4061   007BDE  C036  F004         	movff	_BME_GetData$1373+3,___lmul@multiplier+3
  4062   007BE2  C037  F005         	movff	_BME_GetData$1374,___lmul@multiplicand
  4063   007BE6  C038  F006         	movff	_BME_GetData$1374+1,___lmul@multiplicand+1
  4064   007BEA  C039  F007         	movff	_BME_GetData$1374+2,___lmul@multiplicand+2
  4065   007BEE  C03A  F008         	movff	_BME_GetData$1374+3,___lmul@multiplicand+3
  4066   007BF2  ECB6  F036         	call	___lmul	;wreg free
  4067   007BF6                     u1515:
  4068   007BF6  6610               	tstfsz	??_BME_GetData^0,c
  4069   007BF8  EF00  F03E         	goto	u1516
  4070   007BFC  EF08  F03E         	goto	u1517
  4071   007C00                     u1516:
  4072   007C00  3404               	rlcf	(?___lmul+3)^0,w,c
  4073   007C02  3204               	rrcf	(?___lmul+3)^0,f,c
  4074   007C04  3203               	rrcf	(?___lmul+2)^0,f,c
  4075   007C06  3202               	rrcf	(?___lmul+1)^0,f,c
  4076   007C08  3201               	rrcf	?___lmul^0,f,c
  4077   007C0A  2E10               	decfsz	??_BME_GetData^0,f,c
  4078   007C0C  EFFB  F03D         	goto	u1515
  4079   007C10                     u1517:
  4080   007C10  0E00               	movlw	0
  4081   007C12  2401               	addwf	?___lmul^0,w,c
  4082   007C14  6E3B               	movwf	_BME_GetData$1375^0,c
  4083   007C16  0E00               	movlw	0
  4084   007C18  2002               	addwfc	(?___lmul+1)^0,w,c
  4085   007C1A  6E3C               	movwf	(_BME_GetData$1375+1)^0,c
  4086   007C1C  0E20               	movlw	32
  4087   007C1E  2003               	addwfc	(?___lmul+2)^0,w,c
  4088   007C20  6E3D               	movwf	(_BME_GetData$1375+2)^0,c
  4089   007C22  0E00               	movlw	0
  4090   007C24  2004               	addwfc	(?___lmul+3)^0,w,c
  4091   007C26  6E3E               	movwf	(_BME_GetData$1375+3)^0,c
  4092   007C28                     
  4093                           ;oled_4sensores.c: 386:     hv = hv * (((((hv * (long)dig_H6)>>10)*
  4094   007C28  C03B  F001         	movff	_BME_GetData$1375,___lmul@multiplier
  4095   007C2C  C03C  F002         	movff	_BME_GetData$1375+1,___lmul@multiplier+1
  4096   007C30  C03D  F003         	movff	_BME_GetData$1375+2,___lmul@multiplier+2
  4097   007C34  C03E  F004         	movff	_BME_GetData$1375+3,___lmul@multiplier+3
  4098   007C38  C04B  F005         	movff	BME_GetData@hv,___lmul@multiplicand
  4099   007C3C  C04C  F006         	movff	BME_GetData@hv+1,___lmul@multiplicand+1
  4100   007C40  C04D  F007         	movff	BME_GetData@hv+2,___lmul@multiplicand+2
  4101   007C44  C04E  F008         	movff	BME_GetData@hv+3,___lmul@multiplicand+3
  4102   007C48  ECB6  F036         	call	___lmul	;wreg free
  4103   007C4C  C001  F04B         	movff	?___lmul,BME_GetData@hv
  4104   007C50  C002  F04C         	movff	?___lmul+1,BME_GetData@hv+1
  4105   007C54  C003  F04D         	movff	?___lmul+2,BME_GetData@hv+2
  4106   007C58  C004  F04E         	movff	?___lmul+3,BME_GetData@hv+3
  4107   007C5C                     
  4108                           ;oled_4sensores.c: 388:     hv = hv * (long)dig_H2;
  4109   007C5C  C07F  F001         	movff	_dig_H2,___lmul@multiplier
  4110   007C60  C080  F002         	movff	_dig_H2+1,___lmul@multiplier+1
  4111   007C64  0E00               	movlw	0
  4112   007C66  BE02               	btfsc	(___lmul@multiplier+1)^0,7,c
  4113   007C68  0EFF               	movlw	-1
  4114   007C6A  6E03               	movwf	(___lmul@multiplier+2)^0,c
  4115   007C6C  6E04               	movwf	(___lmul@multiplier+3)^0,c
  4116   007C6E  C04B  F005         	movff	BME_GetData@hv,___lmul@multiplicand
  4117   007C72  C04C  F006         	movff	BME_GetData@hv+1,___lmul@multiplicand+1
  4118   007C76  C04D  F007         	movff	BME_GetData@hv+2,___lmul@multiplicand+2
  4119   007C7A  C04E  F008         	movff	BME_GetData@hv+3,___lmul@multiplicand+3
  4120   007C7E  ECB6  F036         	call	___lmul	;wreg free
  4121   007C82  C001  F04B         	movff	?___lmul,BME_GetData@hv
  4122   007C86  C002  F04C         	movff	?___lmul+1,BME_GetData@hv+1
  4123   007C8A  C003  F04D         	movff	?___lmul+2,BME_GetData@hv+2
  4124   007C8E  C004  F04E         	movff	?___lmul+3,BME_GetData@hv+3
  4125   007C92                     
  4126                           ;oled_4sensores.c: 389:     hv = (hv>>13) + (((hv & 0x1FFF) * (long)dig_H2)>>13);
  4127   007C92  0E0D               	movlw	13
  4128   007C94  6E10               	movwf	??_BME_GetData^0,c
  4129   007C96  0EFF               	movlw	255
  4130   007C98  144B               	andwf	BME_GetData@hv^0,w,c
  4131   007C9A  6E01               	movwf	___lmul@multiplier^0,c
  4132   007C9C  0E1F               	movlw	31
  4133   007C9E  144C               	andwf	(BME_GetData@hv+1)^0,w,c
  4134   007CA0  6E02               	movwf	(___lmul@multiplier+1)^0,c
  4135   007CA2  0E00               	movlw	0
  4136   007CA4  144D               	andwf	(BME_GetData@hv+2)^0,w,c
  4137   007CA6  6E03               	movwf	(___lmul@multiplier+2)^0,c
  4138   007CA8  0E00               	movlw	0
  4139   007CAA  144E               	andwf	(BME_GetData@hv+3)^0,w,c
  4140   007CAC  6E04               	movwf	(___lmul@multiplier+3)^0,c
  4141   007CAE  C07F  F005         	movff	_dig_H2,___lmul@multiplicand
  4142   007CB2  C080  F006         	movff	_dig_H2+1,___lmul@multiplicand+1
  4143   007CB6  0E00               	movlw	0
  4144   007CB8  BE06               	btfsc	(___lmul@multiplicand+1)^0,7,c
  4145   007CBA  0EFF               	movlw	-1
  4146   007CBC  6E07               	movwf	(___lmul@multiplicand+2)^0,c
  4147   007CBE  6E08               	movwf	(___lmul@multiplicand+3)^0,c
  4148   007CC0  ECB6  F036         	call	___lmul	;wreg free
  4149   007CC4                     u1525:
  4150   007CC4  6610               	tstfsz	??_BME_GetData^0,c
  4151   007CC6  EF67  F03E         	goto	u1526
  4152   007CCA  EF6F  F03E         	goto	u1527
  4153   007CCE                     u1526:
  4154   007CCE  3404               	rlcf	(?___lmul+3)^0,w,c
  4155   007CD0  3204               	rrcf	(?___lmul+3)^0,f,c
  4156   007CD2  3203               	rrcf	(?___lmul+2)^0,f,c
  4157   007CD4  3202               	rrcf	(?___lmul+1)^0,f,c
  4158   007CD6  3201               	rrcf	?___lmul^0,f,c
  4159   007CD8  2E10               	decfsz	??_BME_GetData^0,f,c
  4160   007CDA  EF62  F03E         	goto	u1525
  4161   007CDE                     u1527:
  4162   007CDE  0E0D               	movlw	13
  4163   007CE0  6E11               	movwf	(??_BME_GetData+1)^0,c
  4164   007CE2  C04B  F012         	movff	BME_GetData@hv,??_BME_GetData+2
  4165   007CE6  C04C  F013         	movff	BME_GetData@hv+1,??_BME_GetData+3
  4166   007CEA  C04D  F014         	movff	BME_GetData@hv+2,??_BME_GetData+4
  4167   007CEE  C04E  F015         	movff	BME_GetData@hv+3,??_BME_GetData+5
  4168   007CF2                     u1535:
  4169   007CF2  6611               	tstfsz	(??_BME_GetData+1)^0,c
  4170   007CF4  EF7E  F03E         	goto	u1536
  4171   007CF8  EF86  F03E         	goto	u1537
  4172   007CFC                     u1536:
  4173   007CFC  3415               	rlcf	(??_BME_GetData+5)^0,w,c
  4174   007CFE  3215               	rrcf	(??_BME_GetData+5)^0,f,c
  4175   007D00  3214               	rrcf	(??_BME_GetData+4)^0,f,c
  4176   007D02  3213               	rrcf	(??_BME_GetData+3)^0,f,c
  4177   007D04  3212               	rrcf	(??_BME_GetData+2)^0,f,c
  4178   007D06  2E11               	decfsz	(??_BME_GetData+1)^0,f,c
  4179   007D08  EF79  F03E         	goto	u1535
  4180   007D0C                     u1537:
  4181   007D0C  5001               	movf	?___lmul^0,w,c
  4182   007D0E  2412               	addwf	(??_BME_GetData+2)^0,w,c
  4183   007D10  6E4B               	movwf	BME_GetData@hv^0,c
  4184   007D12  5002               	movf	(?___lmul+1)^0,w,c
  4185   007D14  2013               	addwfc	(??_BME_GetData+3)^0,w,c
  4186   007D16  6E4C               	movwf	(BME_GetData@hv+1)^0,c
  4187   007D18  5003               	movf	(?___lmul+2)^0,w,c
  4188   007D1A  2014               	addwfc	(??_BME_GetData+4)^0,w,c
  4189   007D1C  6E4D               	movwf	(BME_GetData@hv+2)^0,c
  4190   007D1E  5004               	movf	(?___lmul+3)^0,w,c
  4191   007D20  2015               	addwfc	(??_BME_GetData+5)^0,w,c
  4192   007D22  6E4E               	movwf	(BME_GetData@hv+3)^0,c
  4193   007D24                     
  4194                           ;oled_4sensores.c: 390:     hv = hv >> 4;
  4195   007D24  0E04               	movlw	4
  4196   007D26  6E10               	movwf	??_BME_GetData^0,c
  4197   007D28  C04B  F011         	movff	BME_GetData@hv,??_BME_GetData+1
  4198   007D2C  C04C  F012         	movff	BME_GetData@hv+1,??_BME_GetData+2
  4199   007D30  C04D  F013         	movff	BME_GetData@hv+2,??_BME_GetData+3
  4200   007D34  C04E  F014         	movff	BME_GetData@hv+3,??_BME_GetData+4
  4201   007D38                     u1545:
  4202   007D38  6610               	tstfsz	??_BME_GetData^0,c
  4203   007D3A  EFA1  F03E         	goto	u1546
  4204   007D3E  EFA9  F03E         	goto	u1547
  4205   007D42                     u1546:
  4206   007D42  3414               	rlcf	(??_BME_GetData+4)^0,w,c
  4207   007D44  3214               	rrcf	(??_BME_GetData+4)^0,f,c
  4208   007D46  3213               	rrcf	(??_BME_GetData+3)^0,f,c
  4209   007D48  3212               	rrcf	(??_BME_GetData+2)^0,f,c
  4210   007D4A  3211               	rrcf	(??_BME_GetData+1)^0,f,c
  4211   007D4C  2E10               	decfsz	??_BME_GetData^0,f,c
  4212   007D4E  EF9C  F03E         	goto	u1545
  4213   007D52                     u1547:
  4214   007D52  C011  F04B         	movff	??_BME_GetData+1,BME_GetData@hv
  4215   007D56  C012  F04C         	movff	??_BME_GetData+2,BME_GetData@hv+1
  4216   007D5A  C013  F04D         	movff	??_BME_GetData+3,BME_GetData@hv+2
  4217   007D5E  C014  F04E         	movff	??_BME_GetData+4,BME_GetData@hv+3
  4218   007D62                     
  4219                           ;oled_4sensores.c: 391:     if(hv > 102400) hv = 102400;
  4220   007D62  BE4E               	btfsc	(BME_GetData@hv+3)^0,7,c
  4221   007D64  EFC0  F03E         	goto	u1551
  4222   007D68  504E               	movf	(BME_GetData@hv+3)^0,w,c
  4223   007D6A  E10C               	bnz	u1550
  4224   007D6C  044B               	decf	BME_GetData@hv^0,w,c
  4225   007D6E  0E90               	movlw	144
  4226   007D70  584C               	subwfb	(BME_GetData@hv+1)^0,w,c
  4227   007D72  0E01               	movlw	1
  4228   007D74  584D               	subwfb	(BME_GetData@hv+2)^0,w,c
  4229   007D76  A0D8               	btfss	status,0,c
  4230   007D78  EFC0  F03E         	goto	u1551
  4231   007D7C  EFC2  F03E         	goto	u1550
  4232   007D80                     u1551:
  4233   007D80  EFCA  F03E         	goto	l2101
  4234   007D84                     u1550:
  4235   007D84  0E00               	movlw	0
  4236   007D86  6E4B               	movwf	BME_GetData@hv^0,c
  4237   007D88  0E90               	movlw	144
  4238   007D8A  6E4C               	movwf	(BME_GetData@hv+1)^0,c
  4239   007D8C  0E01               	movlw	1
  4240   007D8E  6E4D               	movwf	(BME_GetData@hv+2)^0,c
  4241   007D90  0E00               	movlw	0
  4242   007D92  6E4E               	movwf	(BME_GetData@hv+3)^0,c
  4243   007D94                     l2101:
  4244                           
  4245                           ;oled_4sensores.c: 392:     if(hv < 0) hv = 0;
  4246   007D94  BE4E               	btfsc	(BME_GetData@hv+3)^0,7,c
  4247   007D96  EFD1  F03E         	goto	u1560
  4248   007D9A  EFCF  F03E         	goto	u1561
  4249   007D9E                     u1561:
  4250   007D9E  EFD9  F03E         	goto	l2105
  4251   007DA2                     u1560:
  4252   007DA2  0E00               	movlw	0
  4253   007DA4  6E4B               	movwf	BME_GetData@hv^0,c
  4254   007DA6  0E00               	movlw	0
  4255   007DA8  6E4C               	movwf	(BME_GetData@hv+1)^0,c
  4256   007DAA  0E00               	movlw	0
  4257   007DAC  6E4D               	movwf	(BME_GetData@hv+2)^0,c
  4258   007DAE  0E00               	movlw	0
  4259   007DB0  6E4E               	movwf	(BME_GetData@hv+3)^0,c
  4260   007DB2                     l2105:
  4261                           
  4262                           ;oled_4sensores.c: 393:     *hum = (unsigned int)(hv >> 10);
  4263   007DB2  0E0A               	movlw	10
  4264   007DB4  6E10               	movwf	??_BME_GetData^0,c
  4265   007DB6  C04B  F011         	movff	BME_GetData@hv,??_BME_GetData+1
  4266   007DBA  C04C  F012         	movff	BME_GetData@hv+1,??_BME_GetData+2
  4267   007DBE  C04D  F013         	movff	BME_GetData@hv+2,??_BME_GetData+3
  4268   007DC2  C04E  F014         	movff	BME_GetData@hv+3,??_BME_GetData+4
  4269   007DC6                     u1575:
  4270   007DC6  6610               	tstfsz	??_BME_GetData^0,c
  4271   007DC8  EFE8  F03E         	goto	u1576
  4272   007DCC  EFF0  F03E         	goto	u1577
  4273   007DD0                     u1576:
  4274   007DD0  3414               	rlcf	(??_BME_GetData+4)^0,w,c
  4275   007DD2  3214               	rrcf	(??_BME_GetData+4)^0,f,c
  4276   007DD4  3213               	rrcf	(??_BME_GetData+3)^0,f,c
  4277   007DD6  3212               	rrcf	(??_BME_GetData+2)^0,f,c
  4278   007DD8  3211               	rrcf	(??_BME_GetData+1)^0,f,c
  4279   007DDA  2E10               	decfsz	??_BME_GetData^0,f,c
  4280   007DDC  EFE3  F03E         	goto	u1575
  4281   007DE0                     u1577:
  4282   007DE0  500F               	movf	BME_GetData@hum^0,w,c
  4283   007DE2  6ED9               	movwf	fsr2l,c
  4284   007DE4  6ADA               	clrf	fsr2h,c
  4285   007DE6  C011  FFDE         	movff	??_BME_GetData+1,postinc2
  4286   007DEA  C012  FFDD         	movff	??_BME_GetData+2,postdec2
  4287   007DEE                     
  4288                           ;oled_4sensores.c: 394:     return 0;
  4289   007DEE  0E00               	movlw	0
  4290   007DF0                     l150:
  4291   007DF0  0012               	return		;funcret
  4292   007DF2                     __end_of_BME_GetData:
  4293                           	callstack 0
  4294                           
  4295 ;; *************** function ___lmul *****************
  4296 ;; Defined at:
  4297 ;;		line 15 in file "C:\Program Files\Microchip\xc8\v3.10\pic\sources\c99\common\Umul32.c"
  4298 ;; Parameters:    Size  Location     Type
  4299 ;;  multiplier      4    0[COMRAM] unsigned long 
  4300 ;;  multiplicand    4    4[COMRAM] unsigned long 
  4301 ;; Auto vars:     Size  Location     Type
  4302 ;;  product         4    8[COMRAM] unsigned long 
  4303 ;; Return value:  Size  Location     Type
  4304 ;;                  4    0[COMRAM] unsigned long 
  4305 ;; Registers used:
  4306 ;;		wreg, status,2, status,0
  4307 ;; Tracked objects:
  4308 ;;		On entry : 0/0
  4309 ;;		On exit  : 0/0
  4310 ;;		Unchanged: 0/0
  4311 ;; Data sizes:     COMRAM   BANK0   BANK1   BANK2   BANK3   BANK4   BANK5   BANK6   BANK7
  4312 ;;      Params:         8       0       0       0       0       0       0       0       0
  4313 ;;      Locals:         4       0       0       0       0       0       0       0       0
  4314 ;;      Temps:          0       0       0       0       0       0       0       0       0
  4315 ;;      Totals:        12       0       0       0       0       0       0       0       0
  4316 ;;Total ram usage:       12 bytes
  4317 ;; Hardware stack levels used: 1
  4318 ;; This function calls:
  4319 ;;		Nothing
  4320 ;; This function is called by:
  4321 ;;		_BME_GetData
  4322 ;;		_main
  4323 ;; This function uses a non-reentrant model
  4324 ;;
  4325                           
  4326                           	psect	text19
  4327   006D6C                     __ptext19:
  4328                           	callstack 0
  4329   006D6C                     ___lmul:
  4330                           	callstack 29
  4331   006D6C  0E00               	movlw	0
  4332   006D6E  6E09               	movwf	___lmul@product^0,c
  4333   006D70  0E00               	movlw	0
  4334   006D72  6E0A               	movwf	(___lmul@product+1)^0,c
  4335   006D74  0E00               	movlw	0
  4336   006D76  6E0B               	movwf	(___lmul@product+2)^0,c
  4337   006D78  0E00               	movlw	0
  4338   006D7A  6E0C               	movwf	(___lmul@product+3)^0,c
  4339   006D7C                     l1963:
  4340   006D7C  A001               	btfss	___lmul@multiplier^0,0,c
  4341   006D7E  EFC3  F036         	goto	u1241
  4342   006D82  EFC5  F036         	goto	u1240
  4343   006D86                     u1241:
  4344   006D86  EFCD  F036         	goto	l1967
  4345   006D8A                     u1240:
  4346   006D8A  5005               	movf	___lmul@multiplicand^0,w,c
  4347   006D8C  2609               	addwf	___lmul@product^0,f,c
  4348   006D8E  5006               	movf	(___lmul@multiplicand+1)^0,w,c
  4349   006D90  220A               	addwfc	(___lmul@product+1)^0,f,c
  4350   006D92  5007               	movf	(___lmul@multiplicand+2)^0,w,c
  4351   006D94  220B               	addwfc	(___lmul@product+2)^0,f,c
  4352   006D96  5008               	movf	(___lmul@multiplicand+3)^0,w,c
  4353   006D98  220C               	addwfc	(___lmul@product+3)^0,f,c
  4354   006D9A                     l1967:
  4355   006D9A  90D8               	bcf	status,0,c
  4356   006D9C  3605               	rlcf	___lmul@multiplicand^0,f,c
  4357   006D9E  3606               	rlcf	(___lmul@multiplicand+1)^0,f,c
  4358   006DA0  3607               	rlcf	(___lmul@multiplicand+2)^0,f,c
  4359   006DA2  3608               	rlcf	(___lmul@multiplicand+3)^0,f,c
  4360   006DA4  90D8               	bcf	status,0,c
  4361   006DA6  3204               	rrcf	(___lmul@multiplier+3)^0,f,c
  4362   006DA8  3203               	rrcf	(___lmul@multiplier+2)^0,f,c
  4363   006DAA  3202               	rrcf	(___lmul@multiplier+1)^0,f,c
  4364   006DAC  3201               	rrcf	___lmul@multiplier^0,f,c
  4365   006DAE  5001               	movf	___lmul@multiplier^0,w,c
  4366   006DB0  1002               	iorwf	(___lmul@multiplier+1)^0,w,c
  4367   006DB2  1003               	iorwf	(___lmul@multiplier+2)^0,w,c
  4368   006DB4  1004               	iorwf	(___lmul@multiplier+3)^0,w,c
  4369   006DB6  A4D8               	btfss	status,2,c
  4370   006DB8  EFE0  F036         	goto	u1251
  4371   006DBC  EFE2  F036         	goto	u1250
  4372   006DC0                     u1251:
  4373   006DC0  EFBE  F036         	goto	l1963
  4374   006DC4                     u1250:
  4375   006DC4  C009  F001         	movff	___lmul@product,?___lmul
  4376   006DC8  C00A  F002         	movff	___lmul@product+1,?___lmul+1
  4377   006DCC  C00B  F003         	movff	___lmul@product+2,?___lmul+2
  4378   006DD0  C00C  F004         	movff	___lmul@product+3,?___lmul+3
  4379   006DD4  0012               	return		;funcret
  4380   006DD6                     __end_of___lmul:
  4381                           	callstack 0
  4382                           
  4383 ;; *************** function _BME_ReadRegs *****************
  4384 ;; Defined at:
  4385 ;;		line 308 in file "oled_4sensores.c"
  4386 ;; Parameters:    Size  Location     Type
  4387 ;;  reg             1    wreg     unsigned char 
  4388 ;;  buf             1    4[COMRAM] PTR unsigned char 
  4389 ;;		 -> BME_GetData@d(8), BME_Init@id(1), BME_ReadCalib@bh(7), BME_ReadCalib@h1(1), 
  4390 ;;		 -> BME_ReadCalib@b(26), 
  4391 ;;  len             1    5[COMRAM] unsigned char 
  4392 ;; Auto vars:     Size  Location     Type
  4393 ;;  reg             1   10[COMRAM] unsigned char 
  4394 ;;  i               1   12[COMRAM] unsigned char 
  4395 ;;  nack            1   11[COMRAM] unsigned char 
  4396 ;; Return value:  Size  Location     Type
  4397 ;;                  1    wreg      unsigned char 
  4398 ;; Registers used:
  4399 ;;		wreg, fsr2l, fsr2h, status,2, status,0, cstack
  4400 ;; Tracked objects:
  4401 ;;		On entry : 0/0
  4402 ;;		On exit  : 0/0
  4403 ;;		Unchanged: 0/0
  4404 ;; Data sizes:     COMRAM   BANK0   BANK1   BANK2   BANK3   BANK4   BANK5   BANK6   BANK7
  4405 ;;      Params:         2       0       0       0       0       0       0       0       0
  4406 ;;      Locals:         3       0       0       0       0       0       0       0       0
  4407 ;;      Temps:          4       0       0       0       0       0       0       0       0
  4408 ;;      Totals:         9       0       0       0       0       0       0       0       0
  4409 ;;Total ram usage:        9 bytes
  4410 ;; Hardware stack levels used: 1
  4411 ;; This function calls:
  4412 ;;		_I2C_Read
  4413 ;;		_I2C_Start
  4414 ;;		_I2C_Stop
  4415 ;;		_I2C_Write
  4416 ;; This function is called by:
  4417 ;;		_BME_ReadCalib
  4418 ;;		_BME_Init
  4419 ;;		_BME_GetData
  4420 ;; This function uses a non-reentrant model
  4421 ;;
  4422                           
  4423                           	psect	text20
  4424   0070B6                     __ptext20:
  4425                           	callstack 0
  4426   0070B6                     _BME_ReadRegs:
  4427                           	callstack 28
  4428                           
  4429                           ;incstack = 0
  4430                           ;BME_ReadRegs@reg stored from wreg
  4431   0070B6  6E0B               	movwf	BME_ReadRegs@reg^0,c
  4432   0070B8                     
  4433                           ;oled_4sensores.c: 309:     unsigned char nack;;oled_4sensores.c: 310:     I2C_Start();
  4434   0070B8  EC07  F035         	call	_I2C_Start	;wreg free
  4435   0070BC                     
  4436                           ;oled_4sensores.c: 311:     nack = I2C_Write(0xEC);
  4437   0070BC  0EEC               	movlw	236
  4438   0070BE  EC52  F036         	call	_I2C_Write
  4439   0070C2  6E0C               	movwf	BME_ReadRegs@nack^0,c
  4440   0070C4                     
  4441                           ;oled_4sensores.c: 312:     if(nack){ I2C_Stop(); return 1; }
  4442   0070C4  500C               	movf	BME_ReadRegs@nack^0,w,c
  4443   0070C6  B4D8               	btfsc	status,2,c
  4444   0070C8  EF68  F038         	goto	u1011
  4445   0070CC  EF6A  F038         	goto	u1010
  4446   0070D0                     u1011:
  4447   0070D0  EF6F  F038         	goto	l1777
  4448   0070D4                     u1010:
  4449   0070D4                     l1771:
  4450   0070D4  ECF4  F034         	call	_I2C_Stop	;wreg free
  4451   0070D8  0E01               	movlw	1
  4452   0070DA  EFB2  F038         	goto	l131
  4453   0070DE                     l1777:
  4454                           
  4455                           ;oled_4sensores.c: 313:     I2C_Write(reg);
  4456   0070DE  500B               	movf	BME_ReadRegs@reg^0,w,c
  4457   0070E0  EC52  F036         	call	_I2C_Write
  4458   0070E4                     
  4459                           ;oled_4sensores.c: 314:     I2C_Stop();
  4460   0070E4  ECF4  F034         	call	_I2C_Stop	;wreg free
  4461   0070E8                     
  4462                           ;oled_4sensores.c: 316:     I2C_Start();
  4463   0070E8  EC07  F035         	call	_I2C_Start	;wreg free
  4464                           
  4465                           ;oled_4sensores.c: 317:     nack = I2C_Write(0xEC | 0x01);
  4466   0070EC  0EED               	movlw	237
  4467   0070EE  EC52  F036         	call	_I2C_Write
  4468   0070F2  6E0C               	movwf	BME_ReadRegs@nack^0,c
  4469   0070F4                     
  4470                           ;oled_4sensores.c: 318:     if(nack){ I2C_Stop(); return 1; }
  4471   0070F4  500C               	movf	BME_ReadRegs@nack^0,w,c
  4472   0070F6  B4D8               	btfsc	status,2,c
  4473   0070F8  EF80  F038         	goto	u1021
  4474   0070FC  EF82  F038         	goto	u1020
  4475   007100                     u1021:
  4476   007100  EF84  F038         	goto	l132
  4477   007104                     u1020:
  4478   007104  EF6A  F038         	goto	l1771
  4479   007108                     l132:
  4480                           
  4481                           ;oled_4sensores.c: 319:     for(unsigned char i = 0; i < len; i++)
  4482   007108  6A0D               	clrf	BME_ReadRegs@i^0,c
  4483   00710A  EFA6  F038         	goto	l1795
  4484   00710E                     l1791:
  4485                           
  4486                           ;oled_4sensores.c: 320:         buf[i] = I2C_Read(i == len - 1);
  4487   00710E  5005               	movf	BME_ReadRegs@buf^0,w,c
  4488   007110  240D               	addwf	BME_ReadRegs@i^0,w,c
  4489   007112  6ED9               	movwf	fsr2l,c
  4490   007114  6ADA               	clrf	fsr2h,c
  4491   007116  500D               	movf	BME_ReadRegs@i^0,w,c
  4492   007118  6E07               	movwf	??_BME_ReadRegs^0,c
  4493   00711A  6A08               	clrf	(??_BME_ReadRegs+1)^0,c
  4494   00711C  0EFF               	movlw	255
  4495   00711E  2406               	addwf	BME_ReadRegs@len^0,w,c
  4496   007120  6E09               	movwf	(??_BME_ReadRegs+2)^0,c
  4497   007122  6A0A               	clrf	(??_BME_ReadRegs+3)^0,c
  4498   007124  0EFF               	movlw	255
  4499   007126  220A               	addwfc	(??_BME_ReadRegs+3)^0,f,c
  4500   007128  5007               	movf	??_BME_ReadRegs^0,w,c
  4501   00712A  1809               	xorwf	(??_BME_ReadRegs+2)^0,w,c
  4502   00712C  E10A               	bnz	u1030
  4503   00712E  5008               	movf	(??_BME_ReadRegs+1)^0,w,c
  4504   007130  180A               	xorwf	(??_BME_ReadRegs+3)^0,w,c
  4505   007132  B4D8               	btfsc	status,2,c
  4506   007134  EF9E  F038         	goto	u1031
  4507   007138  EFA1  F038         	goto	u1030
  4508   00713C                     u1031:
  4509   00713C  0E01               	movlw	1
  4510   00713E  EFA2  F038         	goto	u1040
  4511   007142                     u1030:
  4512   007142  0E00               	movlw	0
  4513   007144                     u1040:
  4514   007144  ECEB  F036         	call	_I2C_Read
  4515   007148  6EDF               	movwf	indf2,c
  4516   00714A  2A0D               	incf	BME_ReadRegs@i^0,f,c
  4517   00714C                     l1795:
  4518   00714C  5006               	movf	BME_ReadRegs@len^0,w,c
  4519   00714E  5C0D               	subwf	BME_ReadRegs@i^0,w,c
  4520   007150  A0D8               	btfss	status,0,c
  4521   007152  EFAD  F038         	goto	u1051
  4522   007156  EFAF  F038         	goto	u1050
  4523   00715A                     u1051:
  4524   00715A  EF87  F038         	goto	l1791
  4525   00715E                     u1050:
  4526   00715E                     
  4527                           ;oled_4sensores.c: 321:     I2C_Stop();
  4528   00715E  ECF4  F034         	call	_I2C_Stop	;wreg free
  4529   007162                     
  4530                           ;oled_4sensores.c: 322:     return 0;
  4531   007162  0E00               	movlw	0
  4532   007164                     l131:
  4533   007164  0012               	return		;funcret
  4534   007166                     __end_of_BME_ReadRegs:
  4535                           	callstack 0
  4536                           
  4537 ;; *************** function _I2C_Write *****************
  4538 ;; Defined at:
  4539 ;;		line 56 in file "oled_4sensores.c"
  4540 ;; Parameters:    Size  Location     Type
  4541 ;;  data            1    wreg     unsigned char 
  4542 ;; Auto vars:     Size  Location     Type
  4543 ;;  data            1    1[COMRAM] unsigned char 
  4544 ;;  i               1    3[COMRAM] unsigned char 
  4545 ;;  ack             1    2[COMRAM] unsigned char 
  4546 ;; Return value:  Size  Location     Type
  4547 ;;                  1    wreg      unsigned char 
  4548 ;; Registers used:
  4549 ;;		wreg, status,2, status,0, cstack
  4550 ;; Tracked objects:
  4551 ;;		On entry : 0/0
  4552 ;;		On exit  : 0/0
  4553 ;;		Unchanged: 0/0
  4554 ;; Data sizes:     COMRAM   BANK0   BANK1   BANK2   BANK3   BANK4   BANK5   BANK6   BANK7
  4555 ;;      Params:         0       0       0       0       0       0       0       0       0
  4556 ;;      Locals:         3       0       0       0       0       0       0       0       0
  4557 ;;      Temps:          1       0       0       0       0       0       0       0       0
  4558 ;;      Totals:         4       0       0       0       0       0       0       0       0
  4559 ;;Total ram usage:        4 bytes
  4560 ;; Hardware stack levels used: 1
  4561 ;; This function calls:
  4562 ;;		_I2C_Delay
  4563 ;; This function is called by:
  4564 ;;		_OLED_Comando
  4565 ;;		_OLED_Dato
  4566 ;;		_BME_WriteReg
  4567 ;;		_BME_ReadRegs
  4568 ;; This function uses a non-reentrant model
  4569 ;;
  4570                           
  4571                           	psect	text21
  4572   006CA4                     __ptext21:
  4573                           	callstack 0
  4574   006CA4                     _I2C_Write:
  4575                           	callstack 26
  4576                           
  4577                           ;incstack = 0
  4578                           ;I2C_Write@data stored from wreg
  4579   006CA4  6E02               	movwf	I2C_Write@data^0,c
  4580   006CA6                     
  4581                           ;oled_4sensores.c: 57:     unsigned char ack;;oled_4sensores.c: 58:     for(char i = 0; 
      +                          i < 8; i++){
  4582   006CA6  6A04               	clrf	I2C_Write@i^0,c
  4583   006CA8                     l40:
  4584                           
  4585                           ;oled_4sensores.c: 59:         TRISBbits.TRISB0 = 0;
  4586   006CA8  9093               	bcf	147,0,c	;volatile
  4587   006CAA                     
  4588                           ;oled_4sensores.c: 60:         LATBbits.LATB0 = (data & 0x80) ? 1 : 0;
  4589   006CAA  BE02               	btfsc	I2C_Write@data^0,7,c
  4590   006CAC  EF5A  F036         	goto	u911
  4591   006CB0  EF5E  F036         	goto	u910
  4592   006CB4                     u911:
  4593   006CB4  6A01               	clrf	??_I2C_Write^0,c
  4594   006CB6  2A01               	incf	??_I2C_Write^0,f,c
  4595   006CB8  EF5F  F036         	goto	u928
  4596   006CBC                     u910:
  4597   006CBC  6A01               	clrf	??_I2C_Write^0,c
  4598   006CBE                     u928:
  4599   006CBE  508A               	movf	138,w,c	;volatile
  4600   006CC0  1801               	xorwf	??_I2C_Write^0,w,c
  4601   006CC2  0BFE               	andlw	-2
  4602   006CC4  1801               	xorwf	??_I2C_Write^0,w,c
  4603   006CC6  6E8A               	movwf	138,c	;volatile
  4604   006CC8                     
  4605                           ;oled_4sensores.c: 61:         LATBbits.LATB1 = 1; I2C_Delay();
  4606   006CC8  828A               	bsf	138,1,c	;volatile
  4607   006CCA  ECEF  F034         	call	_I2C_Delay	;wreg free
  4608   006CCE                     
  4609                           ;oled_4sensores.c: 62:         LATBbits.LATB1 = 0; I2C_Delay();
  4610   006CCE  928A               	bcf	138,1,c	;volatile
  4611   006CD0  ECEF  F034         	call	_I2C_Delay	;wreg free
  4612                           
  4613                           ;oled_4sensores.c: 63:         data <<= 1;
  4614   006CD4  90D8               	bcf	status,0,c
  4615   006CD6  3602               	rlcf	I2C_Write@data^0,f,c
  4616   006CD8                     
  4617                           ;oled_4sensores.c: 64:     }
  4618   006CD8  2A04               	incf	I2C_Write@i^0,f,c
  4619   006CDA  0E07               	movlw	7
  4620   006CDC  6404               	cpfsgt	I2C_Write@i^0,c
  4621   006CDE  EF73  F036         	goto	u931
  4622   006CE2  EF75  F036         	goto	u930
  4623   006CE6                     u931:
  4624   006CE6  EF54  F036         	goto	l40
  4625   006CEA                     u930:
  4626   006CEA                     
  4627                           ;oled_4sensores.c: 66:     TRISBbits.TRISB0 = 1;
  4628   006CEA  8093               	bsf	147,0,c	;volatile
  4629                           
  4630                           ;oled_4sensores.c: 67:     LATBbits.LATB0 = 1;
  4631   006CEC  808A               	bsf	138,0,c	;volatile
  4632                           
  4633                           ;oled_4sensores.c: 68:     LATBbits.LATB1 = 1; I2C_Delay();
  4634   006CEE  828A               	bsf	138,1,c	;volatile
  4635   006CF0  ECEF  F034         	call	_I2C_Delay	;wreg free
  4636   006CF4                     
  4637                           ;oled_4sensores.c: 69:     ack = PORTBbits.RB0;
  4638   006CF4  0E00               	movlw	0
  4639   006CF6  B081               	btfsc	129,0,c	;volatile
  4640   006CF8  0E01               	movlw	1
  4641   006CFA  6E03               	movwf	I2C_Write@ack^0,c
  4642   006CFC                     
  4643                           ;oled_4sensores.c: 70:     LATBbits.LATB1 = 0; I2C_Delay();
  4644   006CFC  928A               	bcf	138,1,c	;volatile
  4645   006CFE  ECEF  F034         	call	_I2C_Delay	;wreg free
  4646   006D02                     
  4647                           ;oled_4sensores.c: 71:     TRISBbits.TRISB0 = 0;
  4648   006D02  9093               	bcf	147,0,c	;volatile
  4649   006D04                     
  4650                           ;oled_4sensores.c: 72:     return ack;
  4651   006D04  5003               	movf	I2C_Write@ack^0,w,c
  4652   006D06  0012               	return		;funcret
  4653   006D08                     __end_of_I2C_Write:
  4654                           	callstack 0
  4655                           
  4656 ;; *************** function _I2C_Stop *****************
  4657 ;; Defined at:
  4658 ;;		line 45 in file "oled_4sensores.c"
  4659 ;; Parameters:    Size  Location     Type
  4660 ;;		None
  4661 ;; Auto vars:     Size  Location     Type
  4662 ;;		None
  4663 ;; Return value:  Size  Location     Type
  4664 ;;                  1    wreg      void 
  4665 ;; Registers used:
  4666 ;;		wreg, cstack
  4667 ;; Tracked objects:
  4668 ;;		On entry : 0/0
  4669 ;;		On exit  : 0/0
  4670 ;;		Unchanged: 0/0
  4671 ;; Data sizes:     COMRAM   BANK0   BANK1   BANK2   BANK3   BANK4   BANK5   BANK6   BANK7
  4672 ;;      Params:         0       0       0       0       0       0       0       0       0
  4673 ;;      Locals:         0       0       0       0       0       0       0       0       0
  4674 ;;      Temps:          0       0       0       0       0       0       0       0       0
  4675 ;;      Totals:         0       0       0       0       0       0       0       0       0
  4676 ;;Total ram usage:        0 bytes
  4677 ;; Hardware stack levels used: 1
  4678 ;; This function calls:
  4679 ;;		_I2C_Delay
  4680 ;; This function is called by:
  4681 ;;		_OLED_Comando
  4682 ;;		_OLED_Dato
  4683 ;;		_BME_WriteReg
  4684 ;;		_BME_ReadRegs
  4685 ;; This function uses a non-reentrant model
  4686 ;;
  4687                           
  4688                           	psect	text22
  4689   0069E8                     __ptext22:
  4690                           	callstack 0
  4691   0069E8                     _I2C_Stop:
  4692                           	callstack 26
  4693   0069E8                     
  4694                           ;oled_4sensores.c: 46:     TRISBbits.TRISB0 = 0;
  4695   0069E8  9093               	bcf	147,0,c	;volatile
  4696                           
  4697                           ;oled_4sensores.c: 47:     LATBbits.LATB0 = 0;
  4698   0069EA  908A               	bcf	138,0,c	;volatile
  4699                           
  4700                           ;oled_4sensores.c: 48:     LATBbits.LATB1 = 1; I2C_Delay();
  4701   0069EC  828A               	bsf	138,1,c	;volatile
  4702   0069EE  ECEF  F034         	call	_I2C_Delay	;wreg free
  4703   0069F2                     
  4704                           ;oled_4sensores.c: 49:     LATBbits.LATB0 = 1; I2C_Delay();
  4705   0069F2  808A               	bsf	138,0,c	;volatile
  4706   0069F4  ECEF  F034         	call	_I2C_Delay	;wreg free
  4707   0069F8  0012               	return		;funcret
  4708   0069FA                     __end_of_I2C_Stop:
  4709                           	callstack 0
  4710                           
  4711 ;; *************** function _I2C_Start *****************
  4712 ;; Defined at:
  4713 ;;		line 38 in file "oled_4sensores.c"
  4714 ;; Parameters:    Size  Location     Type
  4715 ;;		None
  4716 ;; Auto vars:     Size  Location     Type
  4717 ;;		None
  4718 ;; Return value:  Size  Location     Type
  4719 ;;                  1    wreg      void 
  4720 ;; Registers used:
  4721 ;;		wreg, cstack
  4722 ;; Tracked objects:
  4723 ;;		On entry : 0/0
  4724 ;;		On exit  : 0/0
  4725 ;;		Unchanged: 0/0
  4726 ;; Data sizes:     COMRAM   BANK0   BANK1   BANK2   BANK3   BANK4   BANK5   BANK6   BANK7
  4727 ;;      Params:         0       0       0       0       0       0       0       0       0
  4728 ;;      Locals:         0       0       0       0       0       0       0       0       0
  4729 ;;      Temps:          0       0       0       0       0       0       0       0       0
  4730 ;;      Totals:         0       0       0       0       0       0       0       0       0
  4731 ;;Total ram usage:        0 bytes
  4732 ;; Hardware stack levels used: 1
  4733 ;; This function calls:
  4734 ;;		_I2C_Delay
  4735 ;; This function is called by:
  4736 ;;		_OLED_Comando
  4737 ;;		_OLED_Dato
  4738 ;;		_BME_WriteReg
  4739 ;;		_BME_ReadRegs
  4740 ;; This function uses a non-reentrant model
  4741 ;;
  4742                           
  4743                           	psect	text23
  4744   006A0E                     __ptext23:
  4745                           	callstack 0
  4746   006A0E                     _I2C_Start:
  4747                           	callstack 26
  4748   006A0E                     
  4749                           ;oled_4sensores.c: 39:     TRISBbits.TRISB0 = 0; TRISBbits.TRISB1 = 0;
  4750   006A0E  9093               	bcf	147,0,c	;volatile
  4751   006A10  9293               	bcf	147,1,c	;volatile
  4752                           
  4753                           ;oled_4sensores.c: 40:     LATBbits.LATB0 = 1; LATBbits.LATB1 = 1; I2C_Delay();
  4754   006A12  808A               	bsf	138,0,c	;volatile
  4755   006A14  828A               	bsf	138,1,c	;volatile
  4756   006A16  ECEF  F034         	call	_I2C_Delay	;wreg free
  4757   006A1A                     
  4758                           ;oled_4sensores.c: 41:     LATBbits.LATB0 = 0; I2C_Delay();
  4759   006A1A  908A               	bcf	138,0,c	;volatile
  4760   006A1C  ECEF  F034         	call	_I2C_Delay	;wreg free
  4761   006A20                     
  4762                           ;oled_4sensores.c: 42:     LATBbits.LATB1 = 0;
  4763   006A20  928A               	bcf	138,1,c	;volatile
  4764   006A22  0012               	return		;funcret
  4765   006A24                     __end_of_I2C_Start:
  4766                           	callstack 0
  4767                           
  4768 ;; *************** function _I2C_Read *****************
  4769 ;; Defined at:
  4770 ;;		line 75 in file "oled_4sensores.c"
  4771 ;; Parameters:    Size  Location     Type
  4772 ;;  ultimo          1    wreg     unsigned char 
  4773 ;; Auto vars:     Size  Location     Type
  4774 ;;  ultimo          1    1[COMRAM] unsigned char 
  4775 ;;  i               1    3[COMRAM] unsigned char 
  4776 ;;  dato            1    2[COMRAM] unsigned char 
  4777 ;; Return value:  Size  Location     Type
  4778 ;;                  1    wreg      unsigned char 
  4779 ;; Registers used:
  4780 ;;		wreg, status,2, status,0, cstack
  4781 ;; Tracked objects:
  4782 ;;		On entry : 0/0
  4783 ;;		On exit  : 0/0
  4784 ;;		Unchanged: 0/0
  4785 ;; Data sizes:     COMRAM   BANK0   BANK1   BANK2   BANK3   BANK4   BANK5   BANK6   BANK7
  4786 ;;      Params:         0       0       0       0       0       0       0       0       0
  4787 ;;      Locals:         3       0       0       0       0       0       0       0       0
  4788 ;;      Temps:          1       0       0       0       0       0       0       0       0
  4789 ;;      Totals:         4       0       0       0       0       0       0       0       0
  4790 ;;Total ram usage:        4 bytes
  4791 ;; Hardware stack levels used: 1
  4792 ;; Hardware stack levels required when called: 1
  4793 ;; This function calls:
  4794 ;;		_I2C_Delay
  4795 ;; This function is called by:
  4796 ;;		_BME_ReadRegs
  4797 ;; This function uses a non-reentrant model
  4798 ;;
  4799                           
  4800                           	psect	text24
  4801   006DD6                     __ptext24:
  4802                           	callstack 0
  4803   006DD6                     _I2C_Read:
  4804                           	callstack 26
  4805                           
  4806                           ;incstack = 0
  4807                           ;I2C_Read@ultimo stored from wreg
  4808   006DD6  6E02               	movwf	I2C_Read@ultimo^0,c
  4809   006DD8                     
  4810                           ;oled_4sensores.c: 76:     unsigned char dato = 0;
  4811   006DD8  6A03               	clrf	I2C_Read@dato^0,c
  4812                           
  4813                           ;oled_4sensores.c: 77:     TRISBbits.TRISB0 = 1;
  4814   006DDA  8093               	bsf	147,0,c	;volatile
  4815                           
  4816                           ;oled_4sensores.c: 78:     for(char i = 0; i < 8; i++){
  4817   006DDC  6A04               	clrf	I2C_Read@i^0,c
  4818   006DDE                     l1691:
  4819                           
  4820                           ;oled_4sensores.c: 79:         dato <<= 1;
  4821   006DDE  90D8               	bcf	status,0,c
  4822   006DE0  3603               	rlcf	I2C_Read@dato^0,f,c
  4823   006DE2                     
  4824                           ;oled_4sensores.c: 80:         LATBbits.LATB1 = 1; I2C_Delay();
  4825   006DE2  828A               	bsf	138,1,c	;volatile
  4826   006DE4  ECEF  F034         	call	_I2C_Delay	;wreg free
  4827   006DE8                     
  4828                           ;oled_4sensores.c: 81:         if(PORTBbits.RB0) dato |= 1;
  4829   006DE8  A081               	btfss	129,0,c	;volatile
  4830   006DEA  EFF9  F036         	goto	u941
  4831   006DEE  EFFB  F036         	goto	u940
  4832   006DF2                     u941:
  4833   006DF2  EFFC  F036         	goto	l1701
  4834   006DF6                     u940:
  4835   006DF6  8003               	bsf	I2C_Read@dato^0,0,c
  4836   006DF8                     l1701:
  4837                           
  4838                           ;oled_4sensores.c: 82:         LATBbits.LATB1 = 0; I2C_Delay();
  4839   006DF8  928A               	bcf	138,1,c	;volatile
  4840   006DFA  ECEF  F034         	call	_I2C_Delay	;wreg free
  4841   006DFE                     
  4842                           ;oled_4sensores.c: 83:     }
  4843   006DFE  2A04               	incf	I2C_Read@i^0,f,c
  4844   006E00  0E07               	movlw	7
  4845   006E02  6404               	cpfsgt	I2C_Read@i^0,c
  4846   006E04  EF06  F037         	goto	u951
  4847   006E08  EF08  F037         	goto	u950
  4848   006E0C                     u951:
  4849   006E0C  EFEF  F036         	goto	l1691
  4850   006E10                     u950:
  4851   006E10                     
  4852                           ;oled_4sensores.c: 84:     TRISBbits.TRISB0 = 0;
  4853   006E10  9093               	bcf	147,0,c	;volatile
  4854   006E12                     
  4855                           ;oled_4sensores.c: 85:     LATBbits.LATB0 = ultimo ? 1 : 0;
  4856   006E12  5002               	movf	I2C_Read@ultimo^0,w,c
  4857   006E14  A4D8               	btfss	status,2,c
  4858   006E16  EF0F  F037         	goto	u961
  4859   006E1A  EF13  F037         	goto	u960
  4860   006E1E                     u961:
  4861   006E1E  6A01               	clrf	??_I2C_Read^0,c
  4862   006E20  2A01               	incf	??_I2C_Read^0,f,c
  4863   006E22  EF14  F037         	goto	u978
  4864   006E26                     u960:
  4865   006E26  6A01               	clrf	??_I2C_Read^0,c
  4866   006E28                     u978:
  4867   006E28  508A               	movf	138,w,c	;volatile
  4868   006E2A  1801               	xorwf	??_I2C_Read^0,w,c
  4869   006E2C  0BFE               	andlw	-2
  4870   006E2E  1801               	xorwf	??_I2C_Read^0,w,c
  4871   006E30  6E8A               	movwf	138,c	;volatile
  4872   006E32                     
  4873                           ;oled_4sensores.c: 86:     LATBbits.LATB1 = 1; I2C_Delay();
  4874   006E32  828A               	bsf	138,1,c	;volatile
  4875   006E34  ECEF  F034         	call	_I2C_Delay	;wreg free
  4876   006E38                     
  4877                           ;oled_4sensores.c: 87:     LATBbits.LATB1 = 0; I2C_Delay();
  4878   006E38  928A               	bcf	138,1,c	;volatile
  4879   006E3A  ECEF  F034         	call	_I2C_Delay	;wreg free
  4880   006E3E                     
  4881                           ;oled_4sensores.c: 88:     return dato;
  4882   006E3E  5003               	movf	I2C_Read@dato^0,w,c
  4883   006E40  0012               	return		;funcret
  4884   006E42                     __end_of_I2C_Read:
  4885                           	callstack 0
  4886                           
  4887 ;; *************** function _I2C_Delay *****************
  4888 ;; Defined at:
  4889 ;;		line 36 in file "oled_4sensores.c"
  4890 ;; Parameters:    Size  Location     Type
  4891 ;;		None
  4892 ;; Auto vars:     Size  Location     Type
  4893 ;;		None
  4894 ;; Return value:  Size  Location     Type
  4895 ;;                  1    wreg      void 
  4896 ;; Registers used:
  4897 ;;		wreg
  4898 ;; Tracked objects:
  4899 ;;		On entry : 0/0
  4900 ;;		On exit  : 0/0
  4901 ;;		Unchanged: 0/0
  4902 ;; Data sizes:     COMRAM   BANK0   BANK1   BANK2   BANK3   BANK4   BANK5   BANK6   BANK7
  4903 ;;      Params:         0       0       0       0       0       0       0       0       0
  4904 ;;      Locals:         0       0       0       0       0       0       0       0       0
  4905 ;;      Temps:          0       0       0       0       0       0       0       0       0
  4906 ;;      Totals:         0       0       0       0       0       0       0       0       0
  4907 ;;Total ram usage:        0 bytes
  4908 ;; Hardware stack levels used: 1
  4909 ;; This function calls:
  4910 ;;		Nothing
  4911 ;; This function is called by:
  4912 ;;		_I2C_Start
  4913 ;;		_I2C_Stop
  4914 ;;		_I2C_Write
  4915 ;;		_I2C_Read
  4916 ;; This function uses a non-reentrant model
  4917 ;;
  4918                           
  4919                           	psect	text25
  4920   0069DE                     __ptext25:
  4921                           	callstack 0
  4922   0069DE                     _I2C_Delay:
  4923                           	callstack 25
  4924   0069DE  0E03               	movlw	3
  4925   0069E0                     u1837:
  4926   0069E0  2EE8               	decfsz	wreg,f,c
  4927   0069E2  D7FE               	bra	u1837
  4928   0069E4  0000               	nop	
  4929   0069E6  0012               	return		;funcret
  4930   0069E8                     __end_of_I2C_Delay:
  4931                           	callstack 0
  4932                           
  4933 ;; *************** function _ADC_ReadAvg *****************
  4934 ;; Defined at:
  4935 ;;		line 415 in file "oled_4sensores.c"
  4936 ;; Parameters:    Size  Location     Type
  4937 ;;  c               1    wreg     unsigned char 
  4938 ;; Auto vars:     Size  Location     Type
  4939 ;;  c               1   11[COMRAM] unsigned char 
  4940 ;;  i               1   16[COMRAM] unsigned char 
  4941 ;;  s               4   12[COMRAM] unsigned long 
  4942 ;; Return value:  Size  Location     Type
  4943 ;;                  2    5[COMRAM] unsigned int 
  4944 ;; Registers used:
  4945 ;;		wreg, status,2, status,0, cstack
  4946 ;; Tracked objects:
  4947 ;;		On entry : 0/0
  4948 ;;		On exit  : 0/0
  4949 ;;		Unchanged: 0/0
  4950 ;; Data sizes:     COMRAM   BANK0   BANK1   BANK2   BANK3   BANK4   BANK5   BANK6   BANK7
  4951 ;;      Params:         2       0       0       0       0       0       0       0       0
  4952 ;;      Locals:         6       0       0       0       0       0       0       0       0
  4953 ;;      Temps:          4       0       0       0       0       0       0       0       0
  4954 ;;      Totals:        12       0       0       0       0       0       0       0       0
  4955 ;;Total ram usage:       12 bytes
  4956 ;; Hardware stack levels used: 1
  4957 ;; Hardware stack levels required when called: 1
  4958 ;; This function calls:
  4959 ;;		_ADC_Read
  4960 ;; This function is called by:
  4961 ;;		_main
  4962 ;; This function uses a non-reentrant model
  4963 ;;
  4964                           
  4965                           	psect	text26
  4966   006F9E                     __ptext26:
  4967                           	callstack 0
  4968   006F9E                     _ADC_ReadAvg:
  4969                           	callstack 29
  4970                           
  4971                           ;incstack = 0
  4972                           ;ADC_ReadAvg@c stored from wreg
  4973   006F9E  6E0C               	movwf	ADC_ReadAvg@c^0,c
  4974   006FA0                     
  4975                           ;oled_4sensores.c: 416:     unsigned long s = 0;
  4976   006FA0  0E00               	movlw	0
  4977   006FA2  6E0D               	movwf	ADC_ReadAvg@s^0,c
  4978   006FA4  0E00               	movlw	0
  4979   006FA6  6E0E               	movwf	(ADC_ReadAvg@s+1)^0,c
  4980   006FA8  0E00               	movlw	0
  4981   006FAA  6E0F               	movwf	(ADC_ReadAvg@s+2)^0,c
  4982   006FAC  0E00               	movlw	0
  4983   006FAE  6E10               	movwf	(ADC_ReadAvg@s+3)^0,c
  4984   006FB0                     
  4985                           ;oled_4sensores.c: 417:     for(unsigned char i = 0; i < 8; i++){
  4986   006FB0  6A11               	clrf	ADC_ReadAvg@i^0,c
  4987   006FB2                     l2123:
  4988                           
  4989                           ;oled_4sensores.c: 418:         s += ADC_Read(c);
  4990   006FB2  500C               	movf	ADC_ReadAvg@c^0,w,c
  4991   006FB4  ECD6  F035         	call	_ADC_Read
  4992   006FB8  5001               	movf	?_ADC_Read^0,w,c
  4993   006FBA  260D               	addwf	ADC_ReadAvg@s^0,f,c
  4994   006FBC  5002               	movf	(?_ADC_Read+1)^0,w,c
  4995   006FBE  220E               	addwfc	(ADC_ReadAvg@s+1)^0,f,c
  4996   006FC0  0E00               	movlw	0
  4997   006FC2  220F               	addwfc	(ADC_ReadAvg@s+2)^0,f,c
  4998   006FC4  0E00               	movlw	0
  4999   006FC6  2210               	addwfc	(ADC_ReadAvg@s+3)^0,f,c
  5000   006FC8                     
  5001                           ;oled_4sensores.c: 419:         _delay((unsigned long)((1)*(8000000/4000.0)));
  5002   006FC8  0E03               	movlw	3
  5003   006FCA  6E08               	movwf	??_ADC_ReadAvg^0,c
  5004   006FCC  0E98               	movlw	152
  5005   006FCE                     u1847:
  5006   006FCE  2EE8               	decfsz	wreg,f,c
  5007   006FD0  D7FE               	bra	u1847
  5008   006FD2  2E08               	decfsz	??_ADC_ReadAvg^0,f,c
  5009   006FD4  D7FC               	bra	u1847
  5010   006FD6                     
  5011                           ;oled_4sensores.c: 420:     }
  5012   006FD6  2A11               	incf	ADC_ReadAvg@i^0,f,c
  5013   006FD8  0E07               	movlw	7
  5014   006FDA  6411               	cpfsgt	ADC_ReadAvg@i^0,c
  5015   006FDC  EFF2  F037         	goto	u1581
  5016   006FE0  EFF4  F037         	goto	u1580
  5017   006FE4                     u1581:
  5018   006FE4  EFD9  F037         	goto	l2123
  5019   006FE8                     u1580:
  5020   006FE8                     
  5021                           ;oled_4sensores.c: 421:     return (unsigned int)(s / 8);
  5022   006FE8  C00D  F008         	movff	ADC_ReadAvg@s,??_ADC_ReadAvg
  5023   006FEC  C00E  F009         	movff	ADC_ReadAvg@s+1,??_ADC_ReadAvg+1
  5024   006FF0  C00F  F00A         	movff	ADC_ReadAvg@s+2,??_ADC_ReadAvg+2
  5025   006FF4  C010  F00B         	movff	ADC_ReadAvg@s+3,??_ADC_ReadAvg+3
  5026   006FF8  0E04               	movlw	4
  5027   006FFA  EF04  F038         	goto	u1590
  5028   006FFE                     u1595:
  5029   006FFE  90D8               	bcf	status,0,c
  5030   007000  320B               	rrcf	(??_ADC_ReadAvg+3)^0,f,c
  5031   007002  320A               	rrcf	(??_ADC_ReadAvg+2)^0,f,c
  5032   007004  3209               	rrcf	(??_ADC_ReadAvg+1)^0,f,c
  5033   007006  3208               	rrcf	??_ADC_ReadAvg^0,f,c
  5034   007008                     u1590:
  5035   007008  2EE8               	decfsz	wreg,f,c
  5036   00700A  EFFF  F037         	goto	u1595
  5037   00700E  C008  F006         	movff	??_ADC_ReadAvg,?_ADC_ReadAvg
  5038   007012  C009  F007         	movff	??_ADC_ReadAvg+1,?_ADC_ReadAvg+1
  5039   007016  0012               	return		;funcret
  5040   007018                     __end_of_ADC_ReadAvg:
  5041                           	callstack 0
  5042                           
  5043 ;; *************** function _ADC_Read *****************
  5044 ;; Defined at:
  5045 ;;		line 407 in file "oled_4sensores.c"
  5046 ;; Parameters:    Size  Location     Type
  5047 ;;  c               1    wreg     unsigned char 
  5048 ;; Auto vars:     Size  Location     Type
  5049 ;;  c               1    4[COMRAM] unsigned char 
  5050 ;; Return value:  Size  Location     Type
  5051 ;;                  2    0[COMRAM] unsigned int 
  5052 ;; Registers used:
  5053 ;;		wreg, status,2, status,0
  5054 ;; Tracked objects:
  5055 ;;		On entry : 0/0
  5056 ;;		On exit  : 0/0
  5057 ;;		Unchanged: 0/0
  5058 ;; Data sizes:     COMRAM   BANK0   BANK1   BANK2   BANK3   BANK4   BANK5   BANK6   BANK7
  5059 ;;      Params:         2       0       0       0       0       0       0       0       0
  5060 ;;      Locals:         1       0       0       0       0       0       0       0       0
  5061 ;;      Temps:          2       0       0       0       0       0       0       0       0
  5062 ;;      Totals:         5       0       0       0       0       0       0       0       0
  5063 ;;Total ram usage:        5 bytes
  5064 ;; Hardware stack levels used: 1
  5065 ;; This function calls:
  5066 ;;		Nothing
  5067 ;; This function is called by:
  5068 ;;		_ADC_ReadAvg
  5069 ;; This function uses a non-reentrant model
  5070 ;;
  5071                           
  5072                           	psect	text27
  5073   006BAC                     __ptext27:
  5074                           	callstack 0
  5075   006BAC                     _ADC_Read:
  5076                           	callstack 29
  5077                           
  5078                           ;incstack = 0
  5079                           ;ADC_Read@c stored from wreg
  5080   006BAC  6E05               	movwf	ADC_Read@c^0,c
  5081   006BAE                     
  5082                           ;oled_4sensores.c: 408:     ADCON0 = (ADCON0 & 0xC3) | (c << 2);
  5083   006BAE  C005  F003         	movff	ADC_Read@c,??_ADC_Read
  5084   006BB2  90D8               	bcf	status,0,c
  5085   006BB4  3603               	rlcf	??_ADC_Read^0,f,c
  5086   006BB6  90D8               	bcf	status,0,c
  5087   006BB8  3603               	rlcf	??_ADC_Read^0,f,c
  5088   006BBA  50C2               	movf	194,w,c	;volatile
  5089   006BBC  0BC3               	andlw	195
  5090   006BBE  1003               	iorwf	??_ADC_Read^0,w,c
  5091   006BC0  6EC2               	movwf	194,c	;volatile
  5092   006BC2                     
  5093                           ;oled_4sensores.c: 409:     _delay((unsigned long)((50)*(8000000/4000000.0)));
  5094   006BC2  0E21               	movlw	33
  5095   006BC4                     u1857:
  5096   006BC4  2EE8               	decfsz	wreg,f,c
  5097   006BC6  D7FE               	bra	u1857
  5098   006BC8  0000               	nop	
  5099   006BCA                     
  5100                           ;oled_4sensores.c: 410:     ADCON0bits.GO = 1;
  5101   006BCA  82C2               	bsf	194,1,c	;volatile
  5102   006BCC                     l158:
  5103   006BCC  B2C2               	btfsc	194,1,c	;volatile
  5104   006BCE  EFEB  F035         	goto	u1231
  5105   006BD2  EFED  F035         	goto	u1230
  5106   006BD6                     u1231:
  5107   006BD6  EFE6  F035         	goto	l158
  5108   006BDA                     u1230:
  5109   006BDA                     
  5110                           ;oled_4sensores.c: 412:     return ((ADRESH<<8)|ADRESL);
  5111   006BDA  50C3               	movf	195,w,c	;volatile
  5112   006BDC  CFC4 F003          	movff	4036,??_ADC_Read	;volatile
  5113   006BE0  6A04               	clrf	(??_ADC_Read+1)^0,c
  5114   006BE2  C003  F004         	movff	??_ADC_Read,??_ADC_Read+1
  5115   006BE6  6A03               	clrf	??_ADC_Read^0,c
  5116   006BE8  1003               	iorwf	??_ADC_Read^0,w,c
  5117   006BEA  6E01               	movwf	?_ADC_Read^0,c
  5118   006BEC  5004               	movf	(??_ADC_Read+1)^0,w,c
  5119   006BEE  6E02               	movwf	(?_ADC_Read+1)^0,c
  5120   006BF0  0012               	return		;funcret
  5121   006BF2                     __end_of_ADC_Read:
  5122                           	callstack 0
  5123                           
  5124 ;; *************** function _ADC_Init *****************
  5125 ;; Defined at:
  5126 ;;		line 398 in file "oled_4sensores.c"
  5127 ;; Parameters:    Size  Location     Type
  5128 ;;		None
  5129 ;; Auto vars:     Size  Location     Type
  5130 ;;		None
  5131 ;; Return value:  Size  Location     Type
  5132 ;;                  1    wreg      void 
  5133 ;; Registers used:
  5134 ;;		wreg, status,2
  5135 ;; Tracked objects:
  5136 ;;		On entry : 0/0
  5137 ;;		On exit  : 0/0
  5138 ;;		Unchanged: 0/0
  5139 ;; Data sizes:     COMRAM   BANK0   BANK1   BANK2   BANK3   BANK4   BANK5   BANK6   BANK7
  5140 ;;      Params:         0       0       0       0       0       0       0       0       0
  5141 ;;      Locals:         0       0       0       0       0       0       0       0       0
  5142 ;;      Temps:          0       0       0       0       0       0       0       0       0
  5143 ;;      Totals:         0       0       0       0       0       0       0       0       0
  5144 ;;Total ram usage:        0 bytes
  5145 ;; Hardware stack levels used: 1
  5146 ;; This function calls:
  5147 ;;		Nothing
  5148 ;; This function is called by:
  5149 ;;		_main
  5150 ;; This function uses a non-reentrant model
  5151 ;;
  5152                           
  5153                           	psect	text28
  5154   0069FA                     __ptext28:
  5155                           	callstack 0
  5156   0069FA                     _ADC_Init:
  5157                           	callstack 30
  5158   0069FA                     
  5159                           ;oled_4sensores.c: 399:     TRISAbits.TRISA0 = 1;
  5160   0069FA  8092               	bsf	146,0,c	;volatile
  5161                           
  5162                           ;oled_4sensores.c: 400:     TRISAbits.TRISA1 = 1;
  5163   0069FC  8292               	bsf	146,1,c	;volatile
  5164                           
  5165                           ;oled_4sensores.c: 401:     TRISAbits.TRISA2 = 1;
  5166   0069FE  8492               	bsf	146,2,c	;volatile
  5167   006A00                     
  5168                           ;oled_4sensores.c: 402:     ADCON1 = 0x0C;
  5169   006A00  0E0C               	movlw	12
  5170   006A02  6EC1               	movwf	193,c	;volatile
  5171                           
  5172                           ;oled_4sensores.c: 403:     ADCON2 = 0xBD;
  5173   006A04  0EBD               	movlw	189
  5174   006A06  6EC0               	movwf	192,c	;volatile
  5175                           
  5176                           ;oled_4sensores.c: 404:     ADCON0 = 0x01;
  5177   006A08  0E01               	movlw	1
  5178   006A0A  6EC2               	movwf	194,c	;volatile
  5179   006A0C  0012               	return		;funcret
  5180   006A0E                     __end_of_ADC_Init:
  5181                           	callstack 0
  5182                           
  5183                           	psect	rparam
  5184   000001                     ___rparam_used  equ	1
  5185   000000                     ___param_bank   equ	0
  5186   000000                     __Lparam        equ	__Lrparam
  5187   000000                     __Hparam        equ	__Hrparam
  5188                           
  5189                           	psect	config
  5190                           
  5191                           ;Config register CONFIG1L @ 0x300000
  5192                           ;	unspecified, using default values
  5193                           ;	PLL Prescaler Selection bits
  5194                           ;	PLLDIV = 0x0, unprogrammed default
  5195                           ;	System Clock Postscaler Selection bits
  5196                           ;	CPUDIV = 0x0, unprogrammed default
  5197                           ;	USB Clock Selection bit (used in Full-Speed USB mode only; UCFG:FSEN = 1)
  5198                           ;	USBDIV = 0x0, unprogrammed default
  5199   300000                     	org	3145728
  5200   300000  00                 	db	0
  5201                           
  5202                           ;Config register CONFIG1H @ 0x300001
  5203                           ;	Oscillator Selection bits
  5204                           ;	FOSC = INTOSC_EC, Internal oscillator, CLKO function on RA6, EC used by USB (INTCKO)
  5205                           ;	Fail-Safe Clock Monitor Enable bit
  5206                           ;	FCMEN = 0x0, unprogrammed default
  5207                           ;	Internal/External Oscillator Switchover bit
  5208                           ;	IESO = 0x0, unprogrammed default
  5209   300001                     	org	3145729
  5210   300001  09                 	db	9
  5211                           
  5212                           ;Config register CONFIG2L @ 0x300002
  5213                           ;	unspecified, using default values
  5214                           ;	Power-up Timer Enable bit
  5215                           ;	PWRT = 0x1, unprogrammed default
  5216                           ;	Brown-out Reset Enable bits
  5217                           ;	BOR = 0x3, unprogrammed default
  5218                           ;	Brown-out Reset Voltage bits
  5219                           ;	BORV = 0x3, unprogrammed default
  5220                           ;	USB Voltage Regulator Enable bit
  5221                           ;	VREGEN = 0x0, unprogrammed default
  5222   300002                     	org	3145730
  5223   300002  1F                 	db	31
  5224                           
  5225                           ;Config register CONFIG2H @ 0x300003
  5226                           ;	Watchdog Timer Enable bit
  5227                           ;	WDT = OFF, WDT disabled (control is placed on the SWDTEN bit)
  5228                           ;	Watchdog Timer Postscale Select bits
  5229                           ;	WDTPS = 0xF, unprogrammed default
  5230   300003                     	org	3145731
  5231   300003  1E                 	db	30
  5232                           
  5233                           ; Padding undefined space
  5234   300004                     	org	3145732
  5235   300004  FF                 	db	255
  5236                           
  5237                           ;Config register CONFIG3H @ 0x300005
  5238                           ;	CCP2 MUX bit
  5239                           ;	CCP2MX = 0x1, unprogrammed default
  5240                           ;	PORTB A/D Enable bit
  5241                           ;	PBADEN = OFF, PORTB<4:0> pins are configured as digital I/O on Reset
  5242                           ;	Low-Power Timer 1 Oscillator Enable bit
  5243                           ;	LPT1OSC = 0x0, unprogrammed default
  5244                           ;	MCLR Pin Enable bit
  5245                           ;	MCLRE = OFF, RE3 input pin enabled; MCLR pin disabled
  5246   300005                     	org	3145733
  5247   300005  01                 	db	1
  5248                           
  5249                           ;Config register CONFIG4L @ 0x300006
  5250                           ;	Stack Full/Underflow Reset Enable bit
  5251                           ;	STVREN = 0x1, unprogrammed default
  5252                           ;	Single-Supply ICSP Enable bit
  5253                           ;	LVP = OFF, Single-Supply ICSP disabled
  5254                           ;	Dedicated In-Circuit Debug/Programming Port (ICPORT) Enable bit
  5255                           ;	ICPRT = 0x0, unprogrammed default
  5256                           ;	Extended Instruction Set Enable bit
  5257                           ;	XINST = 0x0, unprogrammed default
  5258                           ;	Background Debugger Enable bit
  5259                           ;	DEBUG = 0x1, unprogrammed default
  5260   300006                     	org	3145734
  5261   300006  81                 	db	129
  5262                           
  5263                           ; Padding undefined space
  5264   300007                     	org	3145735
  5265   300007  FF                 	db	255
  5266                           tosu	equ	0xFFF
  5267                           tosh	equ	0xFFE
  5268                           tosl	equ	0xFFD
  5269                           stkptr	equ	0xFFC
  5270                           pclatu	equ	0xFFB
  5271                           pclath	equ	0xFFA
  5272                           pcl	equ	0xFF9
  5273                           tblptru	equ	0xFF8
  5274                           tblptrh	equ	0xFF7
  5275                           tblptrl	equ	0xFF6
  5276                           tablat	equ	0xFF5
  5277                           prodh	equ	0xFF4
  5278                           prodl	equ	0xFF3
  5279                           indf0	equ	0xFEF
  5280                           postinc0	equ	0xFEE
  5281                           postdec0	equ	0xFED
  5282                           preinc0	equ	0xFEC
  5283                           plusw0	equ	0xFEB
  5284                           fsr0h	equ	0xFEA
  5285                           fsr0l	equ	0xFE9
  5286                           wreg	equ	0xFE8
  5287                           indf1	equ	0xFE7
  5288                           postinc1	equ	0xFE6
  5289                           postdec1	equ	0xFE5
  5290                           preinc1	equ	0xFE4
  5291                           plusw1	equ	0xFE3
  5292                           fsr1h	equ	0xFE2
  5293                           fsr1l	equ	0xFE1
  5294                           bsr	equ	0xFE0
  5295                           indf2	equ	0xFDF
  5296                           postinc2	equ	0xFDE
  5297                           postdec2	equ	0xFDD
  5298                           preinc2	equ	0xFDC
  5299                           plusw2	equ	0xFDB
  5300                           fsr2h	equ	0xFDA
  5301                           fsr2l	equ	0xFD9
  5302                           status	equ	0xFD8

Data Sizes:
    Strings     64
    Constant    455
    Data        25
    BSS         19
    Persistent  0
    Stack       0

Auto Spaces:
    Space          Size  Autos    Used
    COMRAM           95     93      94
    BANK0           160      0      43
    BANK1           256      0       0
    BANK2           256      0       0
    BANK3           256      0       0
    BANK4           256      0       0
    BANK5           256      0       0
    BANK6           256      0       0
    BANK7           256      0       0

Pointer List with Targets:

    BME_GetData@hum	PTR unsigned int  size(1) Largest target is 2
		 -> main@bme_hum(COMRAM[2]), 

    BME_GetData@temp_dc	PTR int  size(1) Largest target is 2
		 -> main@bme_temp(COMRAM[2]), 

    BME_ReadRegs@buf	PTR unsigned char  size(1) Largest target is 26
		 -> BME_GetData@d(COMRAM[8]), BME_Init@id(COMRAM[1]), BME_ReadCalib@b(COMRAM[26]), BME_ReadCalib@bh(COMRAM[7]), 
		 -> BME_ReadCalib@h1(COMRAM[1]), 

    OLED_Str@s	PTR const unsigned char  size(2) Largest target is 11
		 -> STR_1(CODE[11]), STR_10(CODE[5]), STR_11(CODE[3]), STR_2(CODE[9]), 
		 -> STR_3(CODE[5]), STR_4(CODE[6]), STR_5(CODE[11]), STR_6(CODE[4]), 
		 -> STR_7(CODE[8]), STR_8(CODE[2]), STR_9(CODE[11]), 


Critical Paths under _main in COMRAM

    _main->_BME_GetData
    _OLED_UpdateValues->_OLED_Num
    _OLED_Num->_OLED_Char
    _OLED_Init->_OLED_Clear
    _OLED_Clear->_OLED_SetCursor
    _OLED_DrawLabels->_OLED_Str
    _OLED_Str->_OLED_Char
    _OLED_Char->_OLED_Dato
    _OLED_ClearLine->_OLED_SetCursor
    _OLED_SetCursor->_OLED_Comando
    _OLED_Comando->_I2C_Write
    _OLED_Dato->_I2C_Write
    _BME_Init->_BME_ReadCalib
    _BME_WriteReg->_I2C_Write
    _BME_ReadCalib->_BME_ReadRegs
    _BME_GetData->_BME_ReadRegs
    _BME_ReadRegs->_I2C_Read
    _BME_ReadRegs->_I2C_Write
    _ADC_ReadAvg->_ADC_Read

Critical Paths under _main in BANK0

    None.

Critical Paths under _main in BANK1

    None.

Critical Paths under _main in BANK2

    None.

Critical Paths under _main in BANK3

    None.

Critical Paths under _main in BANK4

    None.

Critical Paths under _main in BANK5

    None.

Critical Paths under _main in BANK6

    None.

Critical Paths under _main in BANK7

    None.

Call Graph Tables:

 ---------------------------------------------------------------------------------
 (Depth) Function   	        Calls       Base Space   Used Autos Params    Refs
 ---------------------------------------------------------------------------------
 (0) _main                                                15    15      0    7912
                                             78 COMRAM    15    15      0
                           _ADC_Init
                        _ADC_ReadAvg
                        _BME_GetData
                           _BME_Init
                    _OLED_DrawLabels
                          _OLED_Init
                  _OLED_UpdateValues
                             ___lmul
 ---------------------------------------------------------------------------------
 (1) _OLED_UpdateValues                                   25    14     11    2910
                                             22 COMRAM    25    14     11
                     _OLED_ClearLine
                           _OLED_Num
                           _OLED_Str
                            ___awdiv
 ---------------------------------------------------------------------------------
 (2) ___awdiv                                              8     4      4     302
                                              0 COMRAM     8     4      4
 ---------------------------------------------------------------------------------
 (2) _OLED_Num                                            11     8      3    1129
                                             11 COMRAM    11     8      3
                          _OLED_Char
                     _OLED_SetCursor
                            ___lwdiv
                            ___lwmod
 ---------------------------------------------------------------------------------
 (3) ___lwmod                                              5     1      4     161
                                              0 COMRAM     5     1      4
 ---------------------------------------------------------------------------------
 (3) ___lwdiv                                              7     3      4     164
                                              0 COMRAM     7     3      4
 ---------------------------------------------------------------------------------
 (1) _OLED_Init                                           28    28      0     670
                                              9 COMRAM    28    28      0
                         _OLED_Clear
                       _OLED_Comando
 ---------------------------------------------------------------------------------
 (2) _OLED_Clear                                           2     2      0     449
                                              7 COMRAM     2     2      0
                          _OLED_Dato
                     _OLED_SetCursor
 ---------------------------------------------------------------------------------
 (1) _OLED_DrawLabels                                      1     1      0    1049
                                             15 COMRAM     1     1      0
                     _OLED_ClearLine
                           _OLED_Str
 ---------------------------------------------------------------------------------
 (2) _OLED_Str                                             4     1      3     610
                                             11 COMRAM     4     1      3
                          _OLED_Char
                     _OLED_SetCursor
 ---------------------------------------------------------------------------------
 (3) _OLED_Char                                            6     6      0     286
                                              5 COMRAM     6     6      0
                          _OLED_Dato
 ---------------------------------------------------------------------------------
 (2) _OLED_ClearLine                                       2     2      0     410
                                              7 COMRAM     2     2      0
                          _OLED_Dato
                     _OLED_SetCursor
 ---------------------------------------------------------------------------------
 (3) _OLED_SetCursor                                       2     1      1     206
                                              5 COMRAM     2     1      1
                       _OLED_Comando
 ---------------------------------------------------------------------------------
 (4) _OLED_Comando                                         1     1      0     129
                                              4 COMRAM     1     1      0
                          _I2C_Start
                           _I2C_Stop
                          _I2C_Write
 ---------------------------------------------------------------------------------
 (4) _OLED_Dato                                            1     1      0     129
                                              4 COMRAM     1     1      0
                          _I2C_Start
                           _I2C_Stop
                          _I2C_Write
 ---------------------------------------------------------------------------------
 (1) _BME_Init                                             1     1      0    1475
                                             50 COMRAM     1     1      0
                      _BME_ReadCalib
                       _BME_ReadRegs
                       _BME_WriteReg
 ---------------------------------------------------------------------------------
 (2) _BME_WriteReg                                         3     2      1     177
                                              4 COMRAM     3     2      1
                          _I2C_Start
                           _I2C_Stop
                          _I2C_Write
 ---------------------------------------------------------------------------------
 (2) _BME_ReadCalib                                       37    37      0     833
                                             13 COMRAM    37    37      0
                       _BME_ReadRegs
 ---------------------------------------------------------------------------------
 (1) _BME_GetData                                         65    63      2    1266
                                             13 COMRAM    65    63      2
                       _BME_ReadRegs
                             ___lmul
 ---------------------------------------------------------------------------------
 (2) ___lmul                                              12     4      8     116
                                              0 COMRAM    12     4      8
 ---------------------------------------------------------------------------------
 (3) _BME_ReadRegs                                         9     7      2     419
                                              4 COMRAM     9     7      2
                           _I2C_Read
                          _I2C_Start
                           _I2C_Stop
                          _I2C_Write
 ---------------------------------------------------------------------------------
 (5) _I2C_Write                                            4     4      0     100
                                              0 COMRAM     4     4      0
                          _I2C_Delay
 ---------------------------------------------------------------------------------
 (5) _I2C_Stop                                             0     0      0       0
                          _I2C_Delay
 ---------------------------------------------------------------------------------
 (5) _I2C_Start                                            0     0      0       0
                          _I2C_Delay
 ---------------------------------------------------------------------------------
 (4) _I2C_Read                                             4     4      0     100
                                              0 COMRAM     4     4      0
                          _I2C_Delay
 ---------------------------------------------------------------------------------
 (6) _I2C_Delay                                            0     0      0       0
 ---------------------------------------------------------------------------------
 (1) _ADC_ReadAvg                                         12    10      2     128
                                              5 COMRAM    12    10      2
                           _ADC_Read
 ---------------------------------------------------------------------------------
 (2) _ADC_Read                                             5     3      2      29
                                              0 COMRAM     5     3      2
 ---------------------------------------------------------------------------------
 (1) _ADC_Init                                             0     0      0       0
 ---------------------------------------------------------------------------------
 Estimated maximum stack depth 6
 ---------------------------------------------------------------------------------

 Call Graph Graphs:

 _main (ROOT)
   _ADC_Init
   _ADC_ReadAvg
     _ADC_Read
   _BME_GetData
     _BME_ReadRegs
       _I2C_Read
         _I2C_Delay
       _I2C_Start
         _I2C_Delay
       _I2C_Stop
         _I2C_Delay
       _I2C_Write
         _I2C_Delay
     ___lmul
   _BME_Init
     _BME_ReadCalib
       _BME_ReadRegs
     _BME_ReadRegs
     _BME_WriteReg
       _I2C_Start
       _I2C_Stop
       _I2C_Write
   _OLED_DrawLabels
     _OLED_ClearLine
       _OLED_Dato
         _I2C_Start
         _I2C_Stop
         _I2C_Write
       _OLED_SetCursor
         _OLED_Comando
           _I2C_Start
           _I2C_Stop
           _I2C_Write
     _OLED_Str
       _OLED_Char
         _OLED_Dato
       _OLED_SetCursor
   _OLED_Init
     _OLED_Clear
       _OLED_Dato
       _OLED_SetCursor
     _OLED_Comando
   _OLED_UpdateValues
     _OLED_ClearLine
     _OLED_Num
       _OLED_Char
       _OLED_SetCursor
       ___lwdiv
       ___lwmod
     _OLED_Str
     ___awdiv
   ___lmul

Address spaces:
Name               Size   Autos  Total    Usage
BIGRAM            2047      0       0      0.0%
BITBANK7           256      0       0      0.0%
BANK7              256      0       0      0.0%
BITBANK6           256      0       0      0.0%
BANK6              256      0       0      0.0%
BITBANK5           256      0       0      0.0%
BANK5              256      0       0      0.0%
BITBANK4           256      0       0      0.0%
BANK4              256      0       0      0.0%
BITBANK3           256      0       0      0.0%
BANK3              256      0       0      0.0%
BITBANK2           256      0       0      0.0%
BANK2              256      0       0      0.0%
BITBANK1           256      0       0      0.0%
BANK1              256      0       0      0.0%
BITBANK0           160      0       0      0.0%
BANK0              160      0      43     26.9%
BITCOMRAM           95      0       0      0.0%
COMRAM              95     93      94     98.9%
BITBIGSFRlh         64      0       0      0.0%
BITBIGSFRh          61      0       0      0.0%
BITBIGSFRll         33      0       0      0.0%
STACK                0      0       0      0.0%
DATA                 0      0     137      0.0%


Microchip Technology PIC18 Macro Assembler V3.10 build 20250813170317 
Symbol Table                                                                                   Thu Apr 30 12:12:57 2026

                       l31 69E6                         l40 6CA8                         l41 6CEA  
                       l34 6A22                         l42 6D06                         l37 69F8  
                       l53 6A78                         l46 6E10                         l48 6E40  
                       l56 6A5A                         l81 6F9C                         l73 6C42  
                       l66 6B68                         l59 6A96                         l87 6BAA  
                       l98 70B4               ___awdiv@sign 0006                        l103 6ABE  
                      l201 771A                        l131 7164                        l132 7108  
                      l140 72A4                        l150 7DF0                        l127 6AF6  
                      l161 6BF0                        l145 6CA2                        l170 6F26  
                      l155 6A0C                        l227 6DC4                        l139 734C  
                      l228 6DD4                        l158 6BCC                        l166 7016  
                      l557 7224                        l824 6EB2                        l817 6EAA  
                      l834 6D6A                        l827 6D62                        u910 6CBC  
                      u911 6CB4                        u930 6CEA                        u931 6CE6  
                      u940 6DF6                        u941 6DF2                        u950 6E10  
                      u951 6E0C                        u960 6E26                        u928 6CBE  
                      u961 6E1E                        u980 6F3A                        u981 6F36  
                      u990 6F4A                        u991 6F46                        u978 6E28  
         ??_OLED_SetCursor 0007                        prod 0FF3                        wreg 0FE8  
              main@bme_hum 005A            BME_WriteReg@reg 0006            BME_WriteReg@val 0005  
                     l2001 71F6                       l2011 721C                       l2003 71F8  
                     l2101 7D94                       l2005 71FE                       l2111 69FA  
                     l2103 7DA2                       l2031 6C3E                       l2015 6BF2  
                     l2007 7204                       l2113 6A00                       l2105 7DB2  
                     l2033 6C44                       l2025 6C1E                       l2017 6C0A  
                     l2009 7214                       l2201 76AC                       l2131 6FE8  
                     l2123 6FB2                       l2115 6FA0                       l2107 7DEE  
                     l2051 6C96                       l2035 6C62                       l2027 6C2C  
                     l2019 6C1C                       l2211 76F2                       l2203 76B2  
                     l2125 6FC8                       l2117 6FB0                       l2053 6CA0  
                     l2045 6C7E                       l2141 6F14                       l2029 6C2E  
                     l2213 7708                       l2205 76C4                       l2221 7362  
                     l2127 6FD6                       l2071 7984                       l2063 7740  
                     l2047 6C82                       l2039 6C68                       l2135 6EB6  
                     l2207 76CA                       l2151 754E                       l2143 750A  
                     l2231 736E                       l2223 7364                       l2215 734E  
                     l2129 6FD8                       l2081 7ADE                       l2073 799C  
                     l2065 77AC                       l2057 771C                       l2049 6C8C  
                     l2137 6EFE                       l2209 76DC                       l2161 7582  
                     l2153 7558                       l2145 7510                       l2241 73AE  
                     l2233 7372                       l2225 7366                       l2217 735E  
                     l2091 7C5C                       l2083 7B24                       l2075 7A04  
                     l2067 7856                       l2059 773A                       l2139 6F0E  
                     l2171 75DA                       l2163 7588                       l2155 755E  
                     l2147 7522                       l2251 7428                       l2243 73BC  
                     l2235 738C                       l2227 7368                       l2219 7360  
                     l1701 6DF8                       l2093 7C92                       l2085 7B7A  
                     l2077 7A2E                       l2069 7930                       l2181 7612  
                     l2173 75F0                       l2165 7598                       l2149 7538  
                     l2157 756A                       l2261 7460                       l2253 742E  
                     l2245 73FA                       l2237 7392                       l2229 736A  
                     l1711 6E32                       l1703 6DFA                       l2095 7D24  
                     l2087 7BCE                       l2079 7A46                       l2191 766C  
                     l2183 7624                       l2175 75FA                       l2167 75B2  
                     l2159 7570                       l2263 746A                       l2255 7430  
                     l2247 740A                       l2239 73A0                       l1713 6E34  
                     l1705 6DFE                       l1641 6A1A                       l2097 7D62  
                     l2089 7C28                       l2193 7672                       l2185 7636  
                     l2177 7600                       l2169 75C4                       l2265 7492  
                     l2257 7446                       l2249 7426                       l1635 69DE  
                     l1715 6E38                       l1707 6E00                       l1643 6A20  
                     l1651 6CA6                       l2099 7D84                       l1731 6A74  
                     l1723 6A5E                       l1811 6E6A                       l1803 6E42  
                     l2187 764C                       l2195 767E                       l2179 760C  
                     l2267 74BC                       l2259 745C                       l1717 6E3A  
                     l1709 6E12                       l1637 6A0E                       l1645 69E8  
                     l1661 6CCA                       l1741 6A56                       l1733 6A40  
                     l1725 6A62                       l1821 6E9E                       l1813 6E78  
                     l1805 6E48                       l2197 7684                       l2189 7662  
                     l2269 74EC                       l1719 6E3E                       l1639 6A16  
                     l1647 69EE                       l1671 6CF0                       l1663 6CCE  
                     l1911 6AC6                       l1735 6A44                       l1727 6A68  
                     l1743 6A7C                       l1903 6AA6                       l1751 6F4E  
                     l1823 6EA4                       l1815 6E7E                       l1807 6E5A  
                     l1831 6D2A                       l2199 769A                       l1649 69F2  
                     l1681 6D04                       l1673 6CF4                       l1665 6CD0  
                     l1657 6CAA                       l1913 6ACE                       l1737 6A4A  
                     l1729 6A6E                       l1905 6AAC                       l1761 6F86  
                     l1745 6F2A                       l1841 6B30                       l1817 6E94  
                     l1809 6E62                       l1833 6D38                       l1825 6D08  
                     l1691 6DDE                       l1675 6CFC                       l1667 6CD8  
                     l1659 6CC8                       l1771 70D4                       l1931 7256  
                     l1915 6ADE                       l1739 6A50                       l1907 6AAE  
                     l1763 6F96                       l1747 6F3A                       l1819 6E9C  
                     l1835 6D4E                       l1827 6D1A                       l1693 6DE2  
                     l1685 6DD8                       l1677 6CFE                       l1669 6CDA  
                     l1781 70E8                       l1773 70D8                       l1765 70B8  
                     l1933 726C                       l1925 7226                       l1909 6AC2  
                     l1757 6F50                       l1749 6F4A                       l1861 6B56  
                     l1837 6D56                       l1829 6D22                       l1951 6BAE  
                     l1695 6DE4                       l1679 6D02                       l1791 710E  
                     l1783 70F4                       l1767 70BC                       l1943 72CE  
                     l1935 7282                       l1919 6AE6                       l1759 6F84  
                     l1871 6B8E                       l1863 6B58                       l1855 6B3E  
                     l1847 6B32                       l1839 6D5C                       l1953 6BC2  
                     l1697 6DE8                       l1793 714A                       l1777 70DE  
                     l1769 70C4                       l1961 6D6C                       l1945 72E6  
                     l1929 7248                       l1865 6B6C                       l1857 6B44  
                     l1849 6B3C                       l1881 7038                       l1873 701A  
                     l1955 6BCA                       l1699 6DF6                       l1795 714C  
                     l1779 70E4                       l1963 6D7C                       l1947 7342  
                     l1939 72AC                       l1867 6B7A                       l1859 6B46  
                     l1891 7094                       l1883 7058                       l1875 701C  
                     l1971 7166                       l1957 6BDA                       l1797 715E  
                     l1965 6D8A                       l1869 6B8A                       l1893 70A2  
                     l1885 705A                       l1877 702E                       l1981 7190  
                     l1973 7168                       l1799 7162                       l1967 6D9A  
                     l1895 6A9A                       l1879 7032                       l1887 7074  
                     l1991 71BC                       l1983 7198                       l1975 7176  
                     l1969 6DA4                       l1897 6AA4                       l1889 7086  
                     l1993 71C4                       l1985 719C                       l1977 717E  
                     l1995 71D2                       l1987 71A2                       l1979 7182  
                     l1997 71D8                       l1989 71B4                       l1999 71EE  
                     STR_1 7FC5                       STR_2 7FD0                       STR_3 7FE7  
                     STR_4 7FE1                       STR_5 7FBA                       STR_6 7FF1  
                     STR_7 7FD9                       STR_8 7FF8                       STR_9 7FBA  
                     u1000 6F96                       u1001 6F92                       u1010 70D4  
                     u1011 70D0                       u1020 7104                       u1100 6D38  
                     u1021 7100                       u1101 6D34                       u1030 7142  
                     u1110 6D4E                       u1031 713C                       u1111 6D4A  
                     u1040 7144                       u1200 7244                       u1120 6B56  
                     u1201 7240                       u1121 6B52                       u1050 715E  
                     u1210 72A0                       u1130 6B68                       u1051 715A  
                     u1211 729C                       u1131 6B64                       u1220 72CA  
                     u1140 6BAA                       u1060 6E5A                       u1300 71EE  
                     u1221 72C6                       u1141 6BA6                       u1061 6E56  
                     u1301 71EA                       u1230 6BDA                       u1070 6E78  
                     u1150 702E                       u1310 7214                       u1231 6BD6  
                     u1071 6E74                       u1151 702A                       u1311 7210  
              ?_OLED_Clear 0001                       u1240 6D8A                       u1080 6E94  
                     u1160 7086                       u1241 6D86                       u1321 6C14  
                     u1081 6E90                       u1161 7082                       u1250 6DC4  
                     u1330 6C3E                       u1090 6D1A                       u1170 70B4  
                     u1251 6DC0                       u1331 6C3A                       u1091 6D16  
                     u1171 70B0                       u1340 6C62                       u1180 6ABE  
                     u1260 7176                       u1405 782C                       u1341 6C5E  
                     u1181 6ABA                       u1261 7172                       u1406 7836  
                     u1190 6ADE                       u1350 6C7A                       u1270 7190  
                     u1415 787C                       u1407 7846                       u1191 6ADA  
                     u1351 6C76                       u1271 718C                       u1416 7886  
                     u1360 773A                       u1600 6F0E                       u1280 71B4  
                     u1505 7BA4                       u1425 78D0                       u1417 7896  
                     u1361 7736                       u1601 6F0A                       u1281 71B0  
                     u1506 7BAE                       u1426 78DA                       u1290 71D2  
                     u1610 7538                       u1515 7BF6                       u1507 7BBE  
                     u1435 7906                       u1427 78EA                       u1291 71CE  
                     u1611 7534                       u1516 7C00                       u1436 7910  
                     u1620 754E                       u1700 738A                       u1525 7CC4  
                     u1517 7C10                       u1445 795A                       u1437 7920  
                     u1621 754A                       u1550 7D84                       u1526 7CCE  
                     u1446 7964                       u1630 7598                       u1710 73EC  
                     u1551 7D80                       u1535 7CF2                       u1527 7CDE  
                     u1455 79DC                       u1447 7974                       u1375 774C  
                     u1631 7594                       u1560 7DA2                       u1536 7CFC  
                     u1456 79E6                       u1640 75DA                       u1720 740A  
                     u1561 7D9E                       u1545 7D38                       u1537 7D0C  
                     u1465 7A7C                       u1457 79F6                       u1385 7768  
                     u1641 75D6                       u1721 7406                       u1546 7D42  
                     u1650 75F0                       u1730 7426                       u1547 7D52  
                     u1475 7A9E                       u1395 77E4                       u1651 75EC  
                     u1731 7422                       u1715 73E2                       u1580 6FE8  
                     u1396 77EE                       u1660 764C                       u1740 7446  
                     u1581 6FE4                       u1485 7AFA                       u1397 77FE  
                     u1661 7648                       u1741 7442                       u1590 7008  
                     u1486 7B04                       u1670 7662                       u1750 745C  
                     u1575 7DC6                       u1495 7B48                       u1487 7B14  
                     u1671 765E                       u1751 7458                       u1576 7DD0  
                     u1496 7B52                       u1680 76F2                       u1808 74AE  
                     u1577 7DE0                       u1497 7B62                       u1681 76EE  
                     u1817 74F6                       u1770 7484                       u1690 7388  
                     u1595 6FFE                       u1827 6BFC                       u1771 747C  
                     u1691 7382                       u1837 69E0                       u1765 7468  
                     u1790 74AC                       u1766 746A                       u1847 6FCE  
                     u1791 74A4                       u1857 6BC4                       u1788 7486  
     OLED_UpdateValues@hum 001B       OLED_UpdateValues@luz 001D                       _main 734E  
         __end_of_I2C_Read 6E42                       fsr2h 0FDA                       indf2 0FDF  
                     fsr1l 0FE1                       fsr2l 0FD9           __end_of_I2C_Stop 69FA  
         __end_of_ADC_Init 6A0E           __end_of_ADC_Read 6BF2                       prodl 0FF3  
OLED_UpdateValues@bme_temp 0019                       start 7FFC               ___param_bank 0000  
         __end_of_BME_Init 6CA4               main@bme_temp 0058           BME_WriteReg@nack 0007  
                    ?_main 0001            __end_of___awdiv 7226                      STR_10 7FEC  
                    STR_11 7FF5           _BME_GetData$1373 0033           _BME_GetData$1374 0037  
         _BME_GetData$1375 003B            ___awdiv@divisor 0003           __end_of_OLED_Num 70B6  
         __end_of_OLED_Str 6BAC            __end_of___lwdiv 6EB4            __end_of___lwmod 6D6C  
          ___awdiv@counter 0005      OLED_UpdateValues@aire 001F             BME_GetData@hum 000F  
      ___lmul@multiplicand 0005            __end_of_font5x8 7FBA       __end_of_BME_ReadRegs 7166  
        __end_of_I2C_Delay 69E8          __end_of_I2C_Start 6A24          __end_of_I2C_Write 6D08  
                    tablat 0FF5                      plusw1 0FE3                      plusw2 0FDB  
                    status 0FD8            __initialization 6AF8       __end_of_BME_WriteReg 6AF8  
             __end_of_main 750A                     ??_main 004F              __activetblptr 0002  
                I2C_Read@i 0004                     _ADCON0 0FC2                     _ADCON1 0FC1  
                   _ADCON2 0FC0                     _ADRESH 0FC4                     _ADRESL 0FC3  
         ___awdiv@dividend 0001                  ADC_Read@c 0005          __end_of_OLED_Char 6F9E  
        __end_of_OLED_Dato 6A5C          __end_of_OLED_Init 6C44                     _OSCCON 0FD3  
            ?_OLED_Comando 0001            BME_GetData@var1 002B            BME_GetData@var2 0043  
    __end_of_BME_ReadCalib 734E                     ___lmul 6D6C                     _dig_H1 0083  
                   _dig_H2 007F                     _dig_H3 0081                     _dig_H4 007D  
                   _dig_H5 007B                     _dig_H6 0079                     _dig_T1 0089  
                   _dig_T2 0087                     _dig_T3 0085                  ??___awdiv 0005  
                   _bme_ok 005E                  ??___lwdiv 0005                  ??___lwmod 0005  
          _OLED_DrawLabels 6EB4                OLED_Clear@i 0009                OLED_Clear@j 0008  
                   clear_0 6B1E           ___awdiv@quotient 0007                     isa$std 0001  
                ?_I2C_Read 0001                  ?_I2C_Stop 0001                OLED_Num@col 000C  
              OLED_Num@buf 000F                  ?_ADC_Init 0001                  ?_ADC_Read 0001  
              OLED_Num@pag 0015               __mediumconst 7DF2             BME_ReadCalib@b 0011  
                   tblptrh 0FF7                     tblptrl 0FF6                     tblptru 0FF8  
              OLED_Str@col 000C                OLED_Str@pag 000F                  ?_BME_Init 0001  
           ??_OLED_Comando 0005                 __accesstop 0060    __end_of__initialization 6B26  
            ___rparam_used 0001                  ?_OLED_Num 000C                  ?_OLED_Str 000C  
           __pcstackCOMRAM 0001               __pidataBANK0 6A25                 ??_I2C_Read 0001  
               ??_I2C_Stop 0001                 ??_ADC_Init 0001                 ??_ADC_Read 0003  
                OLED_Num@i 0016                  OLED_Num@n 000D                 ??_BME_Init 0033  
                OLED_Str@s 000D               ??_OLED_Clear 0008                 __pbssBANK0 0079  
               ??_OLED_Num 000F                 ??_OLED_Str 000F    __end_of_OLED_DrawLabels 6F28  
             I2C_Read@dato 0003                    ?___lmul 0001               _BME_ReadRegs 70B6  
           ___lmul@product 0009             I2C_Read@ultimo 0002                 I2C_Write@i 0004  
       __end_of_OLED_Clear 6B6A              ??_ADC_ReadAvg 0008               _BME_WriteReg 6AC0  
         BME_GetData@adc_H 002F           BME_GetData@adc_T 0047    OLED_UpdateValues@temp_c 0017  
                _I2C_Delay 69DE                  _I2C_Start 6A0E                  _I2C_Write 6CA4  
                  __Hparam 0000                    __Lparam 0000               ADC_ReadAvg@c 000C  
             ADC_ReadAvg@i 0011               ADC_ReadAvg@s 000D               I2C_Write@ack 0003  
        _OLED_UpdateValues 750A                    ___awdiv 7166                    ___lwdiv 6E42  
                  ___lwmod 6D08         ?_OLED_UpdateValues 0017                    __pcinit 6AF8  
     __end_of_OLED_Comando 6A7A                    __ramtop 0800                    __ptext0 734E  
                  __ptext1 750A                    __ptext2 7166                    __ptext3 7018  
                  __ptext4 6D08                    __ptext5 6E42                    __ptext6 6BF2  
                  __ptext7 6B30                    __ptext8 6EB4                    __ptext9 6B6A  
                  _font5x8 7DF3        ??_OLED_UpdateValues 0022            OLED_ClearLine@j 0009  
     end_of_initialization 6B26        __end_of_ADC_ReadAvg 7018                 BME_Init@id 0033  
               ?_I2C_Delay 0001              __Lmediumconst 7DF2                  _OLED_Char 6F28  
                _OLED_Dato 6A3E              ??_BME_GetData 0010                  _OLED_Init 6BF2  
               ?_I2C_Start 0001                 ?_I2C_Write 0001  __end_of_OLED_UpdateValues 771C  
         ?_OLED_DrawLabels 0001            BME_ReadCalib@h1 0032            BME_ReadCalib@bh 002B  
    _OLED_UpdateValues$500 0026      _OLED_UpdateValues$501 0028      _OLED_UpdateValues$503 002A  
    _OLED_UpdateValues$504 002C      _OLED_UpdateValues$496 0022      _OLED_UpdateValues$497 0024  
                  postdec1 0FE5                    postdec2 0FDD                    postinc0 0FEE  
                  postinc2 0FDE                  _PORTBbits 0F81                  _TRISAbits 0F92  
                _TRISBbits 0F93                  _TRISDbits 0F95            BME_ReadRegs@buf 0005  
          BME_ReadRegs@len 0006            BME_ReadRegs@reg 000B                 ?_OLED_Char 0001  
               ?_OLED_Dato 0001        OLED_UpdateValues@td 002E                 ?_OLED_Init 0001  
       BME_GetData@temp_dc 000E                 main@temp_c 0051        __end_of_BME_GetData 7DF2  
           __end_of___lmul 6DD6              BME_GetData@hv 004B     OLED_DrawLabels@hay_bme 0010  
      start_initialization 6AF8                _ADC_ReadAvg 6F9E                ??_I2C_Delay 0001  
           _OLED_ClearLine 6A98                ??_I2C_Start 0001                ??_I2C_Write 0001  
                 ??___lmul 0009                 OLED_Char@c 000A                 OLED_Char@i 000B  
               OLED_Dato@d 0005                __pdataBANK0 0060                 OLED_Init@i 0025  
            BME_ReadRegs@i 000D                __pbssCOMRAM 005E     __end_of_OLED_ClearLine 6AC0  
           _OLED_SetCursor 6A7A               _OLED_Comando 6A5C                ??_OLED_Char 0006  
              ??_OLED_Dato 0005                ??_OLED_Init 000A                _BME_GetData 771C  
         ___lwdiv@dividend 0001              __pmediumconst 7DF2              _BME_ReadCalib 7226  
                 ?___awdiv 0001                   ?___lwdiv 0001                   ?___lwmod 0001  
              __smallconst 7DF2                   _I2C_Read 6DD6                   _I2C_Stop 69E8  
                 _ADC_Init 69FA                   _ADC_Read 6BAC          OLED_SetCursor@col 0006  
         ___lwdiv@quotient 0005          OLED_SetCursor@pag 0007     __end_of_OLED_SetCursor 6A98  
                 _BME_Init 6C44            ?_OLED_ClearLine 0001                   _LATBbits 0F8A  
                 _LATDbits 0F8C                   _OLED_Num 7018                   _OLED_Str 6B6A  
           ?_BME_ReadCalib 0001   OLED_UpdateValues@hay_bme 0021          OLED_ClearLine@pag 0008  
               _ADCON0bits 0FC2                  main@a_adc 0056                  main@l_adc 0054  
        BME_GetData@t_fine 003F                  main@t_adc 005C             OLED_Init@F3367 0060  
             BME_GetData@d 0023          ___lmul@multiplier 0001            ?_OLED_SetCursor 0006  
                copy_data0 6B0C                   __Hrparam 0000                   __Lrparam 0000  
            I2C_Write@data 0002                   _main$541 0053               ?_ADC_ReadAvg 0006  
          ___lwdiv@divisor 0003            ___lwdiv@counter 0007                   __ptext10 6F28  
                 __ptext11 6A98                   __ptext20 70B6                   __ptext12 6A7A  
                 __ptext21 6CA4                   __ptext13 6A5C                   __ptext22 69E8  
                 __ptext14 6A3E                   __ptext23 6A0E                   __ptext15 6C44  
                 __ptext24 6DD6                   __ptext16 6AC0                   __ptext25 69DE  
                 __ptext17 7226                   __ptext26 6F9E                   __ptext18 771C  
                 __ptext27 6BAC                   __ptext19 6D6C                   __ptext28 69FA  
          ??_BME_ReadCalib 000E                   isa$xinst 0000              ?_BME_ReadRegs 0005  
            OLED_Comando@c 0005              OLED_Init@cmds 000C              ?_BME_WriteReg 0005  
               _OLED_Clear 6B30           ___lwmod@dividend 0001               ?_BME_GetData 000E  
           ??_BME_ReadRegs 0007            ___lwmod@divisor 0003            ___lwmod@counter 0005  
           ??_BME_WriteReg 0006           ??_OLED_ClearLine 0008          ??_OLED_DrawLabels 0010  
         BME_ReadRegs@nack 000C  
