

Microchip MPLAB XC8 Assembler V3.10 build 20250813170317 
                                                                                               Fri May 29 09:37:20 2026

Microchip MPLAB XC8 C Compiler v3.10 (Free license) build 20250813170317 Og1 
     1                           	processor	18F4550
     2                           	fnconf	rparam,??,?,0
     3                           	pagewidth 120
     4                           	opt	flic
     5                           	psect	mediumconst,global,reloc=2,class=MEDIUMCONST,space=0,delta=1,noexec
     6                           	psect	cinit,global,reloc=2,class=CODE,space=0,delta=1
     7                           	psect	cstackCOMRAM,global,class=COMRAM,space=1,delta=1,lowdata,noexec
     8                           	psect	text0,global,reloc=2,class=CODE,space=0,delta=1
     9                           	psect	text1,global,reloc=2,class=CODE,space=0,delta=1,group=1
    10                           	psect	text2,global,reloc=2,class=CODE,space=0,delta=1,group=1
    11                           	psect	text3,global,reloc=2,class=CODE,space=0,delta=1
    12                           	psect	text4,global,reloc=2,class=CODE,space=0,delta=1
    13                           	psect	text5,global,reloc=2,class=CODE,space=0,delta=1
    14                           	psect	text6,global,reloc=2,class=CODE,space=0,delta=1
    15                           	psect	text7,global,reloc=2,class=CODE,space=0,delta=1
    16                           	psect	text8,global,reloc=2,class=CODE,space=0,delta=1
    17                           	psect	text9,global,reloc=2,class=CODE,space=0,delta=1
    18                           	psect	text10,global,reloc=2,class=CODE,space=0,delta=1,group=1
    19                           	psect	text11,global,reloc=2,class=CODE,space=0,delta=1,group=1
    20                           	psect	text12,global,reloc=2,class=CODE,space=0,delta=1
    21                           	psect	text13,global,reloc=2,class=CODE,space=0,delta=1
    22                           	psect	text14,global,reloc=2,class=CODE,space=0,delta=1
    23                           	psect	text15,global,reloc=2,class=CODE,space=0,delta=1
    24                           	psect	text16,global,reloc=2,class=CODE,space=0,delta=1
    25                           	psect	text17,global,reloc=2,class=CODE,space=0,delta=1
    26                           	psect	text18,global,reloc=2,class=CODE,space=0,delta=1
    27                           	psect	text19,global,reloc=2,class=CODE,space=0,delta=1
    28                           	psect	text20,global,reloc=2,class=CODE,space=0,delta=1
    29                           	psect	text21,global,reloc=2,class=CODE,space=0,delta=1
    30                           	psect	text22,global,reloc=2,class=CODE,space=0,delta=1
    31                           	psect	text23,global,reloc=2,class=CODE,space=0,delta=1
    32                           	psect	text24,global,reloc=2,class=CODE,space=0,delta=1
    33                           	psect	text25,global,reloc=2,class=CODE,space=0,delta=1
    34                           	psect	text26,global,reloc=2,class=CODE,space=0,delta=1
    35                           	psect	text27,global,reloc=2,class=CODE,space=0,delta=1
    36                           	psect	text28,global,reloc=2,class=CODE,space=0,delta=1
    37                           	psect	text29,global,reloc=2,class=CODE,space=0,delta=1
    38                           	psect	intsave_regs,global,class=BIGRAM,space=1,delta=1,noexec
    39                           	psect	rparam,global,class=COMRAM,space=1,delta=1,noexec
    40                           	psect	config,global,abs,ovrld,class=CONFIG,space=4,delta=1,noexec
    41   000000                     
    42                           ; Generated 17/01/2025 GMT
    43                           ; 
    44                           ; Copyright © 2025, Microchip Technology Inc. and its subsidiaries ("Microchip")
    45                           ; All rights reserved.
    46                           ; 
    47                           ; This software is developed by Microchip Technology Inc. and its subsidiaries ("Microch
      +                          ip").
    48                           ; 
    49                           ; Redistribution and use in source and binary forms, with or without modification, are
    50                           ; permitted provided that the following conditions are met:
    51                           ; 
    52                           ;     1. Redistributions of source code must retain the above copyright notice, this lis
      +                          t of
    53                           ;        conditions and the following disclaimer.
    54                           ; 
    55                           ;     2. Redistributions in binary form must reproduce the above copyright notice, this 
      +                          list
    56                           ;        of conditions and the following disclaimer in the documentation and/or other
    57                           ;        materials provided with the distribution. Publication is not required when
    58                           ;        this file is used in an embedded application.
    59                           ; 
    60                           ;     3. Microchip's name may not be used to endorse or promote products derived from th
      +                          is
    61                           ;        software without specific prior written permission.
    62                           ; 
    63                           ; THIS SOFTWARE IS PROVIDED BY MICROCHIP "AS IS" AND ANY EXPRESS OR IMPLIED WARRANTIES,
    64                           ; INCLUDING, BUT NOT LIMITED TO, THE IMPLIED WARRANTIES OF MERCHANTABILITY AND FITNESS F
      +                          OR
    65                           ; PURPOSE ARE DISCLAIMED.  IN NO EVENT SHALL MICROCHIP BE LIABLE FOR ANY DIRECT, INDIREC
      +                          T,
    66                           ; INCIDENTAL, SPECIAL, EXEMPLARY, OR CONSEQUENTIAL DAMAGES (INCLUDING BUT NOT LIMITED TO
    67                           ; PROCUREMENT OF SUBSTITUTE GOODS OR SERVICES; LOSS OF USE, DATA OR PROFITS; OR BUSINESS
    68                           ; INTERRUPTION) HOWSOEVER CAUSED AND ON ANY THEORY OF LIABILITY, WHETHER IN CONTRACT, ST
      +                          RICT
    69                           ; LIABILITY, OR TORT (INCLUDING NEGLIGENCE OR OTHERWISE) ARISING IN ANY WAY OUT OF THE U
      +                          SE OF
    70                           ; THIS SOFTWARE, EVEN IF ADVISED OF THE POSSIBILITY OF SUCH DAMAGE.
    71                           ; 
    72                           ; 
    73                           ; Code-generator required, PIC18F4550 Definitions
    74                           ; 
    75                           ; SFR Addresses
    76   000FE0                     bsr             equ	4064
    77   000FE9                     fsr0            equ	4073
    78   000FEA                     fsr0h           equ	4074
    79   000FE9                     fsr0l           equ	4073
    80   000FE1                     fsr1            equ	4065
    81   000FE2                     fsr1h           equ	4066
    82   000FE1                     fsr1l           equ	4065
    83   000FD9                     fsr2            equ	4057
    84   000FDA                     fsr2h           equ	4058
    85   000FD9                     fsr2l           equ	4057
    86   000FEF                     indf0           equ	4079
    87   000FE7                     indf1           equ	4071
    88   000FDF                     indf2           equ	4063
    89   000FF2                     intcon          equ	4082
    90   000000                     nvmcon          equ	0
    91   000FF9                     pcl             equ	4089
    92   000FFA                     pclath          equ	4090
    93   000FFB                     pclatu          equ	4091
    94   000FEB                     plusw0          equ	4075
    95   000FE3                     plusw1          equ	4067
    96   000FDB                     plusw2          equ	4059
    97   000FED                     postdec0        equ	4077
    98   000FE5                     postdec1        equ	4069
    99   000FDD                     postdec2        equ	4061
   100   000FEE                     postinc0        equ	4078
   101   000FE6                     postinc1        equ	4070
   102   000FDE                     postinc2        equ	4062
   103   000FEC                     preinc0         equ	4076
   104   000FE4                     preinc1         equ	4068
   105   000FDC                     preinc2         equ	4060
   106   000FF3                     prod            equ	4083
   107   000FF4                     prodh           equ	4084
   108   000FF3                     prodl           equ	4083
   109   000FD8                     status          equ	4056
   110   000FF5                     tablat          equ	4085
   111   000FF6                     tblptr          equ	4086
   112   000FF7                     tblptrh         equ	4087
   113   000FF6                     tblptrl         equ	4086
   114   000FF8                     tblptru         equ	4088
   115   000FFD                     tosl            equ	4093
   116   000FE8                     wreg            equ	4072
   117   000F62                     SPPDATA         equ	3938	;# 
   118   000F63                     SPPCFG          equ	3939	;# 
   119   000F64                     SPPEPS          equ	3940	;# 
   120   000F65                     SPPCON          equ	3941	;# 
   121   000F66                     UFRM            equ	3942	;# 
   122   000F66                     UFRML           equ	3942	;# 
   123   000F67                     UFRMH           equ	3943	;# 
   124   000F68                     UIR             equ	3944	;# 
   125   000F69                     UIE             equ	3945	;# 
   126   000F6A                     UEIR            equ	3946	;# 
   127   000F6B                     UEIE            equ	3947	;# 
   128   000F6C                     USTAT           equ	3948	;# 
   129   000F6D                     UCON            equ	3949	;# 
   130   000F6E                     UADDR           equ	3950	;# 
   131   000F6F                     UCFG            equ	3951	;# 
   132   000F70                     UEP0            equ	3952	;# 
   133   000F71                     UEP1            equ	3953	;# 
   134   000F72                     UEP2            equ	3954	;# 
   135   000F73                     UEP3            equ	3955	;# 
   136   000F74                     UEP4            equ	3956	;# 
   137   000F75                     UEP5            equ	3957	;# 
   138   000F76                     UEP6            equ	3958	;# 
   139   000F77                     UEP7            equ	3959	;# 
   140   000F78                     UEP8            equ	3960	;# 
   141   000F79                     UEP9            equ	3961	;# 
   142   000F7A                     UEP10           equ	3962	;# 
   143   000F7B                     UEP11           equ	3963	;# 
   144   000F7C                     UEP12           equ	3964	;# 
   145   000F7D                     UEP13           equ	3965	;# 
   146   000F7E                     UEP14           equ	3966	;# 
   147   000F7F                     UEP15           equ	3967	;# 
   148   000F80                     PORTA           equ	3968	;# 
   149   000F81                     PORTB           equ	3969	;# 
   150   000F82                     PORTC           equ	3970	;# 
   151   000F83                     PORTD           equ	3971	;# 
   152   000F84                     PORTE           equ	3972	;# 
   153   000F89                     LATA            equ	3977	;# 
   154   000F8A                     LATB            equ	3978	;# 
   155   000F8B                     LATC            equ	3979	;# 
   156   000F8C                     LATD            equ	3980	;# 
   157   000F8D                     LATE            equ	3981	;# 
   158   000F92                     TRISA           equ	3986	;# 
   159   000F92                     DDRA            equ	3986	;# 
   160   000F93                     TRISB           equ	3987	;# 
   161   000F93                     DDRB            equ	3987	;# 
   162   000F94                     TRISC           equ	3988	;# 
   163   000F94                     DDRC            equ	3988	;# 
   164   000F95                     TRISD           equ	3989	;# 
   165   000F95                     DDRD            equ	3989	;# 
   166   000F96                     TRISE           equ	3990	;# 
   167   000F96                     DDRE            equ	3990	;# 
   168   000F9B                     OSCTUNE         equ	3995	;# 
   169   000F9D                     PIE1            equ	3997	;# 
   170   000F9E                     PIR1            equ	3998	;# 
   171   000F9F                     IPR1            equ	3999	;# 
   172   000FA0                     PIE2            equ	4000	;# 
   173   000FA1                     PIR2            equ	4001	;# 
   174   000FA2                     IPR2            equ	4002	;# 
   175   000FA6                     EECON1          equ	4006	;# 
   176   000FA7                     EECON2          equ	4007	;# 
   177   000FA8                     EEDATA          equ	4008	;# 
   178   000FA9                     EEADR           equ	4009	;# 
   179   000FAB                     RCSTA           equ	4011	;# 
   180   000FAB                     RCSTA1          equ	4011	;# 
   181   000FAC                     TXSTA           equ	4012	;# 
   182   000FAC                     TXSTA1          equ	4012	;# 
   183   000FAD                     TXREG           equ	4013	;# 
   184   000FAD                     TXREG1          equ	4013	;# 
   185   000FAE                     RCREG           equ	4014	;# 
   186   000FAE                     RCREG1          equ	4014	;# 
   187   000FAF                     SPBRG           equ	4015	;# 
   188   000FAF                     SPBRG1          equ	4015	;# 
   189   000FB0                     SPBRGH          equ	4016	;# 
   190   000FB1                     T3CON           equ	4017	;# 
   191   000FB2                     TMR3            equ	4018	;# 
   192   000FB2                     TMR3L           equ	4018	;# 
   193   000FB3                     TMR3H           equ	4019	;# 
   194   000FB4                     CMCON           equ	4020	;# 
   195   000FB5                     CVRCON          equ	4021	;# 
   196   000FB6                     ECCP1AS         equ	4022	;# 
   197   000FB6                     CCP1AS          equ	4022	;# 
   198   000FB7                     ECCP1DEL        equ	4023	;# 
   199   000FB7                     CCP1DEL         equ	4023	;# 
   200   000FB8                     BAUDCON         equ	4024	;# 
   201   000FB8                     BAUDCTL         equ	4024	;# 
   202   000FBA                     CCP2CON         equ	4026	;# 
   203   000FBB                     CCPR2           equ	4027	;# 
   204   000FBB                     CCPR2L          equ	4027	;# 
   205   000FBC                     CCPR2H          equ	4028	;# 
   206   000FBD                     CCP1CON         equ	4029	;# 
   207   000FBD                     ECCP1CON        equ	4029	;# 
   208   000FBE                     CCPR1           equ	4030	;# 
   209   000FBE                     CCPR1L          equ	4030	;# 
   210   000FBF                     CCPR1H          equ	4031	;# 
   211   000FC0                     ADCON2          equ	4032	;# 
   212   000FC1                     ADCON1          equ	4033	;# 
   213   000FC2                     ADCON0          equ	4034	;# 
   214   000FC3                     ADRES           equ	4035	;# 
   215   000FC3                     ADRESL          equ	4035	;# 
   216   000FC4                     ADRESH          equ	4036	;# 
   217   000FC5                     SSPCON2         equ	4037	;# 
   218   000FC6                     SSPCON1         equ	4038	;# 
   219   000FC7                     SSPSTAT         equ	4039	;# 
   220   000FC8                     SSPADD          equ	4040	;# 
   221   000FC9                     SSPBUF          equ	4041	;# 
   222   000FCA                     T2CON           equ	4042	;# 
   223   000FCB                     PR2             equ	4043	;# 
   224   000FCB                     MEMCON          equ	4043	;# 
   225   000FCC                     TMR2            equ	4044	;# 
   226   000FCD                     T1CON           equ	4045	;# 
   227   000FCE                     TMR1            equ	4046	;# 
   228   000FCE                     TMR1L           equ	4046	;# 
   229   000FCF                     TMR1H           equ	4047	;# 
   230   000FD0                     RCON            equ	4048	;# 
   231   000FD1                     WDTCON          equ	4049	;# 
   232   000FD2                     HLVDCON         equ	4050	;# 
   233   000FD2                     LVDCON          equ	4050	;# 
   234   000FD3                     OSCCON          equ	4051	;# 
   235   000FD5                     T0CON           equ	4053	;# 
   236   000FD6                     TMR0            equ	4054	;# 
   237   000FD6                     TMR0L           equ	4054	;# 
   238   000FD7                     TMR0H           equ	4055	;# 
   239   000FD8                     STATUS          equ	4056	;# 
   240   000FD9                     FSR2            equ	4057	;# 
   241   000FD9                     FSR2L           equ	4057	;# 
   242   000FDA                     FSR2H           equ	4058	;# 
   243   000FDB                     PLUSW2          equ	4059	;# 
   244   000FDC                     PREINC2         equ	4060	;# 
   245   000FDD                     POSTDEC2        equ	4061	;# 
   246   000FDE                     POSTINC2        equ	4062	;# 
   247   000FDF                     INDF2           equ	4063	;# 
   248   000FE0                     BSR             equ	4064	;# 
   249   000FE1                     FSR1            equ	4065	;# 
   250   000FE1                     FSR1L           equ	4065	;# 
   251   000FE2                     FSR1H           equ	4066	;# 
   252   000FE3                     PLUSW1          equ	4067	;# 
   253   000FE4                     PREINC1         equ	4068	;# 
   254   000FE5                     POSTDEC1        equ	4069	;# 
   255   000FE6                     POSTINC1        equ	4070	;# 
   256   000FE7                     INDF1           equ	4071	;# 
   257   000FE8                     WREG            equ	4072	;# 
   258   000FE9                     FSR0            equ	4073	;# 
   259   000FE9                     FSR0L           equ	4073	;# 
   260   000FEA                     FSR0H           equ	4074	;# 
   261   000FEB                     PLUSW0          equ	4075	;# 
   262   000FEC                     PREINC0         equ	4076	;# 
   263   000FED                     POSTDEC0        equ	4077	;# 
   264   000FEE                     POSTINC0        equ	4078	;# 
   265   000FEF                     INDF0           equ	4079	;# 
   266   000FF0                     INTCON3         equ	4080	;# 
   267   000FF1                     INTCON2         equ	4081	;# 
   268   000FF2                     INTCON          equ	4082	;# 
   269   000FF3                     PROD            equ	4083	;# 
   270   000FF3                     PRODL           equ	4083	;# 
   271   000FF4                     PRODH           equ	4084	;# 
   272   000FF5                     TABLAT          equ	4085	;# 
   273   000FF6                     TBLPTR          equ	4086	;# 
   274   000FF6                     TBLPTRL         equ	4086	;# 
   275   000FF7                     TBLPTRH         equ	4087	;# 
   276   000FF8                     TBLPTRU         equ	4088	;# 
   277   000FF9                     PCLAT           equ	4089	;# 
   278   000FF9                     PC              equ	4089	;# 
   279   000FF9                     PCL             equ	4089	;# 
   280   000FFA                     PCLATH          equ	4090	;# 
   281   000FFB                     PCLATU          equ	4091	;# 
   282   000FFC                     STKPTR          equ	4092	;# 
   283   000FFD                     TOS             equ	4093	;# 
   284   000FFD                     TOSL            equ	4093	;# 
   285   000FFE                     TOSH            equ	4094	;# 
   286   000FFF                     TOSU            equ	4095	;# 
   287                           
   288                           	psect	mediumconst
   289   007C20                     __pmediumconst:
   290                           	callstack 0
   291   007C20  00                 	db	0
   292   007C21                     _font5x8:
   293                           	callstack 0
   294   007C21  00                 	db	0
   295   007C22  00                 	db	0
   296   007C23  00                 	db	0
   297   007C24  00                 	db	0
   298   007C25  00                 	db	0
   299   007C26  00                 	db	0
   300   007C27  00                 	db	0
   301   007C28  5F                 	db	95
   302   007C29  00                 	db	0
   303   007C2A  00                 	db	0
   304   007C2B  00                 	db	0
   305   007C2C  07                 	db	7
   306   007C2D  00                 	db	0
   307   007C2E  07                 	db	7
   308   007C2F  00                 	db	0
   309   007C30  14                 	db	20
   310   007C31  7F                 	db	127
   311   007C32  14                 	db	20
   312   007C33  7F                 	db	127
   313   007C34  14                 	db	20
   314   007C35  24                 	db	36
   315   007C36  2A                 	db	42
   316   007C37  7F                 	db	127
   317   007C38  2A                 	db	42
   318   007C39  12                 	db	18
   319   007C3A  23                 	db	35
   320   007C3B  13                 	db	19
   321   007C3C  08                 	db	8
   322   007C3D  64                 	db	100
   323   007C3E  62                 	db	98
   324   007C3F  36                 	db	54
   325   007C40  49                 	db	73
   326   007C41  55                 	db	85
   327   007C42  22                 	db	34
   328   007C43  50                 	db	80
   329   007C44  00                 	db	0
   330   007C45  05                 	db	5
   331   007C46  03                 	db	3
   332   007C47  00                 	db	0
   333   007C48  00                 	db	0
   334   007C49  00                 	db	0
   335   007C4A  1C                 	db	28
   336   007C4B  22                 	db	34
   337   007C4C  41                 	db	65
   338   007C4D  00                 	db	0
   339   007C4E  00                 	db	0
   340   007C4F  41                 	db	65
   341   007C50  22                 	db	34
   342   007C51  1C                 	db	28
   343   007C52  00                 	db	0
   344   007C53  08                 	db	8
   345   007C54  2A                 	db	42
   346   007C55  1C                 	db	28
   347   007C56  2A                 	db	42
   348   007C57  08                 	db	8
   349   007C58  08                 	db	8
   350   007C59  08                 	db	8
   351   007C5A  3E                 	db	62
   352   007C5B  08                 	db	8
   353   007C5C  08                 	db	8
   354   007C5D  00                 	db	0
   355   007C5E  50                 	db	80
   356   007C5F  30                 	db	48
   357   007C60  00                 	db	0
   358   007C61  00                 	db	0
   359   007C62  08                 	db	8
   360   007C63  08                 	db	8
   361   007C64  08                 	db	8
   362   007C65  08                 	db	8
   363   007C66  08                 	db	8
   364   007C67  00                 	db	0
   365   007C68  60                 	db	96
   366   007C69  60                 	db	96
   367   007C6A  00                 	db	0
   368   007C6B  00                 	db	0
   369   007C6C  20                 	db	32
   370   007C6D  10                 	db	16
   371   007C6E  08                 	db	8
   372   007C6F  04                 	db	4
   373   007C70  02                 	db	2
   374   007C71  3E                 	db	62
   375   007C72  51                 	db	81
   376   007C73  49                 	db	73
   377   007C74  45                 	db	69
   378   007C75  3E                 	db	62
   379   007C76  00                 	db	0
   380   007C77  42                 	db	66
   381   007C78  7F                 	db	127
   382   007C79  40                 	db	64
   383   007C7A  00                 	db	0
   384   007C7B  42                 	db	66
   385   007C7C  61                 	db	97
   386   007C7D  51                 	db	81
   387   007C7E  49                 	db	73
   388   007C7F  46                 	db	70
   389   007C80  21                 	db	33
   390   007C81  41                 	db	65
   391   007C82  45                 	db	69
   392   007C83  4B                 	db	75
   393   007C84  31                 	db	49
   394   007C85  18                 	db	24
   395   007C86  14                 	db	20
   396   007C87  12                 	db	18
   397   007C88  7F                 	db	127
   398   007C89  10                 	db	16
   399   007C8A  27                 	db	39
   400   007C8B  45                 	db	69
   401   007C8C  45                 	db	69
   402   007C8D  45                 	db	69
   403   007C8E  39                 	db	57
   404   007C8F  3C                 	db	60
   405   007C90  4A                 	db	74
   406   007C91  49                 	db	73
   407   007C92  49                 	db	73
   408   007C93  30                 	db	48
   409   007C94  01                 	db	1
   410   007C95  71                 	db	113
   411   007C96  09                 	db	9
   412   007C97  05                 	db	5
   413   007C98  03                 	db	3
   414   007C99  36                 	db	54
   415   007C9A  49                 	db	73
   416   007C9B  49                 	db	73
   417   007C9C  49                 	db	73
   418   007C9D  36                 	db	54
   419   007C9E  06                 	db	6
   420   007C9F  49                 	db	73
   421   007CA0  49                 	db	73
   422   007CA1  29                 	db	41
   423   007CA2  1E                 	db	30
   424   007CA3  00                 	db	0
   425   007CA4  66                 	db	102
   426   007CA5  66                 	db	102
   427   007CA6  00                 	db	0
   428   007CA7  00                 	db	0
   429   007CA8  00                 	db	0
   430   007CA9  66                 	db	102
   431   007CAA  62                 	db	98
   432   007CAB  00                 	db	0
   433   007CAC  00                 	db	0
   434   007CAD  08                 	db	8
   435   007CAE  14                 	db	20
   436   007CAF  22                 	db	34
   437   007CB0  41                 	db	65
   438   007CB1  00                 	db	0
   439   007CB2  24                 	db	36
   440   007CB3  24                 	db	36
   441   007CB4  24                 	db	36
   442   007CB5  24                 	db	36
   443   007CB6  24                 	db	36
   444   007CB7  00                 	db	0
   445   007CB8  41                 	db	65
   446   007CB9  22                 	db	34
   447   007CBA  14                 	db	20
   448   007CBB  08                 	db	8
   449   007CBC  02                 	db	2
   450   007CBD  01                 	db	1
   451   007CBE  51                 	db	81
   452   007CBF  09                 	db	9
   453   007CC0  06                 	db	6
   454   007CC1  32                 	db	50
   455   007CC2  49                 	db	73
   456   007CC3  79                 	db	121
   457   007CC4  41                 	db	65
   458   007CC5  3E                 	db	62
   459   007CC6  7E                 	db	126
   460   007CC7  11                 	db	17
   461   007CC8  11                 	db	17
   462   007CC9  11                 	db	17
   463   007CCA  7E                 	db	126
   464   007CCB  7F                 	db	127
   465   007CCC  49                 	db	73
   466   007CCD  49                 	db	73
   467   007CCE  49                 	db	73
   468   007CCF  36                 	db	54
   469   007CD0  3E                 	db	62
   470   007CD1  41                 	db	65
   471   007CD2  41                 	db	65
   472   007CD3  41                 	db	65
   473   007CD4  22                 	db	34
   474   007CD5  7F                 	db	127
   475   007CD6  41                 	db	65
   476   007CD7  41                 	db	65
   477   007CD8  22                 	db	34
   478   007CD9  1C                 	db	28
   479   007CDA  7F                 	db	127
   480   007CDB  49                 	db	73
   481   007CDC  49                 	db	73
   482   007CDD  49                 	db	73
   483   007CDE  41                 	db	65
   484   007CDF  7F                 	db	127
   485   007CE0  09                 	db	9
   486   007CE1  09                 	db	9
   487   007CE2  09                 	db	9
   488   007CE3  01                 	db	1
   489   007CE4  3E                 	db	62
   490   007CE5  41                 	db	65
   491   007CE6  49                 	db	73
   492   007CE7  49                 	db	73
   493   007CE8  7A                 	db	122
   494   007CE9  7F                 	db	127
   495   007CEA  08                 	db	8
   496   007CEB  08                 	db	8
   497   007CEC  08                 	db	8
   498   007CED  7F                 	db	127
   499   007CEE  00                 	db	0
   500   007CEF  41                 	db	65
   501   007CF0  7F                 	db	127
   502   007CF1  41                 	db	65
   503   007CF2  00                 	db	0
   504   007CF3  20                 	db	32
   505   007CF4  40                 	db	64
   506   007CF5  41                 	db	65
   507   007CF6  3F                 	db	63
   508   007CF7  01                 	db	1
   509   007CF8  7F                 	db	127
   510   007CF9  08                 	db	8
   511   007CFA  14                 	db	20
   512   007CFB  22                 	db	34
   513   007CFC  41                 	db	65
   514   007CFD  7F                 	db	127
   515   007CFE  40                 	db	64
   516   007CFF  40                 	db	64
   517   007D00  40                 	db	64
   518   007D01  40                 	db	64
   519   007D02  7F                 	db	127
   520   007D03  02                 	db	2
   521   007D04  0C                 	db	12
   522   007D05  02                 	db	2
   523   007D06  7F                 	db	127
   524   007D07  7F                 	db	127
   525   007D08  04                 	db	4
   526   007D09  08                 	db	8
   527   007D0A  10                 	db	16
   528   007D0B  7F                 	db	127
   529   007D0C  3E                 	db	62
   530   007D0D  41                 	db	65
   531   007D0E  41                 	db	65
   532   007D0F  41                 	db	65
   533   007D10  3E                 	db	62
   534   007D11  7F                 	db	127
   535   007D12  09                 	db	9
   536   007D13  09                 	db	9
   537   007D14  09                 	db	9
   538   007D15  06                 	db	6
   539   007D16  3E                 	db	62
   540   007D17  41                 	db	65
   541   007D18  51                 	db	81
   542   007D19  21                 	db	33
   543   007D1A  5E                 	db	94
   544   007D1B  7F                 	db	127
   545   007D1C  09                 	db	9
   546   007D1D  19                 	db	25
   547   007D1E  29                 	db	41
   548   007D1F  46                 	db	70
   549   007D20  26                 	db	38
   550   007D21  49                 	db	73
   551   007D22  49                 	db	73
   552   007D23  49                 	db	73
   553   007D24  32                 	db	50
   554   007D25  01                 	db	1
   555   007D26  01                 	db	1
   556   007D27  7F                 	db	127
   557   007D28  01                 	db	1
   558   007D29  01                 	db	1
   559   007D2A  3F                 	db	63
   560   007D2B  40                 	db	64
   561   007D2C  40                 	db	64
   562   007D2D  40                 	db	64
   563   007D2E  3F                 	db	63
   564   007D2F  1F                 	db	31
   565   007D30  20                 	db	32
   566   007D31  40                 	db	64
   567   007D32  20                 	db	32
   568   007D33  1F                 	db	31
   569   007D34  3F                 	db	63
   570   007D35  40                 	db	64
   571   007D36  38                 	db	56
   572   007D37  40                 	db	64
   573   007D38  3F                 	db	63
   574   007D39  63                 	db	99
   575   007D3A  14                 	db	20
   576   007D3B  08                 	db	8
   577   007D3C  14                 	db	20
   578   007D3D  63                 	db	99
   579   007D3E  07                 	db	7
   580   007D3F  08                 	db	8
   581   007D40  70                 	db	112
   582   007D41  08                 	db	8
   583   007D42  07                 	db	7
   584   007D43  61                 	db	97
   585   007D44  51                 	db	81
   586   007D45  49                 	db	73
   587   007D46  45                 	db	69
   588   007D47  43                 	db	67
   589   007D48                     __end_of_font5x8:
   590                           	callstack 0
   591   000F8C                     _LATDbits       set	3980
   592   000F8C                     _LATD           set	3980
   593   000F95                     _TRISDbits      set	3989
   594   000FD3                     _OSCCON         set	4051
   595   000FAD                     _TXREG          set	4013
   596   000FAC                     _TXSTAbits      set	4012
   597   000FAB                     _RCSTA          set	4011
   598   000FAC                     _TXSTA          set	4012
   599   000FAF                     _SPBRG          set	4015
   600   000F94                     _TRISCbits      set	3988
   601   000F81                     _PORTBbits      set	3969
   602   000FC7                     _SSPSTATbits    set	4039
   603   000FC9                     _SSPBUF         set	4041
   604   000FC5                     _SSPCON2bits    set	4037
   605   000FC8                     _SSPADD         set	4040
   606   000FC6                     _SSPCON1        set	4038
   607   000FC7                     _SSPSTAT        set	4039
   608   000F93                     _TRISBbits      set	3987
   609   007D48  5B                 	db	91	;'['
   610   007D49  45                 	db	69	;'E'
   611   007D4A  53                 	db	83	;'S'
   612   007D4B  50                 	db	80	;'P'
   613   007D4C  45                 	db	69	;'E'
   614   007D4D  52                 	db	82	;'R'
   615   007D4E  41                 	db	65	;'A'
   616   007D4F  5D                 	db	93	;']'
   617   007D50  20                 	db	32
   618   007D51  52                 	db	82	;'R'
   619   007D52  65                 	db	101	;'e'
   620   007D53  74                 	db	116	;'t'
   621   007D54  69                 	db	105	;'i'
   622   007D55  72                 	db	114	;'r'
   623   007D56  65                 	db	101	;'e'
   624   007D57  20                 	db	32
   625   007D58  65                 	db	101	;'e'
   626   007D59  6C                 	db	108	;'l'
   627   007D5A  20                 	db	32
   628   007D5B  64                 	db	100	;'d'
   629   007D5C  65                 	db	101	;'e'
   630   007D5D  64                 	db	100	;'d'
   631   007D5E  6F                 	db	111	;'o'
   632   007D5F  20                 	db	32
   633   007D60  70                 	db	112	;'p'
   634   007D61  61                 	db	97	;'a'
   635   007D62  72                 	db	114	;'r'
   636   007D63  61                 	db	97	;'a'
   637   007D64  20                 	db	32
   638   007D65  6E                 	db	110	;'n'
   639   007D66  75                 	db	117	;'u'
   640   007D67  65                 	db	101	;'e'
   641   007D68  76                 	db	118	;'v'
   642   007D69  61                 	db	97	;'a'
   643   007D6A  20                 	db	32
   644   007D6B  6C                 	db	108	;'l'
   645   007D6C  65                 	db	101	;'e'
   646   007D6D  63                 	db	99	;'c'
   647   007D6E  74                 	db	116	;'t'
   648   007D6F  75                 	db	117	;'u'
   649   007D70  72                 	db	114	;'r'
   650   007D71  61                 	db	97	;'a'
   651   007D72  2E                 	db	46
   652   007D73  2E                 	db	46
   653   007D74  2E                 	db	46
   654   007D75  0D                 	db	13
   655   007D76  0A                 	db	10
   656   007D77  00                 	db	0
   657   007D78  5B                 	db	91	;'['
   658   007D79  45                 	db	69	;'E'
   659   007D7A  53                 	db	83	;'S'
   660   007D7B  50                 	db	80	;'P'
   661   007D7C  45                 	db	69	;'E'
   662   007D7D  52                 	db	82	;'R'
   663   007D7E  41                 	db	65	;'A'
   664   007D7F  5D                 	db	93	;']'
   665   007D80  20                 	db	32
   666   007D81  43                 	db	67	;'C'
   667   007D82  6F                 	db	111	;'o'
   668   007D83  6C                 	db	108	;'l'
   669   007D84  6F                 	db	111	;'o'
   670   007D85  71                 	db	113	;'q'
   671   007D86  75                 	db	117	;'u'
   672   007D87  65                 	db	101	;'e'
   673   007D88  20                 	db	32
   674   007D89  65                 	db	101	;'e'
   675   007D8A  6C                 	db	108	;'l'
   676   007D8B  20                 	db	32
   677   007D8C  64                 	db	100	;'d'
   678   007D8D  65                 	db	101	;'e'
   679   007D8E  64                 	db	100	;'d'
   680   007D8F  6F                 	db	111	;'o'
   681   007D90  20                 	db	32
   682   007D91  65                 	db	101	;'e'
   683   007D92  6E                 	db	110	;'n'
   684   007D93  20                 	db	32
   685   007D94  65                 	db	101	;'e'
   686   007D95  6C                 	db	108	;'l'
   687   007D96  20                 	db	32
   688   007D97  73                 	db	115	;'s'
   689   007D98  65                 	db	101	;'e'
   690   007D99  6E                 	db	110	;'n'
   691   007D9A  73                 	db	115	;'s'
   692   007D9B  6F                 	db	111	;'o'
   693   007D9C  72                 	db	114	;'r'
   694   007D9D  2E                 	db	46
   695   007D9E  2E                 	db	46
   696   007D9F  2E                 	db	46
   697   007DA0  0D                 	db	13
   698   007DA1  0A                 	db	10
   699   007DA2  00                 	db	0
   700   007DA3  5B                 	db	91	;'['
   701   007DA4  53                 	db	83	;'S'
   702   007DA5  45                 	db	69	;'E'
   703   007DA6  4E                 	db	78	;'N'
   704   007DA7  53                 	db	83	;'S'
   705   007DA8  41                 	db	65	;'A'
   706   007DA9  4E                 	db	78	;'N'
   707   007DAA  44                 	db	68	;'D'
   708   007DAB  4F                 	db	79	;'O'
   709   007DAC  5D                 	db	93	;']'
   710   007DAD  20                 	db	32
   711   007DAE  45                 	db	69	;'E'
   712   007DAF  73                 	db	115	;'s'
   713   007DB0  74                 	db	116	;'t'
   714   007DB1  61                 	db	97	;'a'
   715   007DB2  62                 	db	98	;'b'
   716   007DB3  69                 	db	105	;'i'
   717   007DB4  6C                 	db	108	;'l'
   718   007DB5  69                 	db	105	;'i'
   719   007DB6  7A                 	db	122	;'z'
   720   007DB7  61                 	db	97	;'a'
   721   007DB8  6E                 	db	110	;'n'
   722   007DB9  64                 	db	100	;'d'
   723   007DBA  6F                 	db	111	;'o'
   724   007DBB  20                 	db	32
   725   007DBC  6C                 	db	108	;'l'
   726   007DBD  65                 	db	101	;'e'
   727   007DBE  63                 	db	99	;'c'
   728   007DBF  74                 	db	116	;'t'
   729   007DC0  75                 	db	117	;'u'
   730   007DC1  72                 	db	114	;'r'
   731   007DC2  61                 	db	97	;'a'
   732   007DC3  2E                 	db	46
   733   007DC4  2E                 	db	46
   734   007DC5  2E                 	db	46
   735   007DC6  0D                 	db	13
   736   007DC7  0A                 	db	10
   737   007DC8  00                 	db	0
   738   007DC9                     STR_4:
   739   007DC9  0D                 	db	13
   740   007DCA  0A                 	db	10
   741   007DCB  3D                 	db	61	;'='
   742   007DCC  3D                 	db	61	;'='
   743   007DCD  3D                 	db	61	;'='
   744   007DCE  3D                 	db	61	;'='
   745   007DCF  3D                 	db	61	;'='
   746   007DD0  3D                 	db	61	;'='
   747   007DD1  3D                 	db	61	;'='
   748   007DD2  3D                 	db	61	;'='
   749   007DD3  3D                 	db	61	;'='
   750   007DD4  3D                 	db	61	;'='
   751   007DD5  3D                 	db	61	;'='
   752   007DD6  3D                 	db	61	;'='
   753   007DD7  3D                 	db	61	;'='
   754   007DD8  3D                 	db	61	;'='
   755   007DD9  3D                 	db	61	;'='
   756   007DDA  3D                 	db	61	;'='
   757   007DDB  3D                 	db	61	;'='
   758   007DDC  3D                 	db	61	;'='
   759   007DDD  3D                 	db	61	;'='
   760   007DDE  3D                 	db	61	;'='
   761   007DDF  3D                 	db	61	;'='
   762   007DE0  3D                 	db	61	;'='
   763   007DE1  3D                 	db	61	;'='
   764   007DE2  3D                 	db	61	;'='
   765   007DE3  3D                 	db	61	;'='
   766   007DE4  3D                 	db	61	;'='
   767   007DE5  3D                 	db	61	;'='
   768   007DE6  3D                 	db	61	;'='
   769   007DE7  3D                 	db	61	;'='
   770   007DE8  0D                 	db	13
   771   007DE9  0A                 	db	10
   772   007DEA  00                 	db	0
   773   007DEB                     STR_1:
   774   007DEB  2D                 	db	45
   775   007DEC  2D                 	db	45
   776   007DED  2D                 	db	45
   777   007DEE  2D                 	db	45
   778   007DEF  2D                 	db	45
   779   007DF0  2D                 	db	45
   780   007DF1  2D                 	db	45
   781   007DF2  2D                 	db	45
   782   007DF3  2D                 	db	45
   783   007DF4  2D                 	db	45
   784   007DF5  2D                 	db	45
   785   007DF6  2D                 	db	45
   786   007DF7  2D                 	db	45
   787   007DF8  2D                 	db	45
   788   007DF9  2D                 	db	45
   789   007DFA  2D                 	db	45
   790   007DFB  2D                 	db	45
   791   007DFC  2D                 	db	45
   792   007DFD  2D                 	db	45
   793   007DFE  2D                 	db	45
   794   007DFF  2D                 	db	45
   795   007E00  2D                 	db	45
   796   007E01  2D                 	db	45
   797   007E02  2D                 	db	45
   798   007E03  2D                 	db	45
   799   007E04  2D                 	db	45
   800   007E05  2D                 	db	45
   801   007E06  2D                 	db	45
   802   007E07  2D                 	db	45
   803   007E08  2D                 	db	45
   804   007E09  0D                 	db	13
   805   007E0A  0A                 	db	10
   806   007E0B  00                 	db	0
   807   007E0C  20                 	db	32
   808   007E0D  20                 	db	32
   809   007E0E  50                 	db	80	;'P'
   810   007E0F  49                 	db	73	;'I'
   811   007E10  43                 	db	67	;'C'
   812   007E11  31                 	db	49	;'1'
   813   007E12  38                 	db	56	;'8'
   814   007E13  46                 	db	70	;'F'
   815   007E14  34                 	db	52	;'4'
   816   007E15  35                 	db	53	;'5'
   817   007E16  35                 	db	53	;'5'
   818   007E17  30                 	db	48	;'0'
   819   007E18  20                 	db	32
   820   007E19  2D                 	db	45
   821   007E1A  20                 	db	32
   822   007E1B  50                 	db	80	;'P'
   823   007E1C  72                 	db	114	;'r'
   824   007E1D  61                 	db	97	;'a'
   825   007E1E  63                 	db	99	;'c'
   826   007E1F  74                 	db	116	;'t'
   827   007E20  69                 	db	105	;'i'
   828   007E21  63                 	db	99	;'c'
   829   007E22  61                 	db	97	;'a'
   830   007E23  20                 	db	32
   831   007E24  33                 	db	51	;'3'
   832   007E25  20                 	db	32
   833   007E26  20                 	db	32
   834   007E27  20                 	db	32
   835   007E28  20                 	db	32
   836   007E29  0D                 	db	13
   837   007E2A  0A                 	db	10
   838   007E2B  00                 	db	0
   839   007E2C  20                 	db	32
   840   007E2D  20                 	db	32
   841   007E2E  4D                 	db	77	;'M'
   842   007E2F  4F                 	db	79	;'O'
   843   007E30  4E                 	db	78	;'N'
   844   007E31  49                 	db	73	;'I'
   845   007E32  54                 	db	84	;'T'
   846   007E33  4F                 	db	79	;'O'
   847   007E34  52                 	db	82	;'R'
   848   007E35  20                 	db	32
   849   007E36  44                 	db	68	;'D'
   850   007E37  45                 	db	69	;'E'
   851   007E38  20                 	db	32
   852   007E39  53                 	db	83	;'S'
   853   007E3A  49                 	db	73	;'I'
   854   007E3B  47                 	db	71	;'G'
   855   007E3C  4E                 	db	78	;'N'
   856   007E3D  4F                 	db	79	;'O'
   857   007E3E  53                 	db	83	;'S'
   858   007E3F  20                 	db	32
   859   007E40  56                 	db	86	;'V'
   860   007E41  49                 	db	73	;'I'
   861   007E42  54                 	db	84	;'T'
   862   007E43  41                 	db	65	;'A'
   863   007E44  4C                 	db	76	;'L'
   864   007E45  45                 	db	69	;'E'
   865   007E46  53                 	db	83	;'S'
   866   007E47  20                 	db	32
   867   007E48  20                 	db	32
   868   007E49  0D                 	db	13
   869   007E4A  0A                 	db	10
   870   007E4B  00                 	db	0
   871   007E4C  5B                 	db	91	;'['
   872   007E4D  50                 	db	80	;'P'
   873   007E4E  52                 	db	82	;'R'
   874   007E4F  45                 	db	69	;'E'
   875   007E50  50                 	db	80	;'P'
   876   007E51  5D                 	db	93	;']'
   877   007E52  20                 	db	32
   878   007E53  43                 	db	67	;'C'
   879   007E54  61                 	db	97	;'a'
   880   007E55  6C                 	db	108	;'l'
   881   007E56  69                 	db	105	;'i'
   882   007E57  62                 	db	98	;'b'
   883   007E58  72                 	db	114	;'r'
   884   007E59  61                 	db	97	;'a'
   885   007E5A  6E                 	db	110	;'n'
   886   007E5B  64                 	db	100	;'d'
   887   007E5C  6F                 	db	111	;'o'
   888   007E5D  20                 	db	32
   889   007E5E  73                 	db	115	;'s'
   890   007E5F  65                 	db	101	;'e'
   891   007E60  6E                 	db	110	;'n'
   892   007E61  73                 	db	115	;'s'
   893   007E62  6F                 	db	111	;'o'
   894   007E63  72                 	db	114	;'r'
   895   007E64  65                 	db	101	;'e'
   896   007E65  73                 	db	115	;'s'
   897   007E66  2E                 	db	46
   898   007E67  2E                 	db	46
   899   007E68  2E                 	db	46
   900   007E69  0D                 	db	13
   901   007E6A  0A                 	db	10
   902   007E6B  00                 	db	0
   903   007E6C                     STR_27:
   904   007E6C  20                 	db	32
   905   007E6D  20                 	db	32
   906   007E6E  20                 	db	32
   907   007E6F  20                 	db	32
   908   007E70  20                 	db	32
   909   007E71  20                 	db	32
   910   007E72  20                 	db	32
   911   007E73  52                 	db	82	;'R'
   912   007E74  45                 	db	69	;'E'
   913   007E75  53                 	db	83	;'S'
   914   007E76  55                 	db	85	;'U'
   915   007E77  4C                 	db	76	;'L'
   916   007E78  54                 	db	84	;'T'
   917   007E79  41                 	db	65	;'A'
   918   007E7A  44                 	db	68	;'D'
   919   007E7B  4F                 	db	79	;'O'
   920   007E7C  53                 	db	83	;'S'
   921   007E7D  20                 	db	32
   922   007E7E  20                 	db	32
   923   007E7F  20                 	db	32
   924   007E80  20                 	db	32
   925   007E81  20                 	db	32
   926   007E82  20                 	db	32
   927   007E83  20                 	db	32
   928   007E84  20                 	db	32
   929   007E85  20                 	db	32
   930   007E86  20                 	db	32
   931   007E87  20                 	db	32
   932   007E88  0D                 	db	13
   933   007E89  0A                 	db	10
   934   007E8A  00                 	db	0
   935   007E8B  42                 	db	66	;'B'
   936   007E8C  52                 	db	82	;'R'
   937   007E8D  41                 	db	65	;'A'
   938   007E8E  44                 	db	68	;'D'
   939   007E8F  49                 	db	73	;'I'
   940   007E90  43                 	db	67	;'C'
   941   007E91  41                 	db	65	;'A'
   942   007E92  52                 	db	82	;'R'
   943   007E93  44                 	db	68	;'D'
   944   007E94  49                 	db	73	;'I'
   945   007E95  41                 	db	65	;'A'
   946   007E96  20                 	db	32
   947   007E97  2D                 	db	45
   948   007E98  20                 	db	32
   949   007E99  41                 	db	65	;'A'
   950   007E9A  4C                 	db	76	;'L'
   951   007E9B  41                 	db	65	;'A'
   952   007E9C  52                 	db	82	;'R'
   953   007E9D  4D                 	db	77	;'M'
   954   007E9E  41                 	db	65	;'A'
   955   007E9F  0D                 	db	13
   956   007EA0  0A                 	db	10
   957   007EA1  00                 	db	0
   958   007EA2  54                 	db	84	;'T'
   959   007EA3  41                 	db	65	;'A'
   960   007EA4  51                 	db	81	;'Q'
   961   007EA5  55                 	db	85	;'U'
   962   007EA6  49                 	db	73	;'I'
   963   007EA7  43                 	db	67	;'C'
   964   007EA8  41                 	db	65	;'A'
   965   007EA9  52                 	db	82	;'R'
   966   007EAA  44                 	db	68	;'D'
   967   007EAB  49                 	db	73	;'I'
   968   007EAC  41                 	db	65	;'A'
   969   007EAD  20                 	db	32
   970   007EAE  2D                 	db	45
   971   007EAF  20                 	db	32
   972   007EB0  41                 	db	65	;'A'
   973   007EB1  4C                 	db	76	;'L'
   974   007EB2  41                 	db	65	;'A'
   975   007EB3  52                 	db	82	;'R'
   976   007EB4  4D                 	db	77	;'M'
   977   007EB5  41                 	db	65	;'A'
   978   007EB6  0D                 	db	13
   979   007EB7  0A                 	db	10
   980   007EB8  00                 	db	0
   981   007EB9  48                 	db	72	;'H'
   982   007EBA  49                 	db	73	;'I'
   983   007EBB  50                 	db	80	;'P'
   984   007EBC  4F                 	db	79	;'O'
   985   007EBD  54                 	db	84	;'T'
   986   007EBE  45                 	db	69	;'E'
   987   007EBF  52                 	db	82	;'R'
   988   007EC0  4D                 	db	77	;'M'
   989   007EC1  49                 	db	73	;'I'
   990   007EC2  41                 	db	65	;'A'
   991   007EC3  20                 	db	32
   992   007EC4  2D                 	db	45
   993   007EC5  20                 	db	32
   994   007EC6  41                 	db	65	;'A'
   995   007EC7  4C                 	db	76	;'L'
   996   007EC8  41                 	db	65	;'A'
   997   007EC9  52                 	db	82	;'R'
   998   007ECA  4D                 	db	77	;'M'
   999   007ECB  41                 	db	65	;'A'
  1000   007ECC  0D                 	db	13
  1001   007ECD  0A                 	db	10
  1002   007ECE  00                 	db	0
  1003   007ECF  46                 	db	70	;'F'
  1004   007ED0  49                 	db	73	;'I'
  1005   007ED1  45                 	db	69	;'E'
  1006   007ED2  42                 	db	66	;'B'
  1007   007ED3  52                 	db	82	;'R'
  1008   007ED4  45                 	db	69	;'E'
  1009   007ED5  20                 	db	32
  1010   007ED6  2D                 	db	45
  1011   007ED7  20                 	db	32
  1012   007ED8  41                 	db	65	;'A'
  1013   007ED9  4C                 	db	76	;'L'
  1014   007EDA  41                 	db	65	;'A'
  1015   007EDB  52                 	db	82	;'R'
  1016   007EDC  4D                 	db	77	;'M'
  1017   007EDD  41                 	db	65	;'A'
  1018   007EDE  0D                 	db	13
  1019   007EDF  0A                 	db	10
  1020   007EE0  00                 	db	0
  1021   007EE1                     STR_13:
  1022   007EE1  4E                 	db	78	;'N'
  1023   007EE2  4F                 	db	79	;'O'
  1024   007EE3  20                 	db	32
  1025   007EE4  52                 	db	82	;'R'
  1026   007EE5  45                 	db	69	;'E'
  1027   007EE6  54                 	db	84	;'T'
  1028   007EE7  49                 	db	73	;'I'
  1029   007EE8  52                 	db	82	;'R'
  1030   007EE9  45                 	db	69	;'E'
  1031   007EEA  20                 	db	32
  1032   007EEB  45                 	db	69	;'E'
  1033   007EEC  4C                 	db	76	;'L'
  1034   007EED  20                 	db	32
  1035   007EEE  44                 	db	68	;'D'
  1036   007EEF  45                 	db	69	;'E'
  1037   007EF0  44                 	db	68	;'D'
  1038   007EF1  4F                 	db	79	;'O'
  1039   007EF2  00                 	db	0
  1040   007EF3  2D                 	db	45
  1041   007EF4  2D                 	db	45
  1042   007EF5  20                 	db	32
  1043   007EF6  52                 	db	82	;'R'
  1044   007EF7  45                 	db	69	;'E'
  1045   007EF8  53                 	db	83	;'S'
  1046   007EF9  55                 	db	85	;'U'
  1047   007EFA  4C                 	db	76	;'L'
  1048   007EFB  54                 	db	84	;'T'
  1049   007EFC  41                 	db	65	;'A'
  1050   007EFD  44                 	db	68	;'D'
  1051   007EFE  4F                 	db	79	;'O'
  1052   007EFF  53                 	db	83	;'S'
  1053   007F00  20                 	db	32
  1054   007F01  2D                 	db	45
  1055   007F02  2D                 	db	45
  1056   007F03  00                 	db	0
  1057   007F04  20                 	db	32
  1058   007F05  20                 	db	32
  1059   007F06  4E                 	db	78	;'N'
  1060   007F07  4F                 	db	79	;'O'
  1061   007F08  52                 	db	82	;'R'
  1062   007F09  4D                 	db	77	;'M'
  1063   007F0A  41                 	db	65	;'A'
  1064   007F0B  4C                 	db	76	;'L'
  1065   007F0C  20                 	db	32
  1066   007F0D  20                 	db	32
  1067   007F0E  20                 	db	32
  1068   007F0F  20                 	db	32
  1069   007F10  20                 	db	32
  1070   007F11  20                 	db	32
  1071   007F12  20                 	db	32
  1072   007F13  00                 	db	0
  1073   007F14  21                 	db	33
  1074   007F15  20                 	db	32
  1075   007F16  42                 	db	66	;'B'
  1076   007F17  52                 	db	82	;'R'
  1077   007F18  41                 	db	65	;'A'
  1078   007F19  44                 	db	68	;'D'
  1079   007F1A  49                 	db	73	;'I'
  1080   007F1B  43                 	db	67	;'C'
  1081   007F1C  41                 	db	65	;'A'
  1082   007F1D  52                 	db	82	;'R'
  1083   007F1E  44                 	db	68	;'D'
  1084   007F1F  49                 	db	73	;'I'
  1085   007F20  41                 	db	65	;'A'
  1086   007F21  20                 	db	32
  1087   007F22  21                 	db	33
  1088   007F23  00                 	db	0
  1089   007F24  21                 	db	33
  1090   007F25  20                 	db	32
  1091   007F26  54                 	db	84	;'T'
  1092   007F27  41                 	db	65	;'A'
  1093   007F28  51                 	db	81	;'Q'
  1094   007F29  55                 	db	85	;'U'
  1095   007F2A  49                 	db	73	;'I'
  1096   007F2B  43                 	db	67	;'C'
  1097   007F2C  41                 	db	65	;'A'
  1098   007F2D  52                 	db	82	;'R'
  1099   007F2E  44                 	db	68	;'D'
  1100   007F2F  49                 	db	73	;'I'
  1101   007F30  41                 	db	65	;'A'
  1102   007F31  20                 	db	32
  1103   007F32  21                 	db	33
  1104   007F33  00                 	db	0
  1105   007F34  43                 	db	67	;'C'
  1106   007F35  4F                 	db	79	;'O'
  1107   007F36  4C                 	db	76	;'L'
  1108   007F37  4F                 	db	79	;'O'
  1109   007F38  51                 	db	81	;'Q'
  1110   007F39  55                 	db	85	;'U'
  1111   007F3A  45                 	db	69	;'E'
  1112   007F3B  20                 	db	32
  1113   007F3C  45                 	db	69	;'E'
  1114   007F3D  4C                 	db	76	;'L'
  1115   007F3E  20                 	db	32
  1116   007F3F  44                 	db	68	;'D'
  1117   007F40  45                 	db	69	;'E'
  1118   007F41  44                 	db	68	;'D'
  1119   007F42  4F                 	db	79	;'O'
  1120   007F43  00                 	db	0
  1121   007F44  20                 	db	32
  1122   007F45  20                 	db	32
  1123   007F46  20                 	db	32
  1124   007F47  4E                 	db	78	;'N'
  1125   007F48  4F                 	db	79	;'O'
  1126   007F49  52                 	db	82	;'R'
  1127   007F4A  4D                 	db	77	;'M'
  1128   007F4B  41                 	db	65	;'A'
  1129   007F4C  4C                 	db	76	;'L'
  1130   007F4D  20                 	db	32
  1131   007F4E  20                 	db	32
  1132   007F4F  20                 	db	32
  1133   007F50  20                 	db	32
  1134   007F51  20                 	db	32
  1135   007F52  00                 	db	0
  1136   007F53  21                 	db	33
  1137   007F54  20                 	db	32
  1138   007F55  20                 	db	32
  1139   007F56  20                 	db	32
  1140   007F57  46                 	db	70	;'F'
  1141   007F58  49                 	db	73	;'I'
  1142   007F59  45                 	db	69	;'E'
  1143   007F5A  42                 	db	66	;'B'
  1144   007F5B  52                 	db	82	;'R'
  1145   007F5C  45                 	db	69	;'E'
  1146   007F5D  20                 	db	32
  1147   007F5E  20                 	db	32
  1148   007F5F  20                 	db	32
  1149   007F60  21                 	db	33
  1150   007F61  00                 	db	0
  1151   007F62  21                 	db	33
  1152   007F63  20                 	db	32
  1153   007F64  48                 	db	72	;'H'
  1154   007F65  49                 	db	73	;'I'
  1155   007F66  50                 	db	80	;'P'
  1156   007F67  4F                 	db	79	;'O'
  1157   007F68  54                 	db	84	;'T'
  1158   007F69  45                 	db	69	;'E'
  1159   007F6A  52                 	db	82	;'R'
  1160   007F6B  4D                 	db	77	;'M'
  1161   007F6C  49                 	db	73	;'I'
  1162   007F6D  41                 	db	65	;'A'
  1163   007F6E  20                 	db	32
  1164   007F6F  21                 	db	33
  1165   007F70  00                 	db	0
  1166   007F71  50                 	db	80	;'P'
  1167   007F72  41                 	db	65	;'A'
  1168   007F73  52                 	db	82	;'R'
  1169   007F74  41                 	db	65	;'A'
  1170   007F75  20                 	db	32
  1171   007F76  43                 	db	67	;'C'
  1172   007F77  4F                 	db	79	;'O'
  1173   007F78  4E                 	db	78	;'N'
  1174   007F79  54                 	db	84	;'T'
  1175   007F7A  49                 	db	73	;'I'
  1176   007F7B  4E                 	db	78	;'N'
  1177   007F7C  55                 	db	85	;'U'
  1178   007F7D  41                 	db	65	;'A'
  1179   007F7E  52                 	db	82	;'R'
  1180   007F7F  00                 	db	0
  1181   007F80  54                 	db	84	;'T'
  1182   007F81  65                 	db	101	;'e'
  1183   007F82  6D                 	db	109	;'m'
  1184   007F83  70                 	db	112	;'p'
  1185   007F84  65                 	db	101	;'e'
  1186   007F85  72                 	db	114	;'r'
  1187   007F86  61                 	db	97	;'a'
  1188   007F87  74                 	db	116	;'t'
  1189   007F88  75                 	db	117	;'u'
  1190   007F89  72                 	db	114	;'r'
  1191   007F8A  61                 	db	97	;'a'
  1192   007F8B  3A                 	db	58	;':'
  1193   007F8C  20                 	db	32
  1194   007F8D  00                 	db	0
  1195   007F8E  4D                 	db	77	;'M'
  1196   007F8F  4F                 	db	79	;'O'
  1197   007F90  4E                 	db	78	;'N'
  1198   007F91  49                 	db	73	;'I'
  1199   007F92  54                 	db	84	;'T'
  1200   007F93  4F                 	db	79	;'O'
  1201   007F94  52                 	db	82	;'R'
  1202   007F95  20                 	db	32
  1203   007F96  56                 	db	86	;'V'
  1204   007F97  49                 	db	73	;'I'
  1205   007F98  54                 	db	84	;'T'
  1206   007F99  41                 	db	65	;'A'
  1207   007F9A  4C                 	db	76	;'L'
  1208   007F9B  00                 	db	0
  1209   007F9C  50                 	db	80	;'P'
  1210   007F9D  75                 	db	117	;'u'
  1211   007F9E  6C                 	db	108	;'l'
  1212   007F9F  73                 	db	115	;'s'
  1213   007FA0  6F                 	db	111	;'o'
  1214   007FA1  20                 	db	32
  1215   007FA2  20                 	db	32
  1216   007FA3  20                 	db	32
  1217   007FA4  20                 	db	32
  1218   007FA5  20                 	db	32
  1219   007FA6  3A                 	db	58	;':'
  1220   007FA7  20                 	db	32
  1221   007FA8  00                 	db	0
  1222   007FA9  53                 	db	83	;'S'
  1223   007FAA  45                 	db	69	;'E'
  1224   007FAB  4E                 	db	78	;'N'
  1225   007FAC  53                 	db	83	;'S'
  1226   007FAD  41                 	db	65	;'A'
  1227   007FAE  4E                 	db	78	;'N'
  1228   007FAF  44                 	db	68	;'D'
  1229   007FB0  4F                 	db	79	;'O'
  1230   007FB1  2E                 	db	46
  1231   007FB2  2E                 	db	46
  1232   007FB3  2E                 	db	46
  1233   007FB4  00                 	db	0
  1234   007FB5  53                 	db	83	;'S'
  1235   007FB6  49                 	db	73	;'I'
  1236   007FB7  53                 	db	83	;'S'
  1237   007FB8  54                 	db	84	;'T'
  1238   007FB9  45                 	db	69	;'E'
  1239   007FBA  4D                 	db	77	;'M'
  1240   007FBB  41                 	db	65	;'A'
  1241   007FBC  2E                 	db	46
  1242   007FBD  2E                 	db	46
  1243   007FBE  2E                 	db	46
  1244   007FBF  00                 	db	0
  1245   007FC0  50                 	db	80	;'P'
  1246   007FC1  52                 	db	82	;'R'
  1247   007FC2  45                 	db	69	;'E'
  1248   007FC3  50                 	db	80	;'P'
  1249   007FC4  41                 	db	65	;'A'
  1250   007FC5  52                 	db	82	;'R'
  1251   007FC6  41                 	db	65	;'A'
  1252   007FC7  4E                 	db	78	;'N'
  1253   007FC8  44                 	db	68	;'D'
  1254   007FC9  4F                 	db	79	;'O'
  1255   007FCA  00                 	db	0
  1256   007FCB                     STR_32:
  1257   007FCB  4E                 	db	78	;'N'
  1258   007FCC  4F                 	db	79	;'O'
  1259   007FCD  52                 	db	82	;'R'
  1260   007FCE  4D                 	db	77	;'M'
  1261   007FCF  41                 	db	65	;'A'
  1262   007FD0  4C                 	db	76	;'L'
  1263   007FD1  0D                 	db	13
  1264   007FD2  0A                 	db	10
  1265   007FD3  00                 	db	0
  1266   007FD4  20                 	db	32
  1267   007FD5  42                 	db	66	;'B'
  1268   007FD6  50                 	db	80	;'P'
  1269   007FD7  4D                 	db	77	;'M'
  1270   007FD8  20                 	db	32
  1271   007FD9  2D                 	db	45
  1272   007FDA  3E                 	db	62	;'>'
  1273   007FDB  20                 	db	32
  1274   007FDC  00                 	db	0
  1275   007FDD  20                 	db	32
  1276   007FDE  43                 	db	67	;'C'
  1277   007FDF  20                 	db	32
  1278   007FE0  20                 	db	32
  1279   007FE1  2D                 	db	45
  1280   007FE2  3E                 	db	62	;'>'
  1281   007FE3  20                 	db	32
  1282   007FE4  00                 	db	0
  1283   007FE5  50                 	db	80	;'P'
  1284   007FE6  55                 	db	85	;'U'
  1285   007FE7  4C                 	db	76	;'L'
  1286   007FE8  53                 	db	83	;'S'
  1287   007FE9  4F                 	db	79	;'O'
  1288   007FEA  3A                 	db	58	;':'
  1289   007FEB  00                 	db	0
  1290   007FEC  54                 	db	84	;'T'
  1291   007FED  45                 	db	69	;'E'
  1292   007FEE  4D                 	db	77	;'M'
  1293   007FEF  50                 	db	80	;'P'
  1294   007FF0  3A                 	db	58	;':'
  1295   007FF1  00                 	db	0
  1296   007FF2  20                 	db	32
  1297   007FF3  42                 	db	66	;'B'
  1298   007FF4  50                 	db	80	;'P'
  1299   007FF5  4D                 	db	77	;'M'
  1300   007FF6  00                 	db	0
  1301   007FF7  20                 	db	32
  1302   007FF8  43                 	db	67	;'C'
  1303   007FF9  00                 	db	0
  1304   007EE4                     STR_38          equ	STR_13+3
  1305   007FCB                     STR_37          equ	STR_32
  1306   007DCB                     STR_7           equ	STR_4+2
  1307   007E88                     STR_26          equ	STR_27+28
  1308   007FFA  00                 	db	0	; dummy byte at the end
  1309   007C20                     __smallconst    set	__pmediumconst
  1310   007C20                     __mediumconst   set	__pmediumconst
  1311   000002                     __activetblptr  equ	2
  1312                           
  1313                           ; #config settings
  1314                           
  1315                           	psect	cinit
  1316   0073A8                     __pcinit:
  1317                           	callstack 0
  1318   0073A8                     start_initialization:
  1319                           	callstack 0
  1320   0073A8                     __initialization:
  1321                           	callstack 0
  1322   0073A8                     end_of_initialization:
  1323                           	callstack 0
  1324   0073A8                     __end_of__initialization:
  1325                           	callstack 0
  1326   0073A8  0E00               	movlw	low (__Lmediumconst shr (0+16))
  1327   0073AA  6EF8               	movwf	tblptru,c
  1328   0073AC  0100               	movlb	0
  1329   0073AE  EFE4  F03A         	goto	_main	;jump to C main() function
  1330                           
  1331                           	psect	cstackCOMRAM
  1332   000001                     __pcstackCOMRAM:
  1333                           	callstack 0
  1334   000001                     ?___lwdiv:
  1335                           	callstack 0
  1336   000001                     ?___lwmod:
  1337                           	callstack 0
  1338   000001                     ?___llmod:
  1339                           	callstack 0
  1340   000001                     ?___lldiv:
  1341                           	callstack 0
  1342   000001                     I2C_Write@d:
  1343                           	callstack 0
  1344   000001                     DS18B20_WriteByte@dato:
  1345                           	callstack 0
  1346   000001                     UART_EnviarByte@dato:
  1347                           	callstack 0
  1348   000001                     ___lwdiv@dividend:
  1349                           	callstack 0
  1350   000001                     ___lwmod@dividend:
  1351                           	callstack 0
  1352   000001                     ___lldiv@dividend:
  1353                           	callstack 0
  1354   000001                     ___llmod@dividend:
  1355                           	callstack 0
  1356   000001                     ??_I2C_Read:
  1357   000001                     ??_DS18B20_ReadByte:
  1358   000001                     ??_UART_Init:
  1359   000001                     
  1360                           ; 1 bytes @ 0x0
  1361   000001                     	ds	1
  1362   000002                     I2C_Read@ack:
  1363                           	callstack 0
  1364   000002                     MAX30102_WriteReg@val:
  1365                           	callstack 0
  1366   000002                     DS18B20_WriteByte@i:
  1367                           	callstack 0
  1368   000002                     OLED_Cmd@c:
  1369                           	callstack 0
  1370   000002                     OLED_Data@d:
  1371                           	callstack 0
  1372   000002                     UART_EnviarTexto@t:
  1373                           	callstack 0
  1374   000002                     
  1375                           ; 1 bytes @ 0x1
  1376   000002                     	ds	1
  1377   000003                     I2C_Read@t:
  1378                           	callstack 0
  1379   000003                     MAX30102_WriteReg@reg:
  1380                           	callstack 0
  1381   000003                     DS18B20_ReadByte@dato:
  1382                           	callstack 0
  1383   000003                     OLED_SetCursor@c:
  1384                           	callstack 0
  1385   000003                     ___lwdiv@divisor:
  1386                           	callstack 0
  1387   000003                     ___lwmod@divisor:
  1388                           	callstack 0
  1389   000003                     ??_OLED_Char:
  1390                           
  1391                           ; 1 bytes @ 0x2
  1392   000003                     	ds	1
  1393   000004                     ?_MAX30102_GetRawData:
  1394                           	callstack 0
  1395   000004                     DS18B20_ReadByte@i:
  1396                           	callstack 0
  1397   000004                     OLED_SetCursor@p:
  1398                           	callstack 0
  1399   000004                     ??_MAX30102_Init:
  1400   000004                     
  1401                           ; 1 bytes @ 0x3
  1402   000004                     	ds	1
  1403   000005                     ?_DS18B20_ReadTemp:
  1404                           	callstack 0
  1405   000005                     ___lwmod@counter:
  1406                           	callstack 0
  1407   000005                     OLED_Clear@j:
  1408                           	callstack 0
  1409   000005                     ___lwdiv@quotient:
  1410                           	callstack 0
  1411   000005                     ___lldiv@divisor:
  1412                           	callstack 0
  1413   000005                     ___llmod@divisor:
  1414                           	callstack 0
  1415   000005                     
  1416                           ; 1 bytes @ 0x4
  1417   000005                     	ds	2
  1418   000007                     OLED_Char@c:
  1419                           	callstack 0
  1420   000007                     OLED_Clear@i:
  1421                           	callstack 0
  1422   000007                     ___lwdiv@counter:
  1423                           	callstack 0
  1424   000007                     ??_DS18B20_ReadTemp:
  1425                           
  1426                           ; 1 bytes @ 0x6
  1427   000007                     	ds	1
  1428   000008                     OLED_Char@i:
  1429                           	callstack 0
  1430   000008                     UART_EnviarNumero@n:
  1431                           	callstack 0
  1432   000008                     ??_MAX30102_GetRawData:
  1433   000008                     ??_OLED_Init:
  1434                           
  1435                           ; 1 bytes @ 0x7
  1436   000008                     	ds	1
  1437   000009                     ___llmod@counter:
  1438                           	callstack 0
  1439   000009                     OLED_Str@s:
  1440                           	callstack 0
  1441   000009                     OLED_Num@n:
  1442                           	callstack 0
  1443   000009                     ___lldiv@quotient:
  1444                           	callstack 0
  1445   000009                     
  1446                           ; 1 bytes @ 0x8
  1447   000009                     	ds	1
  1448   00000A                     DS18B20_ReadTemp@bajo:
  1449                           	callstack 0
  1450   00000A                     UART_EnviarNumero@b:
  1451                           	callstack 0
  1452   00000A                     
  1453                           ; 1 bytes @ 0x9
  1454   00000A                     	ds	1
  1455   00000B                     DS18B20_ReadTemp@alto:
  1456                           	callstack 0
  1457   00000B                     OLED_Num@b:
  1458                           	callstack 0
  1459   00000B                     
  1460                           ; 1 bytes @ 0xA
  1461   00000B                     	ds	2
  1462   00000D                     ___lldiv@counter:
  1463                           	callstack 0
  1464                           
  1465                           ; 1 bytes @ 0xC
  1466   00000D                     	ds	3
  1467   000010                     UART_EnviarNumero@i:
  1468                           	callstack 0
  1469                           
  1470                           ; 2 bytes @ 0xF
  1471   000010                     	ds	1
  1472   000011                     OLED_Num@i:
  1473                           	callstack 0
  1474                           
  1475                           ; 2 bytes @ 0x10
  1476   000011                     	ds	7
  1477   000018                     MAX30102_GetRawData@m:
  1478                           	callstack 0
  1479                           
  1480                           ; 1 bytes @ 0x17
  1481   000018                     	ds	1
  1482   000019                     MAX30102_GetRawData@h:
  1483                           	callstack 0
  1484                           
  1485                           ; 1 bytes @ 0x18
  1486   000019                     	ds	1
  1487   00001A                     MAX30102_GetRawData@l:
  1488                           	callstack 0
  1489                           
  1490                           ; 1 bytes @ 0x19
  1491   00001A                     	ds	1
  1492   00001B                     main@suma_raw:
  1493                           	callstack 0
  1494   00001B                     
  1495                           ; 1 bytes @ 0x1A
  1496   00001B                     	ds	4
  1497   00001F                     main@temp:
  1498                           	callstack 0
  1499                           
  1500                           ; 2 bytes @ 0x1E
  1501   00001F                     	ds	2
  1502   000021                     main@pulso:
  1503                           	callstack 0
  1504                           
  1505                           ; 2 bytes @ 0x20
  1506   000021                     	ds	2
  1507                           
  1508 ;;
  1509 ;;Main: autosize = 0, tempsize = 0, incstack = 0, save=0
  1510 ;;
  1511 ;; *************** function _main *****************
  1512 ;; Defined at:
  1513 ;;		line 372 in file "main.c"
  1514 ;; Parameters:    Size  Location     Type
  1515 ;;		None
  1516 ;; Auto vars:     Size  Location     Type
  1517 ;;  raw             4    0        unsigned long 
  1518 ;;  suma_raw        4   26[COMRAM] unsigned long 
  1519 ;;  pulso           2   32[COMRAM] unsigned int 
  1520 ;;  temp            2   30[COMRAM] unsigned int 
  1521 ;;  i               1    0        unsigned char 
  1522 ;;  alarma          1    0        unsigned char 
  1523 ;; Return value:  Size  Location     Type
  1524 ;;                  1    wreg      void 
  1525 ;; Registers used:
  1526 ;;		wreg, status,2, cstack
  1527 ;; Tracked objects:
  1528 ;;		On entry : 0/0
  1529 ;;		On exit  : 0/0
  1530 ;;		Unchanged: 0/0
  1531 ;; Data sizes:     COMRAM   BANK0   BANK1   BANK2   BANK3   BANK4   BANK5   BANK6   BANK7
  1532 ;;      Params:         0       0       0       0       0       0       0       0       0
  1533 ;;      Locals:         8       0       0       0       0       0       0       0       0
  1534 ;;      Temps:          0       0       0       0       0       0       0       0       0
  1535 ;;      Totals:         8       0       0       0       0       0       0       0       0
  1536 ;;Total ram usage:        8 bytes
  1537 ;; Hardware stack levels required when called: 4
  1538 ;; This function calls:
  1539 ;;		_DS18B20_ReadTemp
  1540 ;;		_I2C_Init
  1541 ;;		_MAX30102_GetRawData
  1542 ;;		_MAX30102_Init
  1543 ;;		_OLED_Clear
  1544 ;;		_OLED_Init
  1545 ;;		_OLED_Num
  1546 ;;		_OLED_SetCursor
  1547 ;;		_OLED_Str
  1548 ;;		_UART_EnviarNumero
  1549 ;;		_UART_EnviarSeparador
  1550 ;;		_UART_EnviarTexto
  1551 ;;		_UART_Init
  1552 ;;		___lldiv
  1553 ;;		___llmod
  1554 ;; This function is called by:
  1555 ;;		Startup code after reset
  1556 ;; This function uses a non-reentrant model
  1557 ;;
  1558                           
  1559                           	psect	text0
  1560   0075C8                     __ptext0:
  1561                           	callstack 0
  1562   0075C8                     _main:
  1563                           	callstack 27
  1564   0075C8                     
  1565                           ;main.c: 374:     unsigned long suma_raw = 0;
  1566   0075C8  0E00               	movlw	0
  1567   0075CA  6E1B               	movwf	main@suma_raw^0,c
  1568   0075CC  0E00               	movlw	0
  1569   0075CE  6E1C               	movwf	(main@suma_raw+1)^0,c
  1570   0075D0  0E00               	movlw	0
  1571   0075D2  6E1D               	movwf	(main@suma_raw+2)^0,c
  1572   0075D4  0E00               	movlw	0
  1573   0075D6  6E1E               	movwf	(main@suma_raw+3)^0,c
  1574                           
  1575                           ;main.c: 375:     unsigned int pulso = 0;
  1576   0075D8  6A22               	clrf	(main@pulso+1)^0,c
  1577   0075DA  0E00               	movlw	0
  1578   0075DC  6E21               	movwf	main@pulso^0,c
  1579                           
  1580                           ;main.c: 376:     unsigned int temp = 0;
  1581   0075DE  6A20               	clrf	(main@temp+1)^0,c
  1582   0075E0  0E00               	movlw	0
  1583   0075E2  6E1F               	movwf	main@temp^0,c
  1584   0075E4                     
  1585                           ;main.c: 378:     unsigned char i;;main.c: 380:     OSCCON = 0x72;
  1586   0075E4  0E72               	movlw	114
  1587   0075E6  6ED3               	movwf	211,c	;volatile
  1588   0075E8                     
  1589                           ;main.c: 383:     TRISDbits.TRISD0 = 0;
  1590   0075E8  9095               	bcf	149,0,c	;volatile
  1591   0075EA                     
  1592                           ;main.c: 384:     TRISDbits.TRISD1 = 0;
  1593   0075EA  9295               	bcf	149,1,c	;volatile
  1594   0075EC                     
  1595                           ;main.c: 385:     TRISDbits.TRISD2 = 0;
  1596   0075EC  9495               	bcf	149,2,c	;volatile
  1597   0075EE                     
  1598                           ;main.c: 386:     TRISDbits.TRISD3 = 0;
  1599   0075EE  9695               	bcf	149,3,c	;volatile
  1600   0075F0                     
  1601                           ;main.c: 387:     TRISDbits.TRISD4 = 0;
  1602   0075F0  9895               	bcf	149,4,c	;volatile
  1603   0075F2                     
  1604                           ;main.c: 388:     LATD = 0x00;
  1605   0075F2  6A8C               	clrf	140,c	;volatile
  1606   0075F4                     
  1607                           ;main.c: 390:     I2C_Init();
  1608   0075F4  ECE0  F039         	call	_I2C_Init	;wreg free
  1609   0075F8                     
  1610                           ;main.c: 391:     UART_Init();
  1611   0075F8  EC51  F03A         	call	_UART_Init	;wreg free
  1612   0075FC                     
  1613                           ;main.c: 394:     LATDbits.LATD0 = 1;
  1614   0075FC  808C               	bsf	140,0,c	;volatile
  1615   0075FE                     l1871:
  1616                           
  1617                           ;main.c: 396:         LATDbits.LATD4 = 1;
  1618   0075FE  888C               	bsf	140,4,c	;volatile
  1619   007600  EFFF  F03A         	goto	l1871
  1620   007604  EFFE  F03F         	goto	start
  1621   007608                     __end_of_main:
  1622                           	callstack 0
  1623                           
  1624 ;; *************** function ___llmod *****************
  1625 ;; Defined at:
  1626 ;;		line 7 in file "C:\Program Files\Microchip\xc8\v3.10\pic\sources\c99\common\llmod.c"
  1627 ;; Parameters:    Size  Location     Type
  1628 ;;  dividend        4    0[COMRAM] unsigned long 
  1629 ;;  divisor         4    4[COMRAM] unsigned long 
  1630 ;; Auto vars:     Size  Location     Type
  1631 ;;  counter         1    8[COMRAM] unsigned char 
  1632 ;; Return value:  Size  Location     Type
  1633 ;;                  4    0[COMRAM] unsigned long 
  1634 ;; Registers used:
  1635 ;;		wreg, status,2, status,0
  1636 ;; Tracked objects:
  1637 ;;		On entry : 0/0
  1638 ;;		On exit  : 0/0
  1639 ;;		Unchanged: 0/0
  1640 ;; Data sizes:     COMRAM   BANK0   BANK1   BANK2   BANK3   BANK4   BANK5   BANK6   BANK7
  1641 ;;      Params:         8       0       0       0       0       0       0       0       0
  1642 ;;      Locals:         1       0       0       0       0       0       0       0       0
  1643 ;;      Temps:          0       0       0       0       0       0       0       0       0
  1644 ;;      Totals:         9       0       0       0       0       0       0       0       0
  1645 ;;Total ram usage:        9 bytes
  1646 ;; Hardware stack levels used: 1
  1647 ;; This function calls:
  1648 ;;		Nothing
  1649 ;; This function is called by:
  1650 ;;		_main
  1651 ;; This function uses a non-reentrant model
  1652 ;;
  1653                           
  1654                           	psect	text1
  1655   007908                     __ptext1:
  1656                           	callstack 0
  1657   007908                     ___llmod:
  1658                           	callstack 30
  1659   007908  5005               	movf	___llmod@divisor^0,w,c
  1660   00790A  1006               	iorwf	(___llmod@divisor+1)^0,w,c
  1661   00790C  1007               	iorwf	(___llmod@divisor+2)^0,w,c
  1662   00790E  1008               	iorwf	(___llmod@divisor+3)^0,w,c
  1663   007910  B4D8               	btfsc	status,2,c
  1664   007912  EF8D  F03C         	goto	u611
  1665   007916  EF8F  F03C         	goto	u610
  1666   00791A                     u611:
  1667   00791A  EFBF  F03C         	goto	l752
  1668   00791E                     u610:
  1669   00791E  0E01               	movlw	1
  1670   007920  6E09               	movwf	___llmod@counter^0,c
  1671   007922  EF99  F03C         	goto	l1839
  1672   007926                     l1837:
  1673   007926  90D8               	bcf	status,0,c
  1674   007928  3605               	rlcf	___llmod@divisor^0,f,c
  1675   00792A  3606               	rlcf	(___llmod@divisor+1)^0,f,c
  1676   00792C  3607               	rlcf	(___llmod@divisor+2)^0,f,c
  1677   00792E  3608               	rlcf	(___llmod@divisor+3)^0,f,c
  1678   007930  2A09               	incf	___llmod@counter^0,f,c
  1679   007932                     l1839:
  1680   007932  AE08               	btfss	(___llmod@divisor+3)^0,7,c
  1681   007934  EF9E  F03C         	goto	u621
  1682   007938  EFA0  F03C         	goto	u620
  1683   00793C                     u621:
  1684   00793C  EF93  F03C         	goto	l1837
  1685   007940                     u620:
  1686   007940                     l1841:
  1687   007940  5005               	movf	___llmod@divisor^0,w,c
  1688   007942  5C01               	subwf	___llmod@dividend^0,w,c
  1689   007944  5006               	movf	(___llmod@divisor+1)^0,w,c
  1690   007946  5802               	subwfb	(___llmod@dividend+1)^0,w,c
  1691   007948  5007               	movf	(___llmod@divisor+2)^0,w,c
  1692   00794A  5803               	subwfb	(___llmod@dividend+2)^0,w,c
  1693   00794C  5008               	movf	(___llmod@divisor+3)^0,w,c
  1694   00794E  5804               	subwfb	(___llmod@dividend+3)^0,w,c
  1695   007950  A0D8               	btfss	status,0,c
  1696   007952  EFAD  F03C         	goto	u631
  1697   007956  EFAF  F03C         	goto	u630
  1698   00795A                     u631:
  1699   00795A  EFB7  F03C         	goto	l1845
  1700   00795E                     u630:
  1701   00795E  5005               	movf	___llmod@divisor^0,w,c
  1702   007960  5E01               	subwf	___llmod@dividend^0,f,c
  1703   007962  5006               	movf	(___llmod@divisor+1)^0,w,c
  1704   007964  5A02               	subwfb	(___llmod@dividend+1)^0,f,c
  1705   007966  5007               	movf	(___llmod@divisor+2)^0,w,c
  1706   007968  5A03               	subwfb	(___llmod@dividend+2)^0,f,c
  1707   00796A  5008               	movf	(___llmod@divisor+3)^0,w,c
  1708   00796C  5A04               	subwfb	(___llmod@dividend+3)^0,f,c
  1709   00796E                     l1845:
  1710   00796E  90D8               	bcf	status,0,c
  1711   007970  3208               	rrcf	(___llmod@divisor+3)^0,f,c
  1712   007972  3207               	rrcf	(___llmod@divisor+2)^0,f,c
  1713   007974  3206               	rrcf	(___llmod@divisor+1)^0,f,c
  1714   007976  3205               	rrcf	___llmod@divisor^0,f,c
  1715   007978  2E09               	decfsz	___llmod@counter^0,f,c
  1716   00797A  EFA0  F03C         	goto	l1841
  1717   00797E                     l752:
  1718   00797E  C001  F001         	movff	___llmod@dividend,?___llmod
  1719   007982  C002  F002         	movff	___llmod@dividend+1,?___llmod+1
  1720   007986  C003  F003         	movff	___llmod@dividend+2,?___llmod+2
  1721   00798A  C004  F004         	movff	___llmod@dividend+3,?___llmod+3
  1722   00798E  0012               	return		;funcret
  1723   007990                     __end_of___llmod:
  1724                           	callstack 0
  1725                           
  1726 ;; *************** function ___lldiv *****************
  1727 ;; Defined at:
  1728 ;;		line 7 in file "C:\Program Files\Microchip\xc8\v3.10\pic\sources\c99\common\__lldiv.c"
  1729 ;; Parameters:    Size  Location     Type
  1730 ;;  dividend        4    0[COMRAM] unsigned long 
  1731 ;;  divisor         4    4[COMRAM] unsigned long 
  1732 ;; Auto vars:     Size  Location     Type
  1733 ;;  quotient        4    8[COMRAM] unsigned long 
  1734 ;;  counter         1   12[COMRAM] unsigned char 
  1735 ;; Return value:  Size  Location     Type
  1736 ;;                  4    0[COMRAM] unsigned long 
  1737 ;; Registers used:
  1738 ;;		wreg, status,2, status,0
  1739 ;; Tracked objects:
  1740 ;;		On entry : 0/0
  1741 ;;		On exit  : 0/0
  1742 ;;		Unchanged: 0/0
  1743 ;; Data sizes:     COMRAM   BANK0   BANK1   BANK2   BANK3   BANK4   BANK5   BANK6   BANK7
  1744 ;;      Params:         8       0       0       0       0       0       0       0       0
  1745 ;;      Locals:         5       0       0       0       0       0       0       0       0
  1746 ;;      Temps:          0       0       0       0       0       0       0       0       0
  1747 ;;      Totals:        13       0       0       0       0       0       0       0       0
  1748 ;;Total ram usage:       13 bytes
  1749 ;; Hardware stack levels used: 1
  1750 ;; This function calls:
  1751 ;;		Nothing
  1752 ;; This function is called by:
  1753 ;;		_main
  1754 ;; This function uses a non-reentrant model
  1755 ;;
  1756                           
  1757                           	psect	text2
  1758   007AD0                     __ptext2:
  1759                           	callstack 0
  1760   007AD0                     ___lldiv:
  1761                           	callstack 30
  1762   007AD0  0E00               	movlw	0
  1763   007AD2  6E09               	movwf	___lldiv@quotient^0,c
  1764   007AD4  0E00               	movlw	0
  1765   007AD6  6E0A               	movwf	(___lldiv@quotient+1)^0,c
  1766   007AD8  0E00               	movlw	0
  1767   007ADA  6E0B               	movwf	(___lldiv@quotient+2)^0,c
  1768   007ADC  0E00               	movlw	0
  1769   007ADE  6E0C               	movwf	(___lldiv@quotient+3)^0,c
  1770   007AE0  5005               	movf	___lldiv@divisor^0,w,c
  1771   007AE2  1006               	iorwf	(___lldiv@divisor+1)^0,w,c
  1772   007AE4  1007               	iorwf	(___lldiv@divisor+2)^0,w,c
  1773   007AE6  1008               	iorwf	(___lldiv@divisor+3)^0,w,c
  1774   007AE8  B4D8               	btfsc	status,2,c
  1775   007AEA  EF79  F03D         	goto	u581
  1776   007AEE  EF7B  F03D         	goto	u580
  1777   007AF2                     u581:
  1778   007AF2  EFB1  F03D         	goto	l249
  1779   007AF6                     u580:
  1780   007AF6  0E01               	movlw	1
  1781   007AF8  6E0D               	movwf	___lldiv@counter^0,c
  1782   007AFA  EF85  F03D         	goto	l1819
  1783   007AFE                     l1817:
  1784   007AFE  90D8               	bcf	status,0,c
  1785   007B00  3605               	rlcf	___lldiv@divisor^0,f,c
  1786   007B02  3606               	rlcf	(___lldiv@divisor+1)^0,f,c
  1787   007B04  3607               	rlcf	(___lldiv@divisor+2)^0,f,c
  1788   007B06  3608               	rlcf	(___lldiv@divisor+3)^0,f,c
  1789   007B08  2A0D               	incf	___lldiv@counter^0,f,c
  1790   007B0A                     l1819:
  1791   007B0A  AE08               	btfss	(___lldiv@divisor+3)^0,7,c
  1792   007B0C  EF8A  F03D         	goto	u591
  1793   007B10  EF8C  F03D         	goto	u590
  1794   007B14                     u591:
  1795   007B14  EF7F  F03D         	goto	l1817
  1796   007B18                     u590:
  1797   007B18                     l1821:
  1798   007B18  90D8               	bcf	status,0,c
  1799   007B1A  3609               	rlcf	___lldiv@quotient^0,f,c
  1800   007B1C  360A               	rlcf	(___lldiv@quotient+1)^0,f,c
  1801   007B1E  360B               	rlcf	(___lldiv@quotient+2)^0,f,c
  1802   007B20  360C               	rlcf	(___lldiv@quotient+3)^0,f,c
  1803   007B22  5005               	movf	___lldiv@divisor^0,w,c
  1804   007B24  5C01               	subwf	___lldiv@dividend^0,w,c
  1805   007B26  5006               	movf	(___lldiv@divisor+1)^0,w,c
  1806   007B28  5802               	subwfb	(___lldiv@dividend+1)^0,w,c
  1807   007B2A  5007               	movf	(___lldiv@divisor+2)^0,w,c
  1808   007B2C  5803               	subwfb	(___lldiv@dividend+2)^0,w,c
  1809   007B2E  5008               	movf	(___lldiv@divisor+3)^0,w,c
  1810   007B30  5804               	subwfb	(___lldiv@dividend+3)^0,w,c
  1811   007B32  A0D8               	btfss	status,0,c
  1812   007B34  EF9E  F03D         	goto	u601
  1813   007B38  EFA0  F03D         	goto	u600
  1814   007B3C                     u601:
  1815   007B3C  EFA9  F03D         	goto	l1829
  1816   007B40                     u600:
  1817   007B40  5005               	movf	___lldiv@divisor^0,w,c
  1818   007B42  5E01               	subwf	___lldiv@dividend^0,f,c
  1819   007B44  5006               	movf	(___lldiv@divisor+1)^0,w,c
  1820   007B46  5A02               	subwfb	(___lldiv@dividend+1)^0,f,c
  1821   007B48  5007               	movf	(___lldiv@divisor+2)^0,w,c
  1822   007B4A  5A03               	subwfb	(___lldiv@dividend+2)^0,f,c
  1823   007B4C  5008               	movf	(___lldiv@divisor+3)^0,w,c
  1824   007B4E  5A04               	subwfb	(___lldiv@dividend+3)^0,f,c
  1825   007B50  8009               	bsf	___lldiv@quotient^0,0,c
  1826   007B52                     l1829:
  1827   007B52  90D8               	bcf	status,0,c
  1828   007B54  3208               	rrcf	(___lldiv@divisor+3)^0,f,c
  1829   007B56  3207               	rrcf	(___lldiv@divisor+2)^0,f,c
  1830   007B58  3206               	rrcf	(___lldiv@divisor+1)^0,f,c
  1831   007B5A  3205               	rrcf	___lldiv@divisor^0,f,c
  1832   007B5C  2E0D               	decfsz	___lldiv@counter^0,f,c
  1833   007B5E  EF8C  F03D         	goto	l1821
  1834   007B62                     l249:
  1835   007B62  C009  F001         	movff	___lldiv@quotient,?___lldiv
  1836   007B66  C00A  F002         	movff	___lldiv@quotient+1,?___lldiv+1
  1837   007B6A  C00B  F003         	movff	___lldiv@quotient+2,?___lldiv+2
  1838   007B6E  C00C  F004         	movff	___lldiv@quotient+3,?___lldiv+3
  1839   007B72  0012               	return		;funcret
  1840   007B74                     __end_of___lldiv:
  1841                           	callstack 0
  1842                           
  1843 ;; *************** function _UART_Init *****************
  1844 ;; Defined at:
  1845 ;;		line 328 in file "main.c"
  1846 ;; Parameters:    Size  Location     Type
  1847 ;;		None
  1848 ;; Auto vars:     Size  Location     Type
  1849 ;;		None
  1850 ;; Return value:  Size  Location     Type
  1851 ;;                  1    wreg      void 
  1852 ;; Registers used:
  1853 ;;		wreg, status,2
  1854 ;; Tracked objects:
  1855 ;;		On entry : 0/0
  1856 ;;		On exit  : 0/0
  1857 ;;		Unchanged: 0/0
  1858 ;; Data sizes:     COMRAM   BANK0   BANK1   BANK2   BANK3   BANK4   BANK5   BANK6   BANK7
  1859 ;;      Params:         0       0       0       0       0       0       0       0       0
  1860 ;;      Locals:         0       0       0       0       0       0       0       0       0
  1861 ;;      Temps:          1       0       0       0       0       0       0       0       0
  1862 ;;      Totals:         1       0       0       0       0       0       0       0       0
  1863 ;;Total ram usage:        1 bytes
  1864 ;; Hardware stack levels used: 1
  1865 ;; This function calls:
  1866 ;;		Nothing
  1867 ;; This function is called by:
  1868 ;;		_main
  1869 ;; This function uses a non-reentrant model
  1870 ;;
  1871                           
  1872                           	psect	text3
  1873   0074A2                     __ptext3:
  1874                           	callstack 0
  1875   0074A2                     _UART_Init:
  1876                           	callstack 30
  1877   0074A2                     
  1878                           ;main.c: 329:     TRISCbits.TRISC6 = 0;
  1879   0074A2  9C94               	bcf	148,6,c	;volatile
  1880                           
  1881                           ;main.c: 330:     TRISCbits.TRISC7 = 1;
  1882   0074A4  8E94               	bsf	148,7,c	;volatile
  1883   0074A6                     
  1884                           ;main.c: 331:     SPBRG = 51;
  1885   0074A6  0E33               	movlw	51
  1886   0074A8  6EAF               	movwf	175,c	;volatile
  1887                           
  1888                           ;main.c: 332:     TXSTA = 0x24;
  1889   0074AA  0E24               	movlw	36
  1890   0074AC  6EAC               	movwf	172,c	;volatile
  1891                           
  1892                           ;main.c: 333:     RCSTA = 0x90;
  1893   0074AE  0E90               	movlw	144
  1894   0074B0  6EAB               	movwf	171,c	;volatile
  1895   0074B2                     
  1896                           ;main.c: 334:     _delay((unsigned long)((10)*(8000000/4000.0)));
  1897   0074B2  0E1A               	movlw	26
  1898   0074B4  6E01               	movwf	??_UART_Init^0,c
  1899   0074B6  0EF8               	movlw	248
  1900   0074B8                     u647:
  1901   0074B8  2EE8               	decfsz	wreg,f,c
  1902   0074BA  D7FE               	bra	u647
  1903   0074BC  2E01               	decfsz	??_UART_Init^0,f,c
  1904   0074BE  D7FC               	bra	u647
  1905   0074C0  D000               	nop2	
  1906   0074C2  0012               	return		;funcret
  1907   0074C4                     __end_of_UART_Init:
  1908                           	callstack 0
  1909                           
  1910 ;; *************** function _UART_EnviarSeparador *****************
  1911 ;; Defined at:
  1912 ;;		line 353 in file "main.c"
  1913 ;; Parameters:    Size  Location     Type
  1914 ;;		None
  1915 ;; Auto vars:     Size  Location     Type
  1916 ;;		None
  1917 ;; Return value:  Size  Location     Type
  1918 ;;                  1    wreg      void 
  1919 ;; Registers used:
  1920 ;;		wreg, status,2, status,0, tblptrl, tblptrh, tblptru, cstack
  1921 ;; Tracked objects:
  1922 ;;		On entry : 0/0
  1923 ;;		On exit  : 0/0
  1924 ;;		Unchanged: 0/0
  1925 ;; Data sizes:     COMRAM   BANK0   BANK1   BANK2   BANK3   BANK4   BANK5   BANK6   BANK7
  1926 ;;      Params:         0       0       0       0       0       0       0       0       0
  1927 ;;      Locals:         0       0       0       0       0       0       0       0       0
  1928 ;;      Temps:          0       0       0       0       0       0       0       0       0
  1929 ;;      Totals:         0       0       0       0       0       0       0       0       0
  1930 ;;Total ram usage:        0 bytes
  1931 ;; Hardware stack levels used: 1
  1932 ;; Hardware stack levels required when called: 2
  1933 ;; This function calls:
  1934 ;;		_UART_EnviarTexto
  1935 ;; This function is called by:
  1936 ;;		_main
  1937 ;; This function uses a non-reentrant model
  1938 ;;
  1939                           
  1940                           	psect	text4
  1941   0073B2                     __ptext4:
  1942                           	callstack 0
  1943   0073B2                     _UART_EnviarSeparador:
  1944                           	callstack 28
  1945   0073B2                     
  1946                           ;main.c: 354:     UART_EnviarTexto("------------------------------\r\n");
  1947   0073B2  0EEB               	movlw	low STR_1
  1948   0073B4  6E02               	movwf	UART_EnviarTexto@t^0,c
  1949   0073B6  0E7D               	movlw	high STR_1
  1950   0073B8  6E03               	movwf	(UART_EnviarTexto@t+1)^0,c
  1951   0073BA  ECAB  F03A         	call	_UART_EnviarTexto	;wreg free
  1952   0073BE  0012               	return		;funcret
  1953   0073C0                     __end_of_UART_EnviarSeparador:
  1954                           	callstack 0
  1955                           
  1956 ;; *************** function _UART_EnviarTexto *****************
  1957 ;; Defined at:
  1958 ;;		line 342 in file "main.c"
  1959 ;; Parameters:    Size  Location     Type
  1960 ;;  t               2    1[COMRAM] PTR const unsigned char 
  1961 ;;		 -> STR_40(48), STR_37(9), STR_36(18), STR_35(22), 
  1962 ;;		 -> STR_34(8), STR_33(14), STR_32(9), STR_31(23), 
  1963 ;;		 -> STR_30(23), STR_29(9), STR_28(13), STR_27(31), 
  1964 ;;		 -> STR_26(3), STR_14(38), STR_11(43), STR_8(32), 
  1965 ;;		 -> STR_7(32), STR_6(32), STR_5(32), STR_4(34), 
  1966 ;;		 -> STR_1(33), 
  1967 ;; Auto vars:     Size  Location     Type
  1968 ;;		None
  1969 ;; Return value:  Size  Location     Type
  1970 ;;                  1    wreg      void 
  1971 ;; Registers used:
  1972 ;;		wreg, status,2, status,0, tblptrl, tblptrh, tblptru, cstack
  1973 ;; Tracked objects:
  1974 ;;		On entry : 0/0
  1975 ;;		On exit  : 0/0
  1976 ;;		Unchanged: 0/0
  1977 ;; Data sizes:     COMRAM   BANK0   BANK1   BANK2   BANK3   BANK4   BANK5   BANK6   BANK7
  1978 ;;      Params:         2       0       0       0       0       0       0       0       0
  1979 ;;      Locals:         0       0       0       0       0       0       0       0       0
  1980 ;;      Temps:          0       0       0       0       0       0       0       0       0
  1981 ;;      Totals:         2       0       0       0       0       0       0       0       0
  1982 ;;Total ram usage:        2 bytes
  1983 ;; Hardware stack levels used: 1
  1984 ;; This function calls:
  1985 ;;		_UART_EnviarByte
  1986 ;; This function is called by:
  1987 ;;		_UART_EnviarSeparador
  1988 ;;		_main
  1989 ;; This function uses a non-reentrant model
  1990 ;;
  1991                           
  1992                           	psect	text5
  1993   007556                     __ptext5:
  1994                           	callstack 0
  1995   007556                     _UART_EnviarTexto:
  1996                           	callstack 29
  1997   007556                     
  1998                           ;main.c: 343:     while(*t) { UART_EnviarByte(*t); t++; }
  1999   007556  EFB7  F03A         	goto	l1655
  2000   00755A                     l1651:
  2001   00755A  C002  FFF6         	movff	UART_EnviarTexto@t,tblptrl
  2002   00755E  C003  FFF7         	movff	UART_EnviarTexto@t+1,tblptrh
  2003   007562                     	if	0	;tblptru may be non-zero
  2004   007562                     	endif
  2005   007562                     	if	0	;tblptru may be non-zero
  2006   007562                     	endif
  2007   007562  0008               	tblrd		*
  2008   007564  50F5               	movf	tablat,w,c
  2009   007566  ECFB  F039         	call	_UART_EnviarByte
  2010   00756A  4A02               	infsnz	UART_EnviarTexto@t^0,f,c
  2011   00756C  2A03               	incf	(UART_EnviarTexto@t+1)^0,f,c
  2012   00756E                     l1655:
  2013   00756E  C002  FFF6         	movff	UART_EnviarTexto@t,tblptrl
  2014   007572  C003  FFF7         	movff	UART_EnviarTexto@t+1,tblptrh
  2015   007576                     	if	0	;tblptru may be non-zero
  2016   007576                     	endif
  2017   007576                     	if	0	;tblptru may be non-zero
  2018   007576                     	endif
  2019   007576  0008               	tblrd		*
  2020   007578  50F5               	movf	tablat,w,c
  2021   00757A  0900               	iorlw	0
  2022   00757C  A4D8               	btfss	status,2,c
  2023   00757E  EFC3  F03A         	goto	u431
  2024   007582  EFC5  F03A         	goto	u430
  2025   007586                     u431:
  2026   007586  EFAD  F03A         	goto	l1651
  2027   00758A                     u430:
  2028   00758A  0012               	return		;funcret
  2029   00758C                     __end_of_UART_EnviarTexto:
  2030                           	callstack 0
  2031                           
  2032 ;; *************** function _UART_EnviarNumero *****************
  2033 ;; Defined at:
  2034 ;;		line 346 in file "main.c"
  2035 ;; Parameters:    Size  Location     Type
  2036 ;;  n               2    7[COMRAM] unsigned int 
  2037 ;; Auto vars:     Size  Location     Type
  2038 ;;  b               6    9[COMRAM] unsigned char [6]
  2039 ;;  i               2   15[COMRAM] int 
  2040 ;; Return value:  Size  Location     Type
  2041 ;;                  1    wreg      void 
  2042 ;; Registers used:
  2043 ;;		wreg, fsr2l, fsr2h, status,2, status,0, cstack
  2044 ;; Tracked objects:
  2045 ;;		On entry : 0/0
  2046 ;;		On exit  : 0/0
  2047 ;;		Unchanged: 0/0
  2048 ;; Data sizes:     COMRAM   BANK0   BANK1   BANK2   BANK3   BANK4   BANK5   BANK6   BANK7
  2049 ;;      Params:         2       0       0       0       0       0       0       0       0
  2050 ;;      Locals:         8       0       0       0       0       0       0       0       0
  2051 ;;      Temps:          0       0       0       0       0       0       0       0       0
  2052 ;;      Totals:        10       0       0       0       0       0       0       0       0
  2053 ;;Total ram usage:       10 bytes
  2054 ;; Hardware stack levels used: 1
  2055 ;; Hardware stack levels required when called: 1
  2056 ;; This function calls:
  2057 ;;		_UART_EnviarByte
  2058 ;;		___lwdiv
  2059 ;;		___lwmod
  2060 ;; This function is called by:
  2061 ;;		_main
  2062 ;; This function uses a non-reentrant model
  2063 ;;
  2064                           
  2065                           	psect	text6
  2066   007A30                     __ptext6:
  2067                           	callstack 0
  2068   007A30                     _UART_EnviarNumero:
  2069                           	callstack 29
  2070   007A30                     
  2071                           ;main.c: 347:     char b[6]; int i = 0;
  2072   007A30  6A11               	clrf	(UART_EnviarNumero@i+1)^0,c
  2073   007A32  0E00               	movlw	0
  2074   007A34  6E10               	movwf	UART_EnviarNumero@i^0,c
  2075   007A36                     
  2076                           ;main.c: 348:     if(n == 0) { UART_EnviarByte('0'); return; }
  2077   007A36  5008               	movf	UART_EnviarNumero@n^0,w,c
  2078   007A38  1009               	iorwf	(UART_EnviarNumero@n+1)^0,w,c
  2079   007A3A  A4D8               	btfss	status,2,c
  2080   007A3C  EF22  F03D         	goto	u551
  2081   007A40  EF24  F03D         	goto	u550
  2082   007A44                     u551:
  2083   007A44  EF48  F03D         	goto	l1803
  2084   007A48                     u550:
  2085   007A48  0E30               	movlw	48
  2086   007A4A  ECFB  F039         	call	_UART_EnviarByte
  2087   007A4E  EF67  F03D         	goto	l160
  2088   007A52                     l1797:
  2089   007A52  5010               	movf	UART_EnviarNumero@i^0,w,c
  2090   007A54  0F0A               	addlw	low UART_EnviarNumero@b
  2091   007A56  6ED9               	movwf	fsr2l,c
  2092   007A58  6ADA               	clrf	fsr2h,c
  2093   007A5A  C008  F001         	movff	UART_EnviarNumero@n,___lwmod@dividend
  2094   007A5E  C009  F002         	movff	UART_EnviarNumero@n+1,___lwmod@dividend+1
  2095   007A62  6A04               	clrf	(___lwmod@divisor+1)^0,c
  2096   007A64  0E0A               	movlw	10
  2097   007A66  6E03               	movwf	___lwmod@divisor^0,c
  2098   007A68  ECA6  F03B         	call	___lwmod	;wreg free
  2099   007A6C  5001               	movf	?___lwmod^0,w,c
  2100   007A6E  0F30               	addlw	48
  2101   007A70  6EDF               	movwf	indf2,c
  2102   007A72  4A10               	infsnz	UART_EnviarNumero@i^0,f,c
  2103   007A74  2A11               	incf	(UART_EnviarNumero@i+1)^0,f,c
  2104   007A76  C008  F001         	movff	UART_EnviarNumero@n,___lwdiv@dividend
  2105   007A7A  C009  F002         	movff	UART_EnviarNumero@n+1,___lwdiv@dividend+1
  2106   007A7E  6A04               	clrf	(___lwdiv@divisor+1)^0,c
  2107   007A80  0E0A               	movlw	10
  2108   007A82  6E03               	movwf	___lwdiv@divisor^0,c
  2109   007A84  EC10  F03C         	call	___lwdiv	;wreg free
  2110   007A88  C001  F008         	movff	?___lwdiv,UART_EnviarNumero@n
  2111   007A8C  C002  F009         	movff	?___lwdiv+1,UART_EnviarNumero@n+1
  2112   007A90                     l1803:
  2113   007A90  5008               	movf	UART_EnviarNumero@n^0,w,c
  2114   007A92  1009               	iorwf	(UART_EnviarNumero@n+1)^0,w,c
  2115   007A94  A4D8               	btfss	status,2,c
  2116   007A96  EF4F  F03D         	goto	u561
  2117   007A9A  EF51  F03D         	goto	u560
  2118   007A9E                     u561:
  2119   007A9E  EF29  F03D         	goto	l1797
  2120   007AA2                     u560:
  2121   007AA2  EF5A  F03D         	goto	l1807
  2122   007AA6                     l1805:
  2123   007AA6  5010               	movf	UART_EnviarNumero@i^0,w,c
  2124   007AA8  0F0A               	addlw	low UART_EnviarNumero@b
  2125   007AAA  6ED9               	movwf	fsr2l,c
  2126   007AAC  6ADA               	clrf	fsr2h,c
  2127   007AAE  50DF               	movf	indf2,w,c
  2128   007AB0  ECFB  F039         	call	_UART_EnviarByte
  2129   007AB4                     l1807:
  2130   007AB4  0610               	decf	UART_EnviarNumero@i^0,f,c
  2131   007AB6  A0D8               	btfss	status,0,c
  2132   007AB8  0611               	decf	(UART_EnviarNumero@i+1)^0,f,c
  2133   007ABA  2810               	incf	UART_EnviarNumero@i^0,w,c
  2134   007ABC  E106               	bnz	u571
  2135   007ABE  2811               	incf	(UART_EnviarNumero@i+1)^0,w,c
  2136   007AC0  A4D8               	btfss	status,2,c
  2137   007AC2  EF65  F03D         	goto	u571
  2138   007AC6  EF67  F03D         	goto	u570
  2139   007ACA                     u571:
  2140   007ACA  EF53  F03D         	goto	l1805
  2141   007ACE                     u570:
  2142   007ACE                     l160:
  2143   007ACE  0012               	return		;funcret
  2144   007AD0                     __end_of_UART_EnviarNumero:
  2145                           	callstack 0
  2146                           
  2147 ;; *************** function _UART_EnviarByte *****************
  2148 ;; Defined at:
  2149 ;;		line 337 in file "main.c"
  2150 ;; Parameters:    Size  Location     Type
  2151 ;;  dato            1    wreg     unsigned char 
  2152 ;; Auto vars:     Size  Location     Type
  2153 ;;  dato            1    0[COMRAM] unsigned char 
  2154 ;; Return value:  Size  Location     Type
  2155 ;;                  1    wreg      void 
  2156 ;; Registers used:
  2157 ;;		wreg
  2158 ;; Tracked objects:
  2159 ;;		On entry : 0/0
  2160 ;;		On exit  : 0/0
  2161 ;;		Unchanged: 0/0
  2162 ;; Data sizes:     COMRAM   BANK0   BANK1   BANK2   BANK3   BANK4   BANK5   BANK6   BANK7
  2163 ;;      Params:         0       0       0       0       0       0       0       0       0
  2164 ;;      Locals:         1       0       0       0       0       0       0       0       0
  2165 ;;      Temps:          0       0       0       0       0       0       0       0       0
  2166 ;;      Totals:         1       0       0       0       0       0       0       0       0
  2167 ;;Total ram usage:        1 bytes
  2168 ;; Hardware stack levels used: 1
  2169 ;; This function calls:
  2170 ;;		Nothing
  2171 ;; This function is called by:
  2172 ;;		_UART_EnviarTexto
  2173 ;;		_UART_EnviarNumero
  2174 ;; This function uses a non-reentrant model
  2175 ;;
  2176                           
  2177                           	psect	text7
  2178   0073F6                     __ptext7:
  2179                           	callstack 0
  2180   0073F6                     _UART_EnviarByte:
  2181                           	callstack 28
  2182                           
  2183                           ;incstack = 0
  2184                           ;UART_EnviarByte@dato stored from wreg
  2185   0073F6  6E01               	movwf	UART_EnviarByte@dato^0,c
  2186   0073F8                     l147:
  2187   0073F8  A2AC               	btfss	172,1,c	;volatile
  2188   0073FA  EF01  F03A         	goto	u41
  2189   0073FE  EF03  F03A         	goto	u40
  2190   007402                     u41:
  2191   007402  EFFC  F039         	goto	l147
  2192   007406                     u40:
  2193   007406                     
  2194                           ;main.c: 339:     TXREG = dato;
  2195   007406  C001  FFAD         	movff	UART_EnviarByte@dato,4013	;volatile
  2196   00740A  0012               	return		;funcret
  2197   00740C                     __end_of_UART_EnviarByte:
  2198                           	callstack 0
  2199                           
  2200 ;; *************** function _OLED_Str *****************
  2201 ;; Defined at:
  2202 ;;		line 295 in file "main.c"
  2203 ;; Parameters:    Size  Location     Type
  2204 ;;  s               2    8[COMRAM] PTR const unsigned char 
  2205 ;;		 -> STR_39(15), STR_38(15), STR_25(15), STR_24(15), 
  2206 ;;		 -> STR_23(15), STR_22(3), STR_21(6), STR_20(16), 
  2207 ;;		 -> STR_19(16), STR_18(16), STR_17(5), STR_16(7), 
  2208 ;;		 -> STR_15(17), STR_13(18), STR_12(12), STR_10(16), 
  2209 ;;		 -> STR_9(14), STR_3(11), STR_2(11), 
  2210 ;; Auto vars:     Size  Location     Type
  2211 ;;		None
  2212 ;; Return value:  Size  Location     Type
  2213 ;;                  1    wreg      void 
  2214 ;; Registers used:
  2215 ;;		wreg, status,2, status,0, tblptrl, tblptrh, tblptru, prodl, prodh, cstack
  2216 ;; Tracked objects:
  2217 ;;		On entry : 0/0
  2218 ;;		On exit  : 0/0
  2219 ;;		Unchanged: 0/0
  2220 ;; Data sizes:     COMRAM   BANK0   BANK1   BANK2   BANK3   BANK4   BANK5   BANK6   BANK7
  2221 ;;      Params:         2       0       0       0       0       0       0       0       0
  2222 ;;      Locals:         0       0       0       0       0       0       0       0       0
  2223 ;;      Temps:          0       0       0       0       0       0       0       0       0
  2224 ;;      Totals:         2       0       0       0       0       0       0       0       0
  2225 ;;Total ram usage:        2 bytes
  2226 ;; Hardware stack levels used: 1
  2227 ;; Hardware stack levels required when called: 1
  2228 ;; This function calls:
  2229 ;;		_OLED_Char
  2230 ;; This function is called by:
  2231 ;;		_main
  2232 ;; This function uses a non-reentrant model
  2233 ;;
  2234                           
  2235                           	psect	text8
  2236   007520                     __ptext8:
  2237                           	callstack 0
  2238   007520                     _OLED_Str:
  2239                           	callstack 29
  2240   007520  EF9C  F03A         	goto	l1757
  2241   007524                     l1753:
  2242   007524  C009  FFF6         	movff	OLED_Str@s,tblptrl
  2243   007528  C00A  FFF7         	movff	OLED_Str@s+1,tblptrh
  2244   00752C                     	if	0	;tblptru may be non-zero
  2245   00752C                     	endif
  2246   00752C                     	if	0	;tblptru may be non-zero
  2247   00752C                     	endif
  2248   00752C  0008               	tblrd		*
  2249   00752E  50F5               	movf	tablat,w,c
  2250   007530  EC49  F03C         	call	_OLED_Char
  2251   007534  4A09               	infsnz	OLED_Str@s^0,f,c
  2252   007536  2A0A               	incf	(OLED_Str@s+1)^0,f,c
  2253   007538                     l1757:
  2254   007538  C009  FFF6         	movff	OLED_Str@s,tblptrl
  2255   00753C  C00A  FFF7         	movff	OLED_Str@s+1,tblptrh
  2256   007540                     	if	0	;tblptru may be non-zero
  2257   007540                     	endif
  2258   007540                     	if	0	;tblptru may be non-zero
  2259   007540                     	endif
  2260   007540  0008               	tblrd		*
  2261   007542  50F5               	movf	tablat,w,c
  2262   007544  0900               	iorlw	0
  2263   007546  A4D8               	btfss	status,2,c
  2264   007548  EFA8  F03A         	goto	u511
  2265   00754C  EFAA  F03A         	goto	u510
  2266   007550                     u511:
  2267   007550  EF92  F03A         	goto	l1753
  2268   007554                     u510:
  2269   007554  0012               	return		;funcret
  2270   007556                     __end_of_OLED_Str:
  2271                           	callstack 0
  2272                           
  2273 ;; *************** function _OLED_Num *****************
  2274 ;; Defined at:
  2275 ;;		line 297 in file "main.c"
  2276 ;; Parameters:    Size  Location     Type
  2277 ;;  n               2    8[COMRAM] unsigned int 
  2278 ;; Auto vars:     Size  Location     Type
  2279 ;;  b               6   10[COMRAM] unsigned char [6]
  2280 ;;  i               2   16[COMRAM] int 
  2281 ;; Return value:  Size  Location     Type
  2282 ;;                  1    wreg      void 
  2283 ;; Registers used:
  2284 ;;		wreg, fsr2l, fsr2h, status,2, status,0, tblptrl, tblptrh, tblptru, prodl, prodh, cstack
  2285 ;; Tracked objects:
  2286 ;;		On entry : 0/0
  2287 ;;		On exit  : 0/0
  2288 ;;		Unchanged: 0/0
  2289 ;; Data sizes:     COMRAM   BANK0   BANK1   BANK2   BANK3   BANK4   BANK5   BANK6   BANK7
  2290 ;;      Params:         2       0       0       0       0       0       0       0       0
  2291 ;;      Locals:         8       0       0       0       0       0       0       0       0
  2292 ;;      Temps:          0       0       0       0       0       0       0       0       0
  2293 ;;      Totals:        10       0       0       0       0       0       0       0       0
  2294 ;;Total ram usage:       10 bytes
  2295 ;; Hardware stack levels used: 1
  2296 ;; Hardware stack levels required when called: 2
  2297 ;; This function calls:
  2298 ;;		_OLED_Char
  2299 ;;		___lwdiv
  2300 ;;		___lwmod
  2301 ;; This function is called by:
  2302 ;;		_main
  2303 ;; This function uses a non-reentrant model
  2304 ;;
  2305                           
  2306                           	psect	text9
  2307   007990                     __ptext9:
  2308                           	callstack 0
  2309   007990                     _OLED_Num:
  2310                           	callstack 28
  2311   007990                     
  2312                           ;main.c: 298:     char b[6]; int i = 0;
  2313   007990  6A12               	clrf	(OLED_Num@i+1)^0,c
  2314   007992  0E00               	movlw	0
  2315   007994  6E11               	movwf	OLED_Num@i^0,c
  2316   007996                     
  2317                           ;main.c: 299:     if(n == 0) { OLED_Char('0'); return; }
  2318   007996  5009               	movf	OLED_Num@n^0,w,c
  2319   007998  100A               	iorwf	(OLED_Num@n+1)^0,w,c
  2320   00799A  A4D8               	btfss	status,2,c
  2321   00799C  EFD2  F03C         	goto	u521
  2322   0079A0  EFD4  F03C         	goto	u520
  2323   0079A4                     u521:
  2324   0079A4  EFF8  F03C         	goto	l1773
  2325   0079A8                     u520:
  2326   0079A8  0E30               	movlw	48
  2327   0079AA  EC49  F03C         	call	_OLED_Char
  2328   0079AE  EF17  F03D         	goto	l125
  2329   0079B2                     l1767:
  2330   0079B2  5011               	movf	OLED_Num@i^0,w,c
  2331   0079B4  0F0B               	addlw	low OLED_Num@b
  2332   0079B6  6ED9               	movwf	fsr2l,c
  2333   0079B8  6ADA               	clrf	fsr2h,c
  2334   0079BA  C009  F001         	movff	OLED_Num@n,___lwmod@dividend
  2335   0079BE  C00A  F002         	movff	OLED_Num@n+1,___lwmod@dividend+1
  2336   0079C2  6A04               	clrf	(___lwmod@divisor+1)^0,c
  2337   0079C4  0E0A               	movlw	10
  2338   0079C6  6E03               	movwf	___lwmod@divisor^0,c
  2339   0079C8  ECA6  F03B         	call	___lwmod	;wreg free
  2340   0079CC  5001               	movf	?___lwmod^0,w,c
  2341   0079CE  0F30               	addlw	48
  2342   0079D0  6EDF               	movwf	indf2,c
  2343   0079D2  4A11               	infsnz	OLED_Num@i^0,f,c
  2344   0079D4  2A12               	incf	(OLED_Num@i+1)^0,f,c
  2345   0079D6  C009  F001         	movff	OLED_Num@n,___lwdiv@dividend
  2346   0079DA  C00A  F002         	movff	OLED_Num@n+1,___lwdiv@dividend+1
  2347   0079DE  6A04               	clrf	(___lwdiv@divisor+1)^0,c
  2348   0079E0  0E0A               	movlw	10
  2349   0079E2  6E03               	movwf	___lwdiv@divisor^0,c
  2350   0079E4  EC10  F03C         	call	___lwdiv	;wreg free
  2351   0079E8  C001  F009         	movff	?___lwdiv,OLED_Num@n
  2352   0079EC  C002  F00A         	movff	?___lwdiv+1,OLED_Num@n+1
  2353   0079F0                     l1773:
  2354   0079F0  5009               	movf	OLED_Num@n^0,w,c
  2355   0079F2  100A               	iorwf	(OLED_Num@n+1)^0,w,c
  2356   0079F4  A4D8               	btfss	status,2,c
  2357   0079F6  EFFF  F03C         	goto	u531
  2358   0079FA  EF01  F03D         	goto	u530
  2359   0079FE                     u531:
  2360   0079FE  EFD9  F03C         	goto	l1767
  2361   007A02                     u530:
  2362   007A02  EF0A  F03D         	goto	l1777
  2363   007A06                     l1775:
  2364   007A06  5011               	movf	OLED_Num@i^0,w,c
  2365   007A08  0F0B               	addlw	low OLED_Num@b
  2366   007A0A  6ED9               	movwf	fsr2l,c
  2367   007A0C  6ADA               	clrf	fsr2h,c
  2368   007A0E  50DF               	movf	indf2,w,c
  2369   007A10  EC49  F03C         	call	_OLED_Char
  2370   007A14                     l1777:
  2371   007A14  0611               	decf	OLED_Num@i^0,f,c
  2372   007A16  A0D8               	btfss	status,0,c
  2373   007A18  0612               	decf	(OLED_Num@i+1)^0,f,c
  2374   007A1A  2811               	incf	OLED_Num@i^0,w,c
  2375   007A1C  E106               	bnz	u541
  2376   007A1E  2812               	incf	(OLED_Num@i+1)^0,w,c
  2377   007A20  A4D8               	btfss	status,2,c
  2378   007A22  EF15  F03D         	goto	u541
  2379   007A26  EF17  F03D         	goto	u540
  2380   007A2A                     u541:
  2381   007A2A  EF03  F03D         	goto	l1775
  2382   007A2E                     u540:
  2383   007A2E                     l125:
  2384   007A2E  0012               	return		;funcret
  2385   007A30                     __end_of_OLED_Num:
  2386                           	callstack 0
  2387                           
  2388 ;; *************** function ___lwmod *****************
  2389 ;; Defined at:
  2390 ;;		line 7 in file "C:\Program Files\Microchip\xc8\v3.10\pic\sources\c99\common\lwmod.c"
  2391 ;; Parameters:    Size  Location     Type
  2392 ;;  dividend        2    0[COMRAM] unsigned int 
  2393 ;;  divisor         2    2[COMRAM] unsigned int 
  2394 ;; Auto vars:     Size  Location     Type
  2395 ;;  counter         1    4[COMRAM] unsigned char 
  2396 ;; Return value:  Size  Location     Type
  2397 ;;                  2    0[COMRAM] unsigned int 
  2398 ;; Registers used:
  2399 ;;		wreg, status,2, status,0
  2400 ;; Tracked objects:
  2401 ;;		On entry : 0/0
  2402 ;;		On exit  : 0/0
  2403 ;;		Unchanged: 0/0
  2404 ;; Data sizes:     COMRAM   BANK0   BANK1   BANK2   BANK3   BANK4   BANK5   BANK6   BANK7
  2405 ;;      Params:         4       0       0       0       0       0       0       0       0
  2406 ;;      Locals:         1       0       0       0       0       0       0       0       0
  2407 ;;      Temps:          0       0       0       0       0       0       0       0       0
  2408 ;;      Totals:         5       0       0       0       0       0       0       0       0
  2409 ;;Total ram usage:        5 bytes
  2410 ;; Hardware stack levels used: 1
  2411 ;; This function calls:
  2412 ;;		Nothing
  2413 ;; This function is called by:
  2414 ;;		_OLED_Num
  2415 ;;		_UART_EnviarNumero
  2416 ;; This function uses a non-reentrant model
  2417 ;;
  2418                           
  2419                           	psect	text10
  2420   00774C                     __ptext10:
  2421                           	callstack 0
  2422   00774C                     ___lwmod:
  2423                           	callstack 29
  2424   00774C  5003               	movf	___lwmod@divisor^0,w,c
  2425   00774E  1004               	iorwf	(___lwmod@divisor+1)^0,w,c
  2426   007750  B4D8               	btfsc	status,2,c
  2427   007752  EFAD  F03B         	goto	u471
  2428   007756  EFAF  F03B         	goto	u470
  2429   00775A                     u471:
  2430   00775A  EFD3  F03B         	goto	l833
  2431   00775E                     u470:
  2432   00775E  0E01               	movlw	1
  2433   007760  6E05               	movwf	___lwmod@counter^0,c
  2434   007762  EFB7  F03B         	goto	l1685
  2435   007766                     l1683:
  2436   007766  90D8               	bcf	status,0,c
  2437   007768  3603               	rlcf	___lwmod@divisor^0,f,c
  2438   00776A  3604               	rlcf	(___lwmod@divisor+1)^0,f,c
  2439   00776C  2A05               	incf	___lwmod@counter^0,f,c
  2440   00776E                     l1685:
  2441   00776E  AE04               	btfss	(___lwmod@divisor+1)^0,7,c
  2442   007770  EFBC  F03B         	goto	u481
  2443   007774  EFBE  F03B         	goto	u480
  2444   007778                     u481:
  2445   007778  EFB3  F03B         	goto	l1683
  2446   00777C                     u480:
  2447   00777C                     l1687:
  2448   00777C  5003               	movf	___lwmod@divisor^0,w,c
  2449   00777E  5C01               	subwf	___lwmod@dividend^0,w,c
  2450   007780  5004               	movf	(___lwmod@divisor+1)^0,w,c
  2451   007782  5802               	subwfb	(___lwmod@dividend+1)^0,w,c
  2452   007784  A0D8               	btfss	status,0,c
  2453   007786  EFC7  F03B         	goto	u491
  2454   00778A  EFC9  F03B         	goto	u490
  2455   00778E                     u491:
  2456   00778E  EFCD  F03B         	goto	l1691
  2457   007792                     u490:
  2458   007792  5003               	movf	___lwmod@divisor^0,w,c
  2459   007794  5E01               	subwf	___lwmod@dividend^0,f,c
  2460   007796  5004               	movf	(___lwmod@divisor+1)^0,w,c
  2461   007798  5A02               	subwfb	(___lwmod@dividend+1)^0,f,c
  2462   00779A                     l1691:
  2463   00779A  90D8               	bcf	status,0,c
  2464   00779C  3204               	rrcf	(___lwmod@divisor+1)^0,f,c
  2465   00779E  3203               	rrcf	___lwmod@divisor^0,f,c
  2466   0077A0  2E05               	decfsz	___lwmod@counter^0,f,c
  2467   0077A2  EFBE  F03B         	goto	l1687
  2468   0077A6                     l833:
  2469   0077A6  C001  F001         	movff	___lwmod@dividend,?___lwmod
  2470   0077AA  C002  F002         	movff	___lwmod@dividend+1,?___lwmod+1
  2471   0077AE  0012               	return		;funcret
  2472   0077B0                     __end_of___lwmod:
  2473                           	callstack 0
  2474                           
  2475 ;; *************** function ___lwdiv *****************
  2476 ;; Defined at:
  2477 ;;		line 7 in file "C:\Program Files\Microchip\xc8\v3.10\pic\sources\c99\common\lwdiv.c"
  2478 ;; Parameters:    Size  Location     Type
  2479 ;;  dividend        2    0[COMRAM] unsigned int 
  2480 ;;  divisor         2    2[COMRAM] unsigned int 
  2481 ;; Auto vars:     Size  Location     Type
  2482 ;;  quotient        2    4[COMRAM] unsigned int 
  2483 ;;  counter         1    6[COMRAM] unsigned char 
  2484 ;; Return value:  Size  Location     Type
  2485 ;;                  2    0[COMRAM] unsigned int 
  2486 ;; Registers used:
  2487 ;;		wreg, status,2, status,0
  2488 ;; Tracked objects:
  2489 ;;		On entry : 0/0
  2490 ;;		On exit  : 0/0
  2491 ;;		Unchanged: 0/0
  2492 ;; Data sizes:     COMRAM   BANK0   BANK1   BANK2   BANK3   BANK4   BANK5   BANK6   BANK7
  2493 ;;      Params:         4       0       0       0       0       0       0       0       0
  2494 ;;      Locals:         3       0       0       0       0       0       0       0       0
  2495 ;;      Temps:          0       0       0       0       0       0       0       0       0
  2496 ;;      Totals:         7       0       0       0       0       0       0       0       0
  2497 ;;Total ram usage:        7 bytes
  2498 ;; Hardware stack levels used: 1
  2499 ;; This function calls:
  2500 ;;		Nothing
  2501 ;; This function is called by:
  2502 ;;		_OLED_Num
  2503 ;;		_UART_EnviarNumero
  2504 ;; This function uses a non-reentrant model
  2505 ;;
  2506                           
  2507                           	psect	text11
  2508   007820                     __ptext11:
  2509                           	callstack 0
  2510   007820                     ___lwdiv:
  2511                           	callstack 29
  2512   007820  6A06               	clrf	(___lwdiv@quotient+1)^0,c
  2513   007822  0E00               	movlw	0
  2514   007824  6E05               	movwf	___lwdiv@quotient^0,c
  2515   007826  5003               	movf	___lwdiv@divisor^0,w,c
  2516   007828  1004               	iorwf	(___lwdiv@divisor+1)^0,w,c
  2517   00782A  B4D8               	btfsc	status,2,c
  2518   00782C  EF1A  F03C         	goto	u441
  2519   007830  EF1C  F03C         	goto	u440
  2520   007834                     u441:
  2521   007834  EF44  F03C         	goto	l823
  2522   007838                     u440:
  2523   007838  0E01               	movlw	1
  2524   00783A  6E07               	movwf	___lwdiv@counter^0,c
  2525   00783C  EF24  F03C         	goto	l1665
  2526   007840                     l1663:
  2527   007840  90D8               	bcf	status,0,c
  2528   007842  3603               	rlcf	___lwdiv@divisor^0,f,c
  2529   007844  3604               	rlcf	(___lwdiv@divisor+1)^0,f,c
  2530   007846  2A07               	incf	___lwdiv@counter^0,f,c
  2531   007848                     l1665:
  2532   007848  AE04               	btfss	(___lwdiv@divisor+1)^0,7,c
  2533   00784A  EF29  F03C         	goto	u451
  2534   00784E  EF2B  F03C         	goto	u450
  2535   007852                     u451:
  2536   007852  EF20  F03C         	goto	l1663
  2537   007856                     u450:
  2538   007856                     l1667:
  2539   007856  90D8               	bcf	status,0,c
  2540   007858  3605               	rlcf	___lwdiv@quotient^0,f,c
  2541   00785A  3606               	rlcf	(___lwdiv@quotient+1)^0,f,c
  2542   00785C  5003               	movf	___lwdiv@divisor^0,w,c
  2543   00785E  5C01               	subwf	___lwdiv@dividend^0,w,c
  2544   007860  5004               	movf	(___lwdiv@divisor+1)^0,w,c
  2545   007862  5802               	subwfb	(___lwdiv@dividend+1)^0,w,c
  2546   007864  A0D8               	btfss	status,0,c
  2547   007866  EF37  F03C         	goto	u461
  2548   00786A  EF39  F03C         	goto	u460
  2549   00786E                     u461:
  2550   00786E  EF3E  F03C         	goto	l1675
  2551   007872                     u460:
  2552   007872  5003               	movf	___lwdiv@divisor^0,w,c
  2553   007874  5E01               	subwf	___lwdiv@dividend^0,f,c
  2554   007876  5004               	movf	(___lwdiv@divisor+1)^0,w,c
  2555   007878  5A02               	subwfb	(___lwdiv@dividend+1)^0,f,c
  2556   00787A  8005               	bsf	___lwdiv@quotient^0,0,c
  2557   00787C                     l1675:
  2558   00787C  90D8               	bcf	status,0,c
  2559   00787E  3204               	rrcf	(___lwdiv@divisor+1)^0,f,c
  2560   007880  3203               	rrcf	___lwdiv@divisor^0,f,c
  2561   007882  2E07               	decfsz	___lwdiv@counter^0,f,c
  2562   007884  EF2B  F03C         	goto	l1667
  2563   007888                     l823:
  2564   007888  C005  F001         	movff	___lwdiv@quotient,?___lwdiv
  2565   00788C  C006  F002         	movff	___lwdiv@quotient+1,?___lwdiv+1
  2566   007890  0012               	return		;funcret
  2567   007892                     __end_of___lwdiv:
  2568                           	callstack 0
  2569                           
  2570 ;; *************** function _OLED_Char *****************
  2571 ;; Defined at:
  2572 ;;		line 288 in file "main.c"
  2573 ;; Parameters:    Size  Location     Type
  2574 ;;  c               1    wreg     unsigned char 
  2575 ;; Auto vars:     Size  Location     Type
  2576 ;;  c               1    6[COMRAM] unsigned char 
  2577 ;;  i               1    7[COMRAM] unsigned char 
  2578 ;; Return value:  Size  Location     Type
  2579 ;;                  1    wreg      void 
  2580 ;; Registers used:
  2581 ;;		wreg, status,2, status,0, tblptrl, tblptrh, tblptru, prodl, prodh, cstack
  2582 ;; Tracked objects:
  2583 ;;		On entry : 0/0
  2584 ;;		On exit  : 0/0
  2585 ;;		Unchanged: 0/0
  2586 ;; Data sizes:     COMRAM   BANK0   BANK1   BANK2   BANK3   BANK4   BANK5   BANK6   BANK7
  2587 ;;      Params:         0       0       0       0       0       0       0       0       0
  2588 ;;      Locals:         2       0       0       0       0       0       0       0       0
  2589 ;;      Temps:          4       0       0       0       0       0       0       0       0
  2590 ;;      Totals:         6       0       0       0       0       0       0       0       0
  2591 ;;Total ram usage:        6 bytes
  2592 ;; Hardware stack levels used: 1
  2593 ;; This function calls:
  2594 ;;		_OLED_Data
  2595 ;; This function is called by:
  2596 ;;		_OLED_Str
  2597 ;;		_OLED_Num
  2598 ;; This function uses a non-reentrant model
  2599 ;;
  2600                           
  2601                           	psect	text12
  2602   007892                     __ptext12:
  2603                           	callstack 0
  2604   007892                     _OLED_Char:
  2605                           	callstack 29
  2606                           
  2607                           ;incstack = 0
  2608                           ;OLED_Char@c stored from wreg
  2609   007892  6E07               	movwf	OLED_Char@c^0,c
  2610   007894                     
  2611                           ;main.c: 289:     unsigned char i;;main.c: 290:     if(c < 32 || c > 90) c = 32;
  2612   007894  0E1F               	movlw	31
  2613   007896  6407               	cpfsgt	OLED_Char@c^0,c
  2614   007898  EF50  F03C         	goto	u151
  2615   00789C  EF52  F03C         	goto	u150
  2616   0078A0                     u151:
  2617   0078A0  EF5A  F03C         	goto	l1119
  2618   0078A4                     u150:
  2619   0078A4  0E5A               	movlw	90
  2620   0078A6  6407               	cpfsgt	OLED_Char@c^0,c
  2621   0078A8  EF58  F03C         	goto	u161
  2622   0078AC  EF5A  F03C         	goto	u160
  2623   0078B0                     u161:
  2624   0078B0  EF5C  F03C         	goto	l1121
  2625   0078B4                     u160:
  2626   0078B4                     l1119:
  2627   0078B4  0E20               	movlw	32
  2628   0078B6  6E07               	movwf	OLED_Char@c^0,c
  2629   0078B8                     l1121:
  2630                           
  2631                           ;main.c: 291:     for(i = 0; i < 5; i++) OLED_Data(font5x8[c-32][i]);
  2632   0078B8  6A08               	clrf	OLED_Char@i^0,c
  2633   0078BA                     l1127:
  2634   0078BA  5007               	movf	OLED_Char@c^0,w,c
  2635   0078BC  0D05               	mullw	5
  2636   0078BE  0E21               	movlw	low _font5x8
  2637   0078C0  24F3               	addwf	243,w,c
  2638   0078C2  6E03               	movwf	??_OLED_Char^0,c
  2639   0078C4  0E7C               	movlw	high _font5x8
  2640   0078C6  20F4               	addwfc	prodh,w,c
  2641   0078C8  6E04               	movwf	(??_OLED_Char+1)^0,c
  2642   0078CA  5008               	movf	OLED_Char@i^0,w,c
  2643   0078CC  2603               	addwf	??_OLED_Char^0,f,c
  2644   0078CE  0E00               	movlw	0
  2645   0078D0  2204               	addwfc	(??_OLED_Char+1)^0,f,c
  2646   0078D2  0E60               	movlw	96
  2647   0078D4  2403               	addwf	??_OLED_Char^0,w,c
  2648   0078D6  6E05               	movwf	(??_OLED_Char+2)^0,c
  2649   0078D8  0EFF               	movlw	255
  2650   0078DA  2004               	addwfc	(??_OLED_Char+1)^0,w,c
  2651   0078DC  6E06               	movwf	(??_OLED_Char+3)^0,c
  2652   0078DE  C005  FFF6         	movff	??_OLED_Char+2,tblptrl
  2653   0078E2  C006  FFF7         	movff	??_OLED_Char+3,tblptrh
  2654   0078E6                     	if	0	;tblptru may be non-zero
  2655   0078E6                     	endif
  2656   0078E6                     	if	0	;tblptru may be non-zero
  2657   0078E6                     	endif
  2658   0078E6  0008               	tblrd		*
  2659   0078E8  50F5               	movf	tablat,w,c
  2660   0078EA  EC24  F03A         	call	_OLED_Data
  2661   0078EE  2A08               	incf	OLED_Char@i^0,f,c
  2662   0078F0  0E04               	movlw	4
  2663   0078F2  6408               	cpfsgt	OLED_Char@i^0,c
  2664   0078F4  EF7E  F03C         	goto	u171
  2665   0078F8  EF80  F03C         	goto	u170
  2666   0078FC                     u171:
  2667   0078FC  EF5D  F03C         	goto	l1127
  2668   007900                     u170:
  2669   007900                     
  2670                           ;main.c: 292:     OLED_Data(0x00);
  2671   007900  0E00               	movlw	0
  2672   007902  EC24  F03A         	call	_OLED_Data
  2673   007906  0012               	return		;funcret
  2674   007908                     __end_of_OLED_Char:
  2675                           	callstack 0
  2676                           
  2677 ;; *************** function _OLED_Init *****************
  2678 ;; Defined at:
  2679 ;;		line 312 in file "main.c"
  2680 ;; Parameters:    Size  Location     Type
  2681 ;;		None
  2682 ;; Auto vars:     Size  Location     Type
  2683 ;;		None
  2684 ;; Return value:  Size  Location     Type
  2685 ;;                  1    wreg      void 
  2686 ;; Registers used:
  2687 ;;		wreg, status,2, status,0, cstack
  2688 ;; Tracked objects:
  2689 ;;		On entry : 0/0
  2690 ;;		On exit  : 0/0
  2691 ;;		Unchanged: 0/0
  2692 ;; Data sizes:     COMRAM   BANK0   BANK1   BANK2   BANK3   BANK4   BANK5   BANK6   BANK7
  2693 ;;      Params:         0       0       0       0       0       0       0       0       0
  2694 ;;      Locals:         0       0       0       0       0       0       0       0       0
  2695 ;;      Temps:          2       0       0       0       0       0       0       0       0
  2696 ;;      Totals:         2       0       0       0       0       0       0       0       0
  2697 ;;Total ram usage:        2 bytes
  2698 ;; Hardware stack levels used: 1
  2699 ;; Hardware stack levels required when called: 1
  2700 ;; This function calls:
  2701 ;;		_OLED_Clear
  2702 ;;		_OLED_Cmd
  2703 ;; This function is called by:
  2704 ;;		_main
  2705 ;; This function uses a non-reentrant model
  2706 ;;
  2707                           
  2708                           	psect	text13
  2709   0074F0                     __ptext13:
  2710                           	callstack 0
  2711   0074F0                     _OLED_Init:
  2712                           	callstack 29
  2713   0074F0                     
  2714                           ;main.c: 313:     _delay((unsigned long)((150)*(8000000/4000.0)));
  2715   0074F0  0E02               	movlw	2
  2716   0074F2  6E09               	movwf	(??_OLED_Init+1)^0,c
  2717   0074F4  0E86               	movlw	134
  2718   0074F6  6E08               	movwf	??_OLED_Init^0,c
  2719   0074F8  0E99               	movlw	153
  2720   0074FA                     u657:
  2721   0074FA  2EE8               	decfsz	wreg,f,c
  2722   0074FC  D7FE               	bra	u657
  2723   0074FE  2E08               	decfsz	??_OLED_Init^0,f,c
  2724   007500  D7FC               	bra	u657
  2725   007502  2E09               	decfsz	(??_OLED_Init+1)^0,f,c
  2726   007504  D7FA               	bra	u657
  2727   007506  0000               	nop	
  2728   007508                     
  2729                           ;main.c: 314:     OLED_Cmd(0xAE);
  2730   007508  0EAE               	movlw	174
  2731   00750A  EC33  F03A         	call	_OLED_Cmd
  2732   00750E                     
  2733                           ;main.c: 315:     OLED_Cmd(0xA6);
  2734   00750E  0EA6               	movlw	166
  2735   007510  EC33  F03A         	call	_OLED_Cmd
  2736   007514                     
  2737                           ;main.c: 316:     OLED_Cmd(0xAF);
  2738   007514  0EAF               	movlw	175
  2739   007516  EC33  F03A         	call	_OLED_Cmd
  2740   00751A                     
  2741                           ;main.c: 317:     OLED_Clear();
  2742   00751A  EC2A  F03B         	call	_OLED_Clear	;wreg free
  2743   00751E  0012               	return		;funcret
  2744   007520                     __end_of_OLED_Init:
  2745                           	callstack 0
  2746                           
  2747 ;; *************** function _OLED_Clear *****************
  2748 ;; Defined at:
  2749 ;;		line 304 in file "main.c"
  2750 ;; Parameters:    Size  Location     Type
  2751 ;;		None
  2752 ;; Auto vars:     Size  Location     Type
  2753 ;;  j               2    4[COMRAM] int 
  2754 ;;  i               1    6[COMRAM] unsigned char 
  2755 ;; Return value:  Size  Location     Type
  2756 ;;                  1    wreg      void 
  2757 ;; Registers used:
  2758 ;;		wreg, status,2, status,0, cstack
  2759 ;; Tracked objects:
  2760 ;;		On entry : 0/0
  2761 ;;		On exit  : 0/0
  2762 ;;		Unchanged: 0/0
  2763 ;; Data sizes:     COMRAM   BANK0   BANK1   BANK2   BANK3   BANK4   BANK5   BANK6   BANK7
  2764 ;;      Params:         0       0       0       0       0       0       0       0       0
  2765 ;;      Locals:         3       0       0       0       0       0       0       0       0
  2766 ;;      Temps:          0       0       0       0       0       0       0       0       0
  2767 ;;      Totals:         3       0       0       0       0       0       0       0       0
  2768 ;;Total ram usage:        3 bytes
  2769 ;; Hardware stack levels used: 1
  2770 ;; This function calls:
  2771 ;;		_OLED_Data
  2772 ;;		_OLED_SetCursor
  2773 ;; This function is called by:
  2774 ;;		_OLED_Init
  2775 ;;		_main
  2776 ;; This function uses a non-reentrant model
  2777 ;;
  2778                           
  2779                           	psect	text14
  2780   007654                     __ptext14:
  2781                           	callstack 0
  2782   007654                     _OLED_Clear:
  2783                           	callstack 29
  2784   007654                     
  2785                           ;main.c: 305:     unsigned char i; int j;;main.c: 306:     for(i = 0; i < 8; i++) {
  2786   007654  6A07               	clrf	OLED_Clear@i^0,c
  2787   007656                     l1631:
  2788                           
  2789                           ;main.c: 307:         OLED_SetCursor(i, 0);
  2790   007656  0E00               	movlw	0
  2791   007658  6E03               	movwf	OLED_SetCursor@c^0,c
  2792   00765A  5007               	movf	OLED_Clear@i^0,w,c
  2793   00765C  EC42  F03A         	call	_OLED_SetCursor
  2794   007660                     
  2795                           ;main.c: 308:         for(j = 0; j < 128; j++) OLED_Data(0x00);
  2796   007660  6A06               	clrf	(OLED_Clear@j+1)^0,c
  2797   007662  0E00               	movlw	0
  2798   007664  6E05               	movwf	OLED_Clear@j^0,c
  2799   007666                     l1639:
  2800   007666  0E00               	movlw	0
  2801   007668  EC24  F03A         	call	_OLED_Data
  2802   00766C  4A05               	infsnz	OLED_Clear@j^0,f,c
  2803   00766E  2A06               	incf	(OLED_Clear@j+1)^0,f,c
  2804   007670  BE06               	btfsc	(OLED_Clear@j+1)^0,7,c
  2805   007672  EF44  F03B         	goto	u411
  2806   007676  5006               	movf	(OLED_Clear@j+1)^0,w,c
  2807   007678  E109               	bnz	u410
  2808   00767A  0E80               	movlw	128
  2809   00767C  5C05               	subwf	OLED_Clear@j^0,w,c
  2810   00767E  A0D8               	btfss	status,0,c
  2811   007680  EF44  F03B         	goto	u411
  2812   007684  EF46  F03B         	goto	u410
  2813   007688                     u411:
  2814   007688  EF33  F03B         	goto	l1639
  2815   00768C                     u410:
  2816   00768C                     
  2817                           ;main.c: 309:     }
  2818   00768C  2A07               	incf	OLED_Clear@i^0,f,c
  2819   00768E  0E07               	movlw	7
  2820   007690  6407               	cpfsgt	OLED_Clear@i^0,c
  2821   007692  EF4D  F03B         	goto	u421
  2822   007696  EF4F  F03B         	goto	u420
  2823   00769A                     u421:
  2824   00769A  EF2B  F03B         	goto	l1631
  2825   00769E                     u420:
  2826   00769E  0012               	return		;funcret
  2827   0076A0                     __end_of_OLED_Clear:
  2828                           	callstack 0
  2829                           
  2830 ;; *************** function _OLED_SetCursor *****************
  2831 ;; Defined at:
  2832 ;;		line 286 in file "main.c"
  2833 ;; Parameters:    Size  Location     Type
  2834 ;;  p               1    wreg     unsigned char 
  2835 ;;  c               1    2[COMRAM] unsigned char 
  2836 ;; Auto vars:     Size  Location     Type
  2837 ;;  p               1    3[COMRAM] unsigned char 
  2838 ;; Return value:  Size  Location     Type
  2839 ;;                  1    wreg      void 
  2840 ;; Registers used:
  2841 ;;		wreg, status,2, status,0, cstack
  2842 ;; Tracked objects:
  2843 ;;		On entry : 0/0
  2844 ;;		On exit  : 0/0
  2845 ;;		Unchanged: 0/0
  2846 ;; Data sizes:     COMRAM   BANK0   BANK1   BANK2   BANK3   BANK4   BANK5   BANK6   BANK7
  2847 ;;      Params:         1       0       0       0       0       0       0       0       0
  2848 ;;      Locals:         1       0       0       0       0       0       0       0       0
  2849 ;;      Temps:          0       0       0       0       0       0       0       0       0
  2850 ;;      Totals:         2       0       0       0       0       0       0       0       0
  2851 ;;Total ram usage:        2 bytes
  2852 ;; Hardware stack levels used: 1
  2853 ;; This function calls:
  2854 ;;		_OLED_Cmd
  2855 ;; This function is called by:
  2856 ;;		_OLED_Clear
  2857 ;;		_main
  2858 ;; This function uses a non-reentrant model
  2859 ;;
  2860                           
  2861                           	psect	text15
  2862   007484                     __ptext15:
  2863                           	callstack 0
  2864   007484                     _OLED_SetCursor:
  2865                           	callstack 28
  2866                           
  2867                           ;incstack = 0
  2868                           ;OLED_SetCursor@p stored from wreg
  2869   007484  6E04               	movwf	OLED_SetCursor@p^0,c
  2870   007486  5004               	movf	OLED_SetCursor@p^0,w,c
  2871   007488  0FB0               	addlw	176
  2872   00748A  EC33  F03A         	call	_OLED_Cmd
  2873   00748E  5003               	movf	OLED_SetCursor@c^0,w,c
  2874   007490  0B0F               	andlw	15
  2875   007492  EC33  F03A         	call	_OLED_Cmd
  2876   007496  3803               	swapf	OLED_SetCursor@c^0,w,c
  2877   007498  0B0F               	andlw	15
  2878   00749A  0910               	iorlw	16
  2879   00749C  EC33  F03A         	call	_OLED_Cmd
  2880   0074A0  0012               	return		;funcret
  2881   0074A2                     __end_of_OLED_SetCursor:
  2882                           	callstack 0
  2883                           
  2884 ;; *************** function _OLED_Cmd *****************
  2885 ;; Defined at:
  2886 ;;		line 284 in file "main.c"
  2887 ;; Parameters:    Size  Location     Type
  2888 ;;  c               1    wreg     unsigned char 
  2889 ;; Auto vars:     Size  Location     Type
  2890 ;;  c               1    1[COMRAM] unsigned char 
  2891 ;; Return value:  Size  Location     Type
  2892 ;;                  1    wreg      void 
  2893 ;; Registers used:
  2894 ;;		wreg, status,2, cstack
  2895 ;; Tracked objects:
  2896 ;;		On entry : 0/0
  2897 ;;		On exit  : 0/0
  2898 ;;		Unchanged: 0/0
  2899 ;; Data sizes:     COMRAM   BANK0   BANK1   BANK2   BANK3   BANK4   BANK5   BANK6   BANK7
  2900 ;;      Params:         0       0       0       0       0       0       0       0       0
  2901 ;;      Locals:         1       0       0       0       0       0       0       0       0
  2902 ;;      Temps:          0       0       0       0       0       0       0       0       0
  2903 ;;      Totals:         1       0       0       0       0       0       0       0       0
  2904 ;;Total ram usage:        1 bytes
  2905 ;; Hardware stack levels used: 1
  2906 ;; This function calls:
  2907 ;;		_I2C_Start
  2908 ;;		_I2C_Stop
  2909 ;;		_I2C_Write
  2910 ;; This function is called by:
  2911 ;;		_OLED_SetCursor
  2912 ;;		_OLED_Init
  2913 ;; This function uses a non-reentrant model
  2914 ;;
  2915                           
  2916                           	psect	text16
  2917   007466                     __ptext16:
  2918                           	callstack 0
  2919   007466                     _OLED_Cmd:
  2920                           	callstack 27
  2921                           
  2922                           ;incstack = 0
  2923                           ;OLED_Cmd@c stored from wreg
  2924   007466  6E02               	movwf	OLED_Cmd@c^0,c
  2925   007468  ECE9  F039         	call	_I2C_Start	;wreg free
  2926   00746C  0E78               	movlw	120
  2927   00746E  EC06  F03A         	call	_I2C_Write
  2928   007472  0E00               	movlw	0
  2929   007474  EC06  F03A         	call	_I2C_Write
  2930   007478  5002               	movf	OLED_Cmd@c^0,w,c
  2931   00747A  EC06  F03A         	call	_I2C_Write
  2932   00747E  ECF2  F039         	call	_I2C_Stop	;wreg free
  2933   007482  0012               	return		;funcret
  2934   007484                     __end_of_OLED_Cmd:
  2935                           	callstack 0
  2936                           
  2937 ;; *************** function _OLED_Data *****************
  2938 ;; Defined at:
  2939 ;;		line 285 in file "main.c"
  2940 ;; Parameters:    Size  Location     Type
  2941 ;;  d               1    wreg     unsigned char 
  2942 ;; Auto vars:     Size  Location     Type
  2943 ;;  d               1    1[COMRAM] unsigned char 
  2944 ;; Return value:  Size  Location     Type
  2945 ;;                  1    wreg      void 
  2946 ;; Registers used:
  2947 ;;		wreg, status,2, cstack
  2948 ;; Tracked objects:
  2949 ;;		On entry : 0/0
  2950 ;;		On exit  : 0/0
  2951 ;;		Unchanged: 0/0
  2952 ;; Data sizes:     COMRAM   BANK0   BANK1   BANK2   BANK3   BANK4   BANK5   BANK6   BANK7
  2953 ;;      Params:         0       0       0       0       0       0       0       0       0
  2954 ;;      Locals:         1       0       0       0       0       0       0       0       0
  2955 ;;      Temps:          0       0       0       0       0       0       0       0       0
  2956 ;;      Totals:         1       0       0       0       0       0       0       0       0
  2957 ;;Total ram usage:        1 bytes
  2958 ;; Hardware stack levels used: 1
  2959 ;; This function calls:
  2960 ;;		_I2C_Start
  2961 ;;		_I2C_Stop
  2962 ;;		_I2C_Write
  2963 ;; This function is called by:
  2964 ;;		_OLED_Char
  2965 ;;		_OLED_Clear
  2966 ;; This function uses a non-reentrant model
  2967 ;;
  2968                           
  2969                           	psect	text17
  2970   007448                     __ptext17:
  2971                           	callstack 0
  2972   007448                     _OLED_Data:
  2973                           	callstack 28
  2974                           
  2975                           ;incstack = 0
  2976                           ;OLED_Data@d stored from wreg
  2977   007448  6E02               	movwf	OLED_Data@d^0,c
  2978   00744A  ECE9  F039         	call	_I2C_Start	;wreg free
  2979   00744E  0E78               	movlw	120
  2980   007450  EC06  F03A         	call	_I2C_Write
  2981   007454  0E40               	movlw	64
  2982   007456  EC06  F03A         	call	_I2C_Write
  2983   00745A  5002               	movf	OLED_Data@d^0,w,c
  2984   00745C  EC06  F03A         	call	_I2C_Write
  2985   007460  ECF2  F039         	call	_I2C_Stop	;wreg free
  2986   007464  0012               	return		;funcret
  2987   007466                     __end_of_OLED_Data:
  2988                           	callstack 0
  2989                           
  2990 ;; *************** function _MAX30102_Init *****************
  2991 ;; Defined at:
  2992 ;;		line 187 in file "main.c"
  2993 ;; Parameters:    Size  Location     Type
  2994 ;;		None
  2995 ;; Auto vars:     Size  Location     Type
  2996 ;;		None
  2997 ;; Return value:  Size  Location     Type
  2998 ;;                  1    wreg      void 
  2999 ;; Registers used:
  3000 ;;		wreg, status,2, cstack
  3001 ;; Tracked objects:
  3002 ;;		On entry : 0/0
  3003 ;;		On exit  : 0/0
  3004 ;;		Unchanged: 0/0
  3005 ;; Data sizes:     COMRAM   BANK0   BANK1   BANK2   BANK3   BANK4   BANK5   BANK6   BANK7
  3006 ;;      Params:         0       0       0       0       0       0       0       0       0
  3007 ;;      Locals:         0       0       0       0       0       0       0       0       0
  3008 ;;      Temps:          1       0       0       0       0       0       0       0       0
  3009 ;;      Totals:         1       0       0       0       0       0       0       0       0
  3010 ;;Total ram usage:        1 bytes
  3011 ;; Hardware stack levels used: 1
  3012 ;; Hardware stack levels required when called: 2
  3013 ;; This function calls:
  3014 ;;		_MAX30102_WriteReg
  3015 ;; This function is called by:
  3016 ;;		_main
  3017 ;; This function uses a non-reentrant model
  3018 ;;
  3019                           
  3020                           	psect	text18
  3021   007608                     __ptext18:
  3022                           	callstack 0
  3023   007608                     _MAX30102_Init:
  3024                           	callstack 28
  3025   007608                     
  3026                           ;main.c: 188:     MAX30102_WriteReg(0x09, 0x40);
  3027   007608  0E40               	movlw	64
  3028   00760A  6E02               	movwf	MAX30102_WriteReg@val^0,c
  3029   00760C  0E09               	movlw	9
  3030   00760E  EC15  F03A         	call	_MAX30102_WriteReg
  3031   007612                     
  3032                           ;main.c: 189:     _delay((unsigned long)((50)*(8000000/4000.0)));
  3033   007612  0E82               	movlw	130
  3034   007614  6E04               	movwf	??_MAX30102_Init^0,c
  3035   007616  0EDE               	movlw	222
  3036   007618                     u667:
  3037   007618  2EE8               	decfsz	wreg,f,c
  3038   00761A  D7FE               	bra	u667
  3039   00761C  2E04               	decfsz	??_MAX30102_Init^0,f,c
  3040   00761E  D7FC               	bra	u667
  3041   007620                     
  3042                           ;main.c: 190:     MAX30102_WriteReg(0x09, 0x02);
  3043   007620  0E02               	movlw	2
  3044   007622  6E02               	movwf	MAX30102_WriteReg@val^0,c
  3045   007624  0E09               	movlw	9
  3046   007626  EC15  F03A         	call	_MAX30102_WriteReg
  3047   00762A                     
  3048                           ;main.c: 191:     MAX30102_WriteReg(0x0A, 0x27);
  3049   00762A  0E27               	movlw	39
  3050   00762C  6E02               	movwf	MAX30102_WriteReg@val^0,c
  3051   00762E  0E0A               	movlw	10
  3052   007630  EC15  F03A         	call	_MAX30102_WriteReg
  3053   007634                     
  3054                           ;main.c: 192:     MAX30102_WriteReg(0x0C, 0x24);
  3055   007634  0E24               	movlw	36
  3056   007636  6E02               	movwf	MAX30102_WriteReg@val^0,c
  3057   007638  0E0C               	movlw	12
  3058   00763A  EC15  F03A         	call	_MAX30102_WriteReg
  3059   00763E                     
  3060                           ;main.c: 193:     MAX30102_WriteReg(0x04, 0x00);
  3061   00763E  0E00               	movlw	0
  3062   007640  6E02               	movwf	MAX30102_WriteReg@val^0,c
  3063   007642  0E04               	movlw	4
  3064   007644  EC15  F03A         	call	_MAX30102_WriteReg
  3065   007648                     
  3066                           ;main.c: 194:     MAX30102_WriteReg(0x06, 0x00);
  3067   007648  0E00               	movlw	0
  3068   00764A  6E02               	movwf	MAX30102_WriteReg@val^0,c
  3069   00764C  0E06               	movlw	6
  3070   00764E  EC15  F03A         	call	_MAX30102_WriteReg
  3071   007652  0012               	return		;funcret
  3072   007654                     __end_of_MAX30102_Init:
  3073                           	callstack 0
  3074                           
  3075 ;; *************** function _MAX30102_WriteReg *****************
  3076 ;; Defined at:
  3077 ;;		line 176 in file "main.c"
  3078 ;; Parameters:    Size  Location     Type
  3079 ;;  reg             1    wreg     unsigned char 
  3080 ;;  val             1    1[COMRAM] unsigned char 
  3081 ;; Auto vars:     Size  Location     Type
  3082 ;;  reg             1    2[COMRAM] unsigned char 
  3083 ;; Return value:  Size  Location     Type
  3084 ;;                  1    wreg      void 
  3085 ;; Registers used:
  3086 ;;		wreg, status,2, cstack
  3087 ;; Tracked objects:
  3088 ;;		On entry : 0/0
  3089 ;;		On exit  : 0/0
  3090 ;;		Unchanged: 0/0
  3091 ;; Data sizes:     COMRAM   BANK0   BANK1   BANK2   BANK3   BANK4   BANK5   BANK6   BANK7
  3092 ;;      Params:         1       0       0       0       0       0       0       0       0
  3093 ;;      Locals:         1       0       0       0       0       0       0       0       0
  3094 ;;      Temps:          0       0       0       0       0       0       0       0       0
  3095 ;;      Totals:         2       0       0       0       0       0       0       0       0
  3096 ;;Total ram usage:        2 bytes
  3097 ;; Hardware stack levels used: 1
  3098 ;; Hardware stack levels required when called: 1
  3099 ;; This function calls:
  3100 ;;		_I2C_Start
  3101 ;;		_I2C_Stop
  3102 ;;		_I2C_Write
  3103 ;; This function is called by:
  3104 ;;		_MAX30102_Init
  3105 ;; This function uses a non-reentrant model
  3106 ;;
  3107                           
  3108                           	psect	text19
  3109   00742A                     __ptext19:
  3110                           	callstack 0
  3111   00742A                     _MAX30102_WriteReg:
  3112                           	callstack 28
  3113                           
  3114                           ;incstack = 0
  3115                           ;MAX30102_WriteReg@reg stored from wreg
  3116   00742A  6E03               	movwf	MAX30102_WriteReg@reg^0,c
  3117   00742C                     
  3118                           ;main.c: 177:     I2C_Start();
  3119   00742C  ECE9  F039         	call	_I2C_Start	;wreg free
  3120   007430                     
  3121                           ;main.c: 178:     I2C_Write(0xAE);
  3122   007430  0EAE               	movlw	174
  3123   007432  EC06  F03A         	call	_I2C_Write
  3124   007436                     
  3125                           ;main.c: 179:     I2C_Write(reg);
  3126   007436  5003               	movf	MAX30102_WriteReg@reg^0,w,c
  3127   007438  EC06  F03A         	call	_I2C_Write
  3128   00743C                     
  3129                           ;main.c: 180:     I2C_Write(val);
  3130   00743C  5002               	movf	MAX30102_WriteReg@val^0,w,c
  3131   00743E  EC06  F03A         	call	_I2C_Write
  3132   007442                     
  3133                           ;main.c: 181:     I2C_Stop();
  3134   007442  ECF2  F039         	call	_I2C_Stop	;wreg free
  3135   007446  0012               	return		;funcret
  3136   007448                     __end_of_MAX30102_WriteReg:
  3137                           	callstack 0
  3138                           
  3139 ;; *************** function _MAX30102_GetRawData *****************
  3140 ;; Defined at:
  3141 ;;		line 201 in file "main.c"
  3142 ;; Parameters:    Size  Location     Type
  3143 ;;		None
  3144 ;; Auto vars:     Size  Location     Type
  3145 ;;  l               1   25[COMRAM] unsigned char 
  3146 ;;  h               1   24[COMRAM] unsigned char 
  3147 ;;  m               1   23[COMRAM] unsigned char 
  3148 ;; Return value:  Size  Location     Type
  3149 ;;                  4    3[COMRAM] unsigned long 
  3150 ;; Registers used:
  3151 ;;		wreg, status,2, status,0, cstack
  3152 ;; Tracked objects:
  3153 ;;		On entry : 0/0
  3154 ;;		On exit  : 0/0
  3155 ;;		Unchanged: 0/0
  3156 ;; Data sizes:     COMRAM   BANK0   BANK1   BANK2   BANK3   BANK4   BANK5   BANK6   BANK7
  3157 ;;      Params:         4       0       0       0       0       0       0       0       0
  3158 ;;      Locals:         3       0       0       0       0       0       0       0       0
  3159 ;;      Temps:         16       0       0       0       0       0       0       0       0
  3160 ;;      Totals:        23       0       0       0       0       0       0       0       0
  3161 ;;Total ram usage:       23 bytes
  3162 ;; Hardware stack levels used: 1
  3163 ;; Hardware stack levels required when called: 1
  3164 ;; This function calls:
  3165 ;;		_I2C_Read
  3166 ;;		_I2C_Start
  3167 ;;		_I2C_Stop
  3168 ;;		_I2C_Write
  3169 ;; This function is called by:
  3170 ;;		_main
  3171 ;; This function uses a non-reentrant model
  3172 ;;
  3173                           
  3174                           	psect	text20
  3175   007B74                     __ptext20:
  3176                           	callstack 0
  3177   007B74                     _MAX30102_GetRawData:
  3178                           	callstack 29
  3179   007B74                     
  3180                           ;main.c: 202:     unsigned char m, h, l;;main.c: 203:     I2C_Start(); I2C_Write(0xAE); 
      +                          I2C_Write(0x07); I2C_Stop();
  3181   007B74  ECE9  F039         	call	_I2C_Start	;wreg free
  3182   007B78  0EAE               	movlw	174
  3183   007B7A  EC06  F03A         	call	_I2C_Write
  3184   007B7E  0E07               	movlw	7
  3185   007B80  EC06  F03A         	call	_I2C_Write
  3186   007B84  ECF2  F039         	call	_I2C_Stop	;wreg free
  3187                           
  3188                           ;main.c: 204:     I2C_Start(); I2C_Write(0xAE | 0x01);
  3189   007B88  ECE9  F039         	call	_I2C_Start	;wreg free
  3190   007B8C  0EAF               	movlw	175
  3191   007B8E  EC06  F03A         	call	_I2C_Write
  3192   007B92                     
  3193                           ;main.c: 205:     m = I2C_Read(1); h = I2C_Read(1); l = I2C_Read(0);
  3194   007B92  0E01               	movlw	1
  3195   007B94  EC50  F03B         	call	_I2C_Read
  3196   007B98  6E18               	movwf	MAX30102_GetRawData@m^0,c
  3197   007B9A  0E01               	movlw	1
  3198   007B9C  EC50  F03B         	call	_I2C_Read
  3199   007BA0  6E19               	movwf	MAX30102_GetRawData@h^0,c
  3200   007BA2  0E00               	movlw	0
  3201   007BA4  EC50  F03B         	call	_I2C_Read
  3202   007BA8  6E1A               	movwf	MAX30102_GetRawData@l^0,c
  3203   007BAA                     
  3204                           ;main.c: 206:     I2C_Stop();
  3205   007BAA  ECF2  F039         	call	_I2C_Stop	;wreg free
  3206   007BAE                     
  3207                           ;main.c: 207:     return ((unsigned long)m << 16 | (unsigned long)h << 8 | l) & 0x03FFFF
      +                          ;
  3208   007BAE  C019  F008         	movff	MAX30102_GetRawData@h,??_MAX30102_GetRawData
  3209   007BB2  6A09               	clrf	(??_MAX30102_GetRawData+1)^0,c
  3210   007BB4  6A0A               	clrf	(??_MAX30102_GetRawData+2)^0,c
  3211   007BB6  6A0B               	clrf	(??_MAX30102_GetRawData+3)^0,c
  3212   007BB8  C00A  F00B         	movff	??_MAX30102_GetRawData+2,??_MAX30102_GetRawData+3
  3213   007BBC  C009  F00A         	movff	??_MAX30102_GetRawData+1,??_MAX30102_GetRawData+2
  3214   007BC0  C008  F009         	movff	??_MAX30102_GetRawData,??_MAX30102_GetRawData+1
  3215   007BC4  6A08               	clrf	??_MAX30102_GetRawData^0,c
  3216   007BC6  C018  F00C         	movff	MAX30102_GetRawData@m,??_MAX30102_GetRawData+4
  3217   007BCA  6A0D               	clrf	(??_MAX30102_GetRawData+5)^0,c
  3218   007BCC  6A0E               	clrf	(??_MAX30102_GetRawData+6)^0,c
  3219   007BCE  6A0F               	clrf	(??_MAX30102_GetRawData+7)^0,c
  3220   007BD0  C00D  F00F         	movff	??_MAX30102_GetRawData+5,??_MAX30102_GetRawData+7
  3221   007BD4  C00C  F00E         	movff	??_MAX30102_GetRawData+4,??_MAX30102_GetRawData+6
  3222   007BD8  6A0D               	clrf	(??_MAX30102_GetRawData+5)^0,c
  3223   007BDA  6A0C               	clrf	(??_MAX30102_GetRawData+4)^0,c
  3224   007BDC  5008               	movf	??_MAX30102_GetRawData^0,w,c
  3225   007BDE  100C               	iorwf	(??_MAX30102_GetRawData+4)^0,w,c
  3226   007BE0  6E10               	movwf	(??_MAX30102_GetRawData+8)^0,c
  3227   007BE2  5009               	movf	(??_MAX30102_GetRawData+1)^0,w,c
  3228   007BE4  100D               	iorwf	(??_MAX30102_GetRawData+5)^0,w,c
  3229   007BE6  6E11               	movwf	(??_MAX30102_GetRawData+9)^0,c
  3230   007BE8  500A               	movf	(??_MAX30102_GetRawData+2)^0,w,c
  3231   007BEA  100E               	iorwf	(??_MAX30102_GetRawData+6)^0,w,c
  3232   007BEC  6E12               	movwf	(??_MAX30102_GetRawData+10)^0,c
  3233   007BEE  500B               	movf	(??_MAX30102_GetRawData+3)^0,w,c
  3234   007BF0  100F               	iorwf	(??_MAX30102_GetRawData+7)^0,w,c
  3235   007BF2  6E13               	movwf	(??_MAX30102_GetRawData+11)^0,c
  3236   007BF4  501A               	movf	MAX30102_GetRawData@l^0,w,c
  3237   007BF6  1010               	iorwf	(??_MAX30102_GetRawData+8)^0,w,c
  3238   007BF8  6E14               	movwf	(??_MAX30102_GetRawData+12)^0,c
  3239   007BFA  5011               	movf	(??_MAX30102_GetRawData+9)^0,w,c
  3240   007BFC  6E15               	movwf	(??_MAX30102_GetRawData+13)^0,c
  3241   007BFE  5012               	movf	(??_MAX30102_GetRawData+10)^0,w,c
  3242   007C00  6E16               	movwf	(??_MAX30102_GetRawData+14)^0,c
  3243   007C02  5013               	movf	(??_MAX30102_GetRawData+11)^0,w,c
  3244   007C04  6E17               	movwf	(??_MAX30102_GetRawData+15)^0,c
  3245   007C06  0EFF               	movlw	255
  3246   007C08  1414               	andwf	(??_MAX30102_GetRawData+12)^0,w,c
  3247   007C0A  6E04               	movwf	?_MAX30102_GetRawData^0,c
  3248   007C0C  0EFF               	movlw	255
  3249   007C0E  1415               	andwf	(??_MAX30102_GetRawData+13)^0,w,c
  3250   007C10  6E05               	movwf	(?_MAX30102_GetRawData+1)^0,c
  3251   007C12  0E03               	movlw	3
  3252   007C14  1416               	andwf	(??_MAX30102_GetRawData+14)^0,w,c
  3253   007C16  6E06               	movwf	(?_MAX30102_GetRawData+2)^0,c
  3254   007C18  0E00               	movlw	0
  3255   007C1A  1417               	andwf	(??_MAX30102_GetRawData+15)^0,w,c
  3256   007C1C  6E07               	movwf	(?_MAX30102_GetRawData+3)^0,c
  3257   007C1E  0012               	return		;funcret
  3258   007C20                     __end_of_MAX30102_GetRawData:
  3259                           	callstack 0
  3260                           
  3261 ;; *************** function _I2C_Write *****************
  3262 ;; Defined at:
  3263 ;;		line 155 in file "main.c"
  3264 ;; Parameters:    Size  Location     Type
  3265 ;;  d               1    wreg     unsigned char 
  3266 ;; Auto vars:     Size  Location     Type
  3267 ;;  d               1    0[COMRAM] unsigned char 
  3268 ;; Return value:  Size  Location     Type
  3269 ;;                  1    wreg      void 
  3270 ;; Registers used:
  3271 ;;		wreg, status,2, cstack
  3272 ;; Tracked objects:
  3273 ;;		On entry : 0/0
  3274 ;;		On exit  : 0/0
  3275 ;;		Unchanged: 0/0
  3276 ;; Data sizes:     COMRAM   BANK0   BANK1   BANK2   BANK3   BANK4   BANK5   BANK6   BANK7
  3277 ;;      Params:         0       0       0       0       0       0       0       0       0
  3278 ;;      Locals:         1       0       0       0       0       0       0       0       0
  3279 ;;      Temps:          0       0       0       0       0       0       0       0       0
  3280 ;;      Totals:         1       0       0       0       0       0       0       0       0
  3281 ;;Total ram usage:        1 bytes
  3282 ;; Hardware stack levels used: 1
  3283 ;; This function calls:
  3284 ;;		Nothing
  3285 ;; This function is called by:
  3286 ;;		_MAX30102_WriteReg
  3287 ;;		_MAX30102_GetRawData
  3288 ;;		_OLED_Cmd
  3289 ;;		_OLED_Data
  3290 ;; This function uses a non-reentrant model
  3291 ;;
  3292                           
  3293                           	psect	text21
  3294   00740C                     __ptext21:
  3295                           	callstack 0
  3296   00740C                     _I2C_Write:
  3297                           	callstack 26
  3298                           
  3299                           ;incstack = 0
  3300                           ;I2C_Write@d stored from wreg
  3301   00740C  6E01               	movwf	I2C_Write@d^0,c
  3302   00740E                     
  3303                           ;main.c: 156:     SSPBUF = d;
  3304   00740E  C001  FFC9         	movff	I2C_Write@d,4041	;volatile
  3305   007412                     l56:
  3306   007412  B0C7               	btfsc	199,0,c	;volatile
  3307   007414  EF0E  F03A         	goto	u31
  3308   007418  EF10  F03A         	goto	u30
  3309   00741C                     u31:
  3310   00741C  EF09  F03A         	goto	l56
  3311   007420                     u30:
  3312   007420                     
  3313                           ;main.c: 158:     _delay((unsigned long)((5)*(8000000/4000000.0)));
  3314   007420  0E03               	movlw	3
  3315   007422                     u677:
  3316   007422  2EE8               	decfsz	wreg,f,c
  3317   007424  D7FE               	bra	u677
  3318   007426  0000               	nop	
  3319   007428  0012               	return		;funcret
  3320   00742A                     __end_of_I2C_Write:
  3321                           	callstack 0
  3322                           
  3323 ;; *************** function _I2C_Stop *****************
  3324 ;; Defined at:
  3325 ;;		line 153 in file "main.c"
  3326 ;; Parameters:    Size  Location     Type
  3327 ;;		None
  3328 ;; Auto vars:     Size  Location     Type
  3329 ;;		None
  3330 ;; Return value:  Size  Location     Type
  3331 ;;                  1    wreg      void 
  3332 ;; Registers used:
  3333 ;;		None
  3334 ;; Tracked objects:
  3335 ;;		On entry : 0/0
  3336 ;;		On exit  : 0/0
  3337 ;;		Unchanged: 0/0
  3338 ;; Data sizes:     COMRAM   BANK0   BANK1   BANK2   BANK3   BANK4   BANK5   BANK6   BANK7
  3339 ;;      Params:         0       0       0       0       0       0       0       0       0
  3340 ;;      Locals:         0       0       0       0       0       0       0       0       0
  3341 ;;      Temps:          0       0       0       0       0       0       0       0       0
  3342 ;;      Totals:         0       0       0       0       0       0       0       0       0
  3343 ;;Total ram usage:        0 bytes
  3344 ;; Hardware stack levels used: 1
  3345 ;; This function calls:
  3346 ;;		Nothing
  3347 ;; This function is called by:
  3348 ;;		_MAX30102_WriteReg
  3349 ;;		_MAX30102_GetRawData
  3350 ;;		_OLED_Cmd
  3351 ;;		_OLED_Data
  3352 ;; This function uses a non-reentrant model
  3353 ;;
  3354                           
  3355                           	psect	text22
  3356   0073E4                     __ptext22:
  3357                           	callstack 0
  3358   0073E4                     _I2C_Stop:
  3359                           	callstack 26
  3360   0073E4  84C5               	bsf	197,2,c	;volatile
  3361   0073E6                     l50:
  3362   0073E6  B4C5               	btfsc	197,2,c	;volatile
  3363   0073E8  EFF8  F039         	goto	u21
  3364   0073EC  EFFA  F039         	goto	u20
  3365   0073F0                     u21:
  3366   0073F0  EFF3  F039         	goto	l50
  3367   0073F4                     u20:
  3368   0073F4  0012               	return		;funcret
  3369   0073F6                     __end_of_I2C_Stop:
  3370                           	callstack 0
  3371                           
  3372 ;; *************** function _I2C_Start *****************
  3373 ;; Defined at:
  3374 ;;		line 152 in file "main.c"
  3375 ;; Parameters:    Size  Location     Type
  3376 ;;		None
  3377 ;; Auto vars:     Size  Location     Type
  3378 ;;		None
  3379 ;; Return value:  Size  Location     Type
  3380 ;;                  1    wreg      void 
  3381 ;; Registers used:
  3382 ;;		None
  3383 ;; Tracked objects:
  3384 ;;		On entry : 0/0
  3385 ;;		On exit  : 0/0
  3386 ;;		Unchanged: 0/0
  3387 ;; Data sizes:     COMRAM   BANK0   BANK1   BANK2   BANK3   BANK4   BANK5   BANK6   BANK7
  3388 ;;      Params:         0       0       0       0       0       0       0       0       0
  3389 ;;      Locals:         0       0       0       0       0       0       0       0       0
  3390 ;;      Temps:          0       0       0       0       0       0       0       0       0
  3391 ;;      Totals:         0       0       0       0       0       0       0       0       0
  3392 ;;Total ram usage:        0 bytes
  3393 ;; Hardware stack levels used: 1
  3394 ;; This function calls:
  3395 ;;		Nothing
  3396 ;; This function is called by:
  3397 ;;		_MAX30102_WriteReg
  3398 ;;		_MAX30102_GetRawData
  3399 ;;		_OLED_Cmd
  3400 ;;		_OLED_Data
  3401 ;; This function uses a non-reentrant model
  3402 ;;
  3403                           
  3404                           	psect	text23
  3405   0073D2                     __ptext23:
  3406                           	callstack 0
  3407   0073D2                     _I2C_Start:
  3408                           	callstack 26
  3409   0073D2  80C5               	bsf	197,0,c	;volatile
  3410   0073D4                     l44:
  3411   0073D4  B0C5               	btfsc	197,0,c	;volatile
  3412   0073D6  EFEF  F039         	goto	u11
  3413   0073DA  EFF1  F039         	goto	u10
  3414   0073DE                     u11:
  3415   0073DE  EFEA  F039         	goto	l44
  3416   0073E2                     u10:
  3417   0073E2  0012               	return		;funcret
  3418   0073E4                     __end_of_I2C_Start:
  3419                           	callstack 0
  3420                           
  3421 ;; *************** function _I2C_Read *****************
  3422 ;; Defined at:
  3423 ;;		line 161 in file "main.c"
  3424 ;; Parameters:    Size  Location     Type
  3425 ;;  ack             1    wreg     unsigned char 
  3426 ;; Auto vars:     Size  Location     Type
  3427 ;;  ack             1    1[COMRAM] unsigned char 
  3428 ;;  t               1    2[COMRAM] unsigned char 
  3429 ;; Return value:  Size  Location     Type
  3430 ;;                  1    wreg      unsigned char 
  3431 ;; Registers used:
  3432 ;;		wreg, status,2, status,0
  3433 ;; Tracked objects:
  3434 ;;		On entry : 0/0
  3435 ;;		On exit  : 0/0
  3436 ;;		Unchanged: 0/0
  3437 ;; Data sizes:     COMRAM   BANK0   BANK1   BANK2   BANK3   BANK4   BANK5   BANK6   BANK7
  3438 ;;      Params:         0       0       0       0       0       0       0       0       0
  3439 ;;      Locals:         2       0       0       0       0       0       0       0       0
  3440 ;;      Temps:          1       0       0       0       0       0       0       0       0
  3441 ;;      Totals:         3       0       0       0       0       0       0       0       0
  3442 ;;Total ram usage:        3 bytes
  3443 ;; Hardware stack levels used: 1
  3444 ;; This function calls:
  3445 ;;		Nothing
  3446 ;; This function is called by:
  3447 ;;		_MAX30102_GetRawData
  3448 ;; This function uses a non-reentrant model
  3449 ;;
  3450                           
  3451                           	psect	text24
  3452   0076A0                     __ptext24:
  3453                           	callstack 0
  3454   0076A0                     _I2C_Read:
  3455                           	callstack 29
  3456                           
  3457                           ;incstack = 0
  3458                           ;I2C_Read@ack stored from wreg
  3459   0076A0  6E02               	movwf	I2C_Read@ack^0,c
  3460   0076A2                     
  3461                           ;main.c: 162:     unsigned char t;;main.c: 163:     SSPCON2bits.RCEN = 1;
  3462   0076A2  86C5               	bsf	197,3,c	;volatile
  3463   0076A4                     l62:
  3464   0076A4  A0C7               	btfss	199,0,c	;volatile
  3465   0076A6  EF57  F03B         	goto	u51
  3466   0076AA  EF59  F03B         	goto	u50
  3467   0076AE                     u51:
  3468   0076AE  EF52  F03B         	goto	l62
  3469   0076B2                     u50:
  3470   0076B2                     
  3471                           ;main.c: 165:     t = SSPBUF;
  3472   0076B2  CFC9 F003          	movff	4041,I2C_Read@t	;volatile
  3473   0076B6                     
  3474                           ;main.c: 166:     SSPCON2bits.ACKDT = ack ? 0 : 1;
  3475   0076B6  5002               	movf	I2C_Read@ack^0,w,c
  3476   0076B8  B4D8               	btfsc	status,2,c
  3477   0076BA  EF61  F03B         	goto	u61
  3478   0076BE  EF65  F03B         	goto	u60
  3479   0076C2                     u61:
  3480   0076C2  6A01               	clrf	??_I2C_Read^0,c
  3481   0076C4  2A01               	incf	??_I2C_Read^0,f,c
  3482   0076C6  EF66  F03B         	goto	u78
  3483   0076CA                     u60:
  3484   0076CA  6A01               	clrf	??_I2C_Read^0,c
  3485   0076CC                     u78:
  3486   0076CC  3A01               	swapf	??_I2C_Read^0,f,c
  3487   0076CE  4601               	rlncf	??_I2C_Read^0,f,c
  3488   0076D0  50C5               	movf	197,w,c	;volatile
  3489   0076D2  1801               	xorwf	??_I2C_Read^0,w,c
  3490   0076D4  0BDF               	andlw	-33
  3491   0076D6  1801               	xorwf	??_I2C_Read^0,w,c
  3492   0076D8  6EC5               	movwf	197,c	;volatile
  3493   0076DA                     
  3494                           ;main.c: 167:     SSPCON2bits.ACKEN = 1;
  3495   0076DA  88C5               	bsf	197,4,c	;volatile
  3496   0076DC                     l65:
  3497   0076DC  B8C5               	btfsc	197,4,c	;volatile
  3498   0076DE  EF73  F03B         	goto	u81
  3499   0076E2  EF75  F03B         	goto	u80
  3500   0076E6                     u81:
  3501   0076E6  EF6E  F03B         	goto	l65
  3502   0076EA                     u80:
  3503   0076EA                     
  3504                           ;main.c: 169:     return t;
  3505   0076EA  5003               	movf	I2C_Read@t^0,w,c
  3506   0076EC  0012               	return		;funcret
  3507   0076EE                     __end_of_I2C_Read:
  3508                           	callstack 0
  3509                           
  3510 ;; *************** function _I2C_Init *****************
  3511 ;; Defined at:
  3512 ;;		line 144 in file "main.c"
  3513 ;; Parameters:    Size  Location     Type
  3514 ;;		None
  3515 ;; Auto vars:     Size  Location     Type
  3516 ;;		None
  3517 ;; Return value:  Size  Location     Type
  3518 ;;                  1    wreg      void 
  3519 ;; Registers used:
  3520 ;;		wreg, status,2
  3521 ;; Tracked objects:
  3522 ;;		On entry : 0/0
  3523 ;;		On exit  : 0/0
  3524 ;;		Unchanged: 0/0
  3525 ;; Data sizes:     COMRAM   BANK0   BANK1   BANK2   BANK3   BANK4   BANK5   BANK6   BANK7
  3526 ;;      Params:         0       0       0       0       0       0       0       0       0
  3527 ;;      Locals:         0       0       0       0       0       0       0       0       0
  3528 ;;      Temps:          0       0       0       0       0       0       0       0       0
  3529 ;;      Totals:         0       0       0       0       0       0       0       0       0
  3530 ;;Total ram usage:        0 bytes
  3531 ;; Hardware stack levels used: 1
  3532 ;; This function calls:
  3533 ;;		Nothing
  3534 ;; This function is called by:
  3535 ;;		_main
  3536 ;; This function uses a non-reentrant model
  3537 ;;
  3538                           
  3539                           	psect	text25
  3540   0073C0                     __ptext25:
  3541                           	callstack 0
  3542   0073C0                     _I2C_Init:
  3543                           	callstack 30
  3544   0073C0                     
  3545                           ;main.c: 145:     TRISBbits.TRISB0 = 1;
  3546   0073C0  8093               	bsf	147,0,c	;volatile
  3547                           
  3548                           ;main.c: 146:     TRISBbits.TRISB1 = 1;
  3549   0073C2  8293               	bsf	147,1,c	;volatile
  3550   0073C4                     
  3551                           ;main.c: 147:     SSPSTAT = 0x80;
  3552   0073C4  0E80               	movlw	128
  3553   0073C6  6EC7               	movwf	199,c	;volatile
  3554                           
  3555                           ;main.c: 148:     SSPCON1 = 0x28;
  3556   0073C8  0E28               	movlw	40
  3557   0073CA  6EC6               	movwf	198,c	;volatile
  3558                           
  3559                           ;main.c: 149:     SSPADD = 19;
  3560   0073CC  0E13               	movlw	19
  3561   0073CE  6EC8               	movwf	200,c	;volatile
  3562   0073D0  0012               	return		;funcret
  3563   0073D2                     __end_of_I2C_Init:
  3564                           	callstack 0
  3565                           
  3566 ;; *************** function _DS18B20_ReadTemp *****************
  3567 ;; Defined at:
  3568 ;;		line 249 in file "main.c"
  3569 ;; Parameters:    Size  Location     Type
  3570 ;;		None
  3571 ;; Auto vars:     Size  Location     Type
  3572 ;;  alto            1   10[COMRAM] unsigned char 
  3573 ;;  bajo            1    9[COMRAM] unsigned char 
  3574 ;; Return value:  Size  Location     Type
  3575 ;;                  2    4[COMRAM] unsigned int 
  3576 ;; Registers used:
  3577 ;;		wreg, status,2, status,0, cstack
  3578 ;; Tracked objects:
  3579 ;;		On entry : 0/0
  3580 ;;		On exit  : 0/0
  3581 ;;		Unchanged: 0/0
  3582 ;; Data sizes:     COMRAM   BANK0   BANK1   BANK2   BANK3   BANK4   BANK5   BANK6   BANK7
  3583 ;;      Params:         2       0       0       0       0       0       0       0       0
  3584 ;;      Locals:         2       0       0       0       0       0       0       0       0
  3585 ;;      Temps:          3       0       0       0       0       0       0       0       0
  3586 ;;      Totals:         7       0       0       0       0       0       0       0       0
  3587 ;;Total ram usage:        7 bytes
  3588 ;; Hardware stack levels used: 1
  3589 ;; Hardware stack levels required when called: 1
  3590 ;; This function calls:
  3591 ;;		_DS18B20_ReadByte
  3592 ;;		_DS18B20_Reset
  3593 ;;		_DS18B20_WriteByte
  3594 ;; This function is called by:
  3595 ;;		_main
  3596 ;; This function uses a non-reentrant model
  3597 ;;
  3598                           
  3599                           	psect	text26
  3600   0077B0                     __ptext26:
  3601                           	callstack 0
  3602   0077B0                     _DS18B20_ReadTemp:
  3603                           	callstack 29
  3604   0077B0                     
  3605                           ;main.c: 250:     unsigned char bajo, alto;;main.c: 251:     DS18B20_Reset();
  3606   0077B0  EC62  F03A         	call	_DS18B20_Reset	;wreg free
  3607   0077B4                     
  3608                           ;main.c: 252:     DS18B20_WriteByte(0xCC);
  3609   0077B4  0ECC               	movlw	204
  3610   0077B6  ECC6  F03A         	call	_DS18B20_WriteByte
  3611   0077BA                     
  3612                           ;main.c: 253:     DS18B20_WriteByte(0x44);
  3613   0077BA  0E44               	movlw	68
  3614   0077BC  ECC6  F03A         	call	_DS18B20_WriteByte
  3615   0077C0                     
  3616                           ;main.c: 254:     _delay((unsigned long)((750)*(8000000/4000.0)));
  3617   0077C0  0E08               	movlw	8
  3618   0077C2  6E08               	movwf	(??_DS18B20_ReadTemp+1)^0,c
  3619   0077C4  0E9D               	movlw	157
  3620   0077C6  6E07               	movwf	??_DS18B20_ReadTemp^0,c
  3621   0077C8  0E06               	movlw	6
  3622   0077CA                     u687:
  3623   0077CA  2EE8               	decfsz	wreg,f,c
  3624   0077CC  D7FE               	bra	u687
  3625   0077CE  2E07               	decfsz	??_DS18B20_ReadTemp^0,f,c
  3626   0077D0  D7FC               	bra	u687
  3627   0077D2  2E08               	decfsz	(??_DS18B20_ReadTemp+1)^0,f,c
  3628   0077D4  D7FA               	bra	u687
  3629   0077D6                     
  3630                           ;main.c: 255:     DS18B20_Reset();
  3631   0077D6  EC62  F03A         	call	_DS18B20_Reset	;wreg free
  3632   0077DA                     
  3633                           ;main.c: 256:     DS18B20_WriteByte(0xCC);
  3634   0077DA  0ECC               	movlw	204
  3635   0077DC  ECC6  F03A         	call	_DS18B20_WriteByte
  3636   0077E0                     
  3637                           ;main.c: 257:     DS18B20_WriteByte(0xBE);
  3638   0077E0  0EBE               	movlw	190
  3639   0077E2  ECC6  F03A         	call	_DS18B20_WriteByte
  3640   0077E6                     
  3641                           ;main.c: 258:     bajo = DS18B20_ReadByte();
  3642   0077E6  EC77  F03B         	call	_DS18B20_ReadByte	;wreg free
  3643   0077EA  6E0A               	movwf	DS18B20_ReadTemp@bajo^0,c
  3644   0077EC                     
  3645                           ;main.c: 259:     alto = DS18B20_ReadByte();
  3646   0077EC  EC77  F03B         	call	_DS18B20_ReadByte	;wreg free
  3647   0077F0  6E0B               	movwf	DS18B20_ReadTemp@alto^0,c
  3648   0077F2                     
  3649                           ;main.c: 260:     return (unsigned int)(((alto << 8) | bajo) >> 4);
  3650   0077F2  500A               	movf	DS18B20_ReadTemp@bajo^0,w,c
  3651   0077F4  C00B  F007         	movff	DS18B20_ReadTemp@alto,??_DS18B20_ReadTemp
  3652   0077F8  6A08               	clrf	(??_DS18B20_ReadTemp+1)^0,c
  3653   0077FA  C007  F008         	movff	??_DS18B20_ReadTemp,??_DS18B20_ReadTemp+1
  3654   0077FE  6A07               	clrf	??_DS18B20_ReadTemp^0,c
  3655   007800  1207               	iorwf	??_DS18B20_ReadTemp^0,f,c
  3656   007802  0E00               	movlw	0
  3657   007804  1208               	iorwf	(??_DS18B20_ReadTemp+1)^0,f,c
  3658   007806  0E04               	movlw	4
  3659   007808  6E09               	movwf	(??_DS18B20_ReadTemp+2)^0,c
  3660   00780A                     u505:
  3661   00780A  3408               	rlcf	(??_DS18B20_ReadTemp+1)^0,w,c
  3662   00780C  3208               	rrcf	(??_DS18B20_ReadTemp+1)^0,f,c
  3663   00780E  3207               	rrcf	??_DS18B20_ReadTemp^0,f,c
  3664   007810  2E09               	decfsz	(??_DS18B20_ReadTemp+2)^0,f,c
  3665   007812  EF05  F03C         	goto	u505
  3666   007816  C007  F005         	movff	??_DS18B20_ReadTemp,?_DS18B20_ReadTemp
  3667   00781A  C008  F006         	movff	??_DS18B20_ReadTemp+1,?_DS18B20_ReadTemp+1
  3668   00781E  0012               	return		;funcret
  3669   007820                     __end_of_DS18B20_ReadTemp:
  3670                           	callstack 0
  3671                           
  3672 ;; *************** function _DS18B20_WriteByte *****************
  3673 ;; Defined at:
  3674 ;;		line 223 in file "main.c"
  3675 ;; Parameters:    Size  Location     Type
  3676 ;;  dato            1    wreg     unsigned char 
  3677 ;; Auto vars:     Size  Location     Type
  3678 ;;  dato            1    0[COMRAM] unsigned char 
  3679 ;;  i               1    1[COMRAM] unsigned char 
  3680 ;; Return value:  Size  Location     Type
  3681 ;;                  1    wreg      void 
  3682 ;; Registers used:
  3683 ;;		wreg, status,2, status,0
  3684 ;; Tracked objects:
  3685 ;;		On entry : 0/0
  3686 ;;		On exit  : 0/0
  3687 ;;		Unchanged: 0/0
  3688 ;; Data sizes:     COMRAM   BANK0   BANK1   BANK2   BANK3   BANK4   BANK5   BANK6   BANK7
  3689 ;;      Params:         0       0       0       0       0       0       0       0       0
  3690 ;;      Locals:         2       0       0       0       0       0       0       0       0
  3691 ;;      Temps:          0       0       0       0       0       0       0       0       0
  3692 ;;      Totals:         2       0       0       0       0       0       0       0       0
  3693 ;;Total ram usage:        2 bytes
  3694 ;; Hardware stack levels used: 1
  3695 ;; This function calls:
  3696 ;;		Nothing
  3697 ;; This function is called by:
  3698 ;;		_DS18B20_ReadTemp
  3699 ;; This function uses a non-reentrant model
  3700 ;;
  3701                           
  3702                           	psect	text27
  3703   00758C                     __ptext27:
  3704                           	callstack 0
  3705   00758C                     _DS18B20_WriteByte:
  3706                           	callstack 29
  3707                           
  3708                           ;incstack = 0
  3709                           ;DS18B20_WriteByte@dato stored from wreg
  3710   00758C  6E01               	movwf	DS18B20_WriteByte@dato^0,c
  3711   00758E                     
  3712                           ;main.c: 224:     unsigned char i;;main.c: 225:     for(i = 0; i < 8; i++) {
  3713   00758E  6A02               	clrf	DS18B20_WriteByte@i^0,c
  3714   007590                     l84:
  3715                           
  3716                           ;main.c: 226:         TRISBbits.TRISB5 = 0; PORTBbits.RB5 = 0; _delay((unsigned long)((2
      +                          )*(8000000/4000000.0)));
  3717   007590  9A93               	bcf	147,5,c	;volatile
  3718   007592  9A81               	bcf	129,5,c	;volatile
  3719   007594  D000               	nop2		;2 cycle nop
  3720   007596  D000               	nop2		;2 cycle nop
  3721                           
  3722                           ;main.c: 227:         if(dato & 0x01) TRISBbits.TRISB5 = 1;
  3723   007598  A001               	btfss	DS18B20_WriteByte@dato^0,0,c
  3724   00759A  EFD1  F03A         	goto	u101
  3725   00759E  EFD3  F03A         	goto	u100
  3726   0075A2                     u101:
  3727   0075A2  EFD4  F03A         	goto	l1087
  3728   0075A6                     u100:
  3729   0075A6  8A93               	bsf	147,5,c	;volatile
  3730   0075A8                     l1087:
  3731                           
  3732                           ;main.c: 228:         _delay((unsigned long)((60)*(8000000/4000000.0)));
  3733   0075A8  0E28               	movlw	40
  3734   0075AA                     u697:
  3735   0075AA  2EE8               	decfsz	wreg,f,c
  3736   0075AC  D7FE               	bra	u697
  3737   0075AE                     
  3738                           ;main.c: 229:         TRISBbits.TRISB5 = 1;
  3739   0075AE  8A93               	bsf	147,5,c	;volatile
  3740   0075B0                     
  3741                           ;main.c: 230:         dato >>= 1;
  3742   0075B0  90D8               	bcf	status,0,c
  3743   0075B2  3201               	rrcf	DS18B20_WriteByte@dato^0,f,c
  3744                           
  3745                           ;main.c: 231:     }
  3746   0075B4  2A02               	incf	DS18B20_WriteByte@i^0,f,c
  3747   0075B6  0E07               	movlw	7
  3748   0075B8  6402               	cpfsgt	DS18B20_WriteByte@i^0,c
  3749   0075BA  EFE1  F03A         	goto	u111
  3750   0075BE  EFE3  F03A         	goto	u110
  3751   0075C2                     u111:
  3752   0075C2  EFC8  F03A         	goto	l84
  3753   0075C6                     u110:
  3754   0075C6  0012               	return		;funcret
  3755   0075C8                     __end_of_DS18B20_WriteByte:
  3756                           	callstack 0
  3757                           
  3758 ;; *************** function _DS18B20_Reset *****************
  3759 ;; Defined at:
  3760 ;;		line 214 in file "main.c"
  3761 ;; Parameters:    Size  Location     Type
  3762 ;;		None
  3763 ;; Auto vars:     Size  Location     Type
  3764 ;;  p               1    0        unsigned char 
  3765 ;; Return value:  Size  Location     Type
  3766 ;;                  1    wreg      unsigned char 
  3767 ;; Registers used:
  3768 ;;		wreg, status,2
  3769 ;; Tracked objects:
  3770 ;;		On entry : 0/0
  3771 ;;		On exit  : 0/0
  3772 ;;		Unchanged: 0/0
  3773 ;; Data sizes:     COMRAM   BANK0   BANK1   BANK2   BANK3   BANK4   BANK5   BANK6   BANK7
  3774 ;;      Params:         0       0       0       0       0       0       0       0       0
  3775 ;;      Locals:         0       0       0       0       0       0       0       0       0
  3776 ;;      Temps:          0       0       0       0       0       0       0       0       0
  3777 ;;      Totals:         0       0       0       0       0       0       0       0       0
  3778 ;;Total ram usage:        0 bytes
  3779 ;; Hardware stack levels used: 1
  3780 ;; This function calls:
  3781 ;;		Nothing
  3782 ;; This function is called by:
  3783 ;;		_DS18B20_ReadTemp
  3784 ;; This function uses a non-reentrant model
  3785 ;;
  3786                           
  3787                           	psect	text28
  3788   0074C4                     __ptext28:
  3789                           	callstack 0
  3790   0074C4                     _DS18B20_Reset:
  3791                           	callstack 29
  3792   0074C4                     
  3793                           ;main.c: 216:     TRISBbits.TRISB5 = 0; PORTBbits.RB5 = 0; _delay((unsigned long)((480)*
      +                          (8000000/4000000.0)));
  3794   0074C4  9A93               	bcf	147,5,c	;volatile
  3795   0074C6  9A81               	bcf	129,5,c	;volatile
  3796   0074C8  0EC0               	movlw	192
  3797   0074CA                     u707:
  3798   0074CA  D000               	nop2	
  3799   0074CC  2EE8               	decfsz	wreg,f,c
  3800   0074CE  D7FD               	bra	u707
  3801   0074D0                     
  3802                           ;main.c: 217:     TRISBbits.TRISB5 = 1; _delay((unsigned long)((60)*(8000000/4000000.0))
      +                          );
  3803   0074D0  8A93               	bsf	147,5,c	;volatile
  3804   0074D2  0E28               	movlw	40
  3805   0074D4                     u717:
  3806   0074D4  2EE8               	decfsz	wreg,f,c
  3807   0074D6  D7FE               	bra	u717
  3808   0074D8                     
  3809                           ;main.c: 218:     if(PORTBbits.RB5 == 0) p = 0;
  3810   0074D8  BA81               	btfsc	129,5,c	;volatile
  3811   0074DA  EF71  F03A         	goto	u91
  3812   0074DE  EF73  F03A         	goto	u90
  3813   0074E2                     u91:
  3814   0074E2  EF73  F03A         	goto	l1075
  3815   0074E6                     u90:
  3816   0074E6                     l1075:
  3817                           
  3818                           ;main.c: 219:     _delay((unsigned long)((420)*(8000000/4000000.0)));
  3819   0074E6  0EA8               	movlw	168
  3820   0074E8                     u727:
  3821   0074E8  D000               	nop2	
  3822   0074EA  2EE8               	decfsz	wreg,f,c
  3823   0074EC  D7FD               	bra	u727
  3824   0074EE  0012               	return		;funcret
  3825   0074F0                     __end_of_DS18B20_Reset:
  3826                           	callstack 0
  3827                           
  3828 ;; *************** function _DS18B20_ReadByte *****************
  3829 ;; Defined at:
  3830 ;;		line 234 in file "main.c"
  3831 ;; Parameters:    Size  Location     Type
  3832 ;;		None
  3833 ;; Auto vars:     Size  Location     Type
  3834 ;;  i               1    3[COMRAM] unsigned char 
  3835 ;;  dato            1    2[COMRAM] unsigned char 
  3836 ;; Return value:  Size  Location     Type
  3837 ;;                  1    wreg      unsigned char 
  3838 ;; Registers used:
  3839 ;;		wreg, status,2, status,0
  3840 ;; Tracked objects:
  3841 ;;		On entry : 0/0
  3842 ;;		On exit  : 0/0
  3843 ;;		Unchanged: 0/0
  3844 ;; Data sizes:     COMRAM   BANK0   BANK1   BANK2   BANK3   BANK4   BANK5   BANK6   BANK7
  3845 ;;      Params:         0       0       0       0       0       0       0       0       0
  3846 ;;      Locals:         2       0       0       0       0       0       0       0       0
  3847 ;;      Temps:          2       0       0       0       0       0       0       0       0
  3848 ;;      Totals:         4       0       0       0       0       0       0       0       0
  3849 ;;Total ram usage:        4 bytes
  3850 ;; Hardware stack levels used: 1
  3851 ;; This function calls:
  3852 ;;		Nothing
  3853 ;; This function is called by:
  3854 ;;		_DS18B20_ReadTemp
  3855 ;; This function uses a non-reentrant model
  3856 ;;
  3857                           
  3858                           	psect	text29
  3859   0076EE                     __ptext29:
  3860                           	callstack 0
  3861   0076EE                     _DS18B20_ReadByte:
  3862                           	callstack 29
  3863   0076EE                     
  3864                           ;main.c: 235:     unsigned char i, dato = 0;
  3865   0076EE  6A03               	clrf	DS18B20_ReadByte@dato^0,c
  3866                           
  3867                           ;main.c: 236:     for(i = 0; i < 8; i++) {
  3868   0076F0  6A04               	clrf	DS18B20_ReadByte@i^0,c
  3869   0076F2                     l90:
  3870                           
  3871                           ;main.c: 237:         TRISBbits.TRISB5 = 0; PORTBbits.RB5 = 0; _delay((unsigned long)((2
      +                          )*(8000000/4000000.0)));
  3872   0076F2  9A93               	bcf	147,5,c	;volatile
  3873   0076F4  9A81               	bcf	129,5,c	;volatile
  3874   0076F6  D000               	nop2		;2 cycle nop
  3875   0076F8  D000               	nop2		;2 cycle nop
  3876                           
  3877                           ;main.c: 238:         TRISBbits.TRISB5 = 1; _delay((unsigned long)((10)*(8000000/4000000
      +                          .0)));
  3878   0076FA  8A93               	bsf	147,5,c	;volatile
  3879   0076FC  0E06               	movlw	6
  3880   0076FE                     u737:
  3881   0076FE  2EE8               	decfsz	wreg,f,c
  3882   007700  D7FE               	bra	u737
  3883   007702  D000               	nop2	
  3884   007704                     
  3885                           ;main.c: 239:         if(PORTBbits.RB5) dato |= (1 << i);
  3886   007704  AA81               	btfss	129,5,c	;volatile
  3887   007706  EF87  F03B         	goto	u121
  3888   00770A  EF89  F03B         	goto	u120
  3889   00770E                     u121:
  3890   00770E  EF97  F03B         	goto	l1107
  3891   007712                     u120:
  3892   007712  C004  F001         	movff	DS18B20_ReadByte@i,??_DS18B20_ReadByte
  3893   007716  0E01               	movlw	1
  3894   007718  6E02               	movwf	(??_DS18B20_ReadByte+1)^0,c
  3895   00771A  2A01               	incf	??_DS18B20_ReadByte^0,f,c
  3896   00771C  EF92  F03B         	goto	u134
  3897   007720                     u135:
  3898   007720  90D8               	bcf	status,0,c
  3899   007722  3602               	rlcf	(??_DS18B20_ReadByte+1)^0,f,c
  3900   007724                     u134:
  3901   007724  2E01               	decfsz	??_DS18B20_ReadByte^0,f,c
  3902   007726  EF90  F03B         	goto	u135
  3903   00772A  5002               	movf	(??_DS18B20_ReadByte+1)^0,w,c
  3904   00772C  1203               	iorwf	DS18B20_ReadByte@dato^0,f,c
  3905   00772E                     l1107:
  3906                           
  3907                           ;main.c: 240:         _delay((unsigned long)((50)*(8000000/4000000.0)));
  3908   00772E  0E21               	movlw	33
  3909   007730                     u747:
  3910   007730  2EE8               	decfsz	wreg,f,c
  3911   007732  D7FE               	bra	u747
  3912   007734  0000               	nop	
  3913                           
  3914                           ;main.c: 241:     }
  3915   007736  2A04               	incf	DS18B20_ReadByte@i^0,f,c
  3916   007738  0E07               	movlw	7
  3917   00773A  6404               	cpfsgt	DS18B20_ReadByte@i^0,c
  3918   00773C  EFA2  F03B         	goto	u141
  3919   007740  EFA4  F03B         	goto	u140
  3920   007744                     u141:
  3921   007744  EF79  F03B         	goto	l90
  3922   007748                     u140:
  3923   007748                     
  3924                           ;main.c: 242:     return dato;
  3925   007748  5003               	movf	DS18B20_ReadByte@dato^0,w,c
  3926   00774A  0012               	return		;funcret
  3927   00774C                     __end_of_DS18B20_ReadByte:
  3928                           	callstack 0
  3929                           
  3930                           	psect	rparam
  3931   000001                     ___rparam_used  equ	1
  3932   000000                     ___param_bank   equ	0
  3933   000000                     __Lparam        equ	__Lrparam
  3934   000000                     __Hparam        equ	__Hrparam
  3935                           
  3936                           	psect	config
  3937                           
  3938                           ;Config register CONFIG1L @ 0x300000
  3939                           ;	unspecified, using default values
  3940                           ;	PLL Prescaler Selection bits
  3941                           ;	PLLDIV = 0x0, unprogrammed default
  3942                           ;	System Clock Postscaler Selection bits
  3943                           ;	CPUDIV = 0x0, unprogrammed default
  3944                           ;	USB Clock Selection bit (used in Full-Speed USB mode only; UCFG:FSEN = 1)
  3945                           ;	USBDIV = 0x0, unprogrammed default
  3946   300000                     	org	3145728
  3947   300000  00                 	db	0
  3948                           
  3949                           ;Config register CONFIG1H @ 0x300001
  3950                           ;	Oscillator Selection bits
  3951                           ;	FOSC = INTOSC_EC, Internal oscillator, CLKO function on RA6, EC used by USB (INTCKO)
  3952                           ;	Fail-Safe Clock Monitor Enable bit
  3953                           ;	FCMEN = 0x0, unprogrammed default
  3954                           ;	Internal/External Oscillator Switchover bit
  3955                           ;	IESO = 0x0, unprogrammed default
  3956   300001                     	org	3145729
  3957   300001  09                 	db	9
  3958                           
  3959                           ;Config register CONFIG2L @ 0x300002
  3960                           ;	Power-up Timer Enable bit
  3961                           ;	PWRT = ON, PWRT enabled
  3962                           ;	Brown-out Reset Enable bits
  3963                           ;	BOR = 0x3, unprogrammed default
  3964                           ;	Brown-out Reset Voltage bits
  3965                           ;	BORV = 0x3, unprogrammed default
  3966                           ;	USB Voltage Regulator Enable bit
  3967                           ;	VREGEN = 0x0, unprogrammed default
  3968   300002                     	org	3145730
  3969   300002  1E                 	db	30
  3970                           
  3971                           ;Config register CONFIG2H @ 0x300003
  3972                           ;	Watchdog Timer Enable bit
  3973                           ;	WDT = OFF, WDT disabled (control is placed on the SWDTEN bit)
  3974                           ;	Watchdog Timer Postscale Select bits
  3975                           ;	WDTPS = 0xF, unprogrammed default
  3976   300003                     	org	3145731
  3977   300003  1E                 	db	30
  3978                           
  3979                           ; Padding undefined space
  3980   300004                     	org	3145732
  3981   300004  FF                 	db	255
  3982                           
  3983                           ;Config register CONFIG3H @ 0x300005
  3984                           ;	CCP2 MUX bit
  3985                           ;	CCP2MX = 0x1, unprogrammed default
  3986                           ;	PORTB A/D Enable bit
  3987                           ;	PBADEN = OFF, PORTB<4:0> pins are configured as digital I/O on Reset
  3988                           ;	Low-Power Timer 1 Oscillator Enable bit
  3989                           ;	LPT1OSC = 0x0, unprogrammed default
  3990                           ;	MCLR Pin Enable bit
  3991                           ;	MCLRE = OFF, RE3 input pin enabled; MCLR pin disabled
  3992   300005                     	org	3145733
  3993   300005  01                 	db	1
  3994                           
  3995                           ;Config register CONFIG4L @ 0x300006
  3996                           ;	Stack Full/Underflow Reset Enable bit
  3997                           ;	STVREN = 0x1, unprogrammed default
  3998                           ;	Single-Supply ICSP Enable bit
  3999                           ;	LVP = OFF, Single-Supply ICSP disabled
  4000                           ;	Dedicated In-Circuit Debug/Programming Port (ICPORT) Enable bit
  4001                           ;	ICPRT = 0x0, unprogrammed default
  4002                           ;	Extended Instruction Set Enable bit
  4003                           ;	XINST = OFF, Instruction set extension and Indexed Addressing mode disabled (Legacy mo
      +                          de)
  4004                           ;	Background Debugger Enable bit
  4005                           ;	DEBUG = OFF, Background debugger disabled, RB6 and RB7 configured as general purpose I
      +                          /O pins
  4006   300006                     	org	3145734
  4007   300006  81                 	db	129
  4008                           
  4009                           ; Padding undefined space
  4010   300007                     	org	3145735
  4011   300007  FF                 	db	255
  4012                           tosu	equ	0xFFF
  4013                           tosh	equ	0xFFE
  4014                           tosl	equ	0xFFD
  4015                           stkptr	equ	0xFFC
  4016                           pclatu	equ	0xFFB
  4017                           pclath	equ	0xFFA
  4018                           pcl	equ	0xFF9
  4019                           tblptru	equ	0xFF8
  4020                           tblptrh	equ	0xFF7
  4021                           tblptrl	equ	0xFF6
  4022                           tablat	equ	0xFF5
  4023                           prodh	equ	0xFF4
  4024                           prodl	equ	0xFF3
  4025                           indf0	equ	0xFEF
  4026                           postinc0	equ	0xFEE
  4027                           postdec0	equ	0xFED
  4028                           preinc0	equ	0xFEC
  4029                           plusw0	equ	0xFEB
  4030                           fsr0h	equ	0xFEA
  4031                           fsr0l	equ	0xFE9
  4032                           wreg	equ	0xFE8
  4033                           indf1	equ	0xFE7
  4034                           postinc1	equ	0xFE6
  4035                           postdec1	equ	0xFE5
  4036                           preinc1	equ	0xFE4
  4037                           plusw1	equ	0xFE3
  4038                           fsr1h	equ	0xFE2
  4039                           fsr1l	equ	0xFE1
  4040                           bsr	equ	0xFE0
  4041                           indf2	equ	0xFDF
  4042                           postinc2	equ	0xFDE
  4043                           postdec2	equ	0xFDD
  4044                           preinc2	equ	0xFDC
  4045                           plusw2	equ	0xFDB
  4046                           fsr2h	equ	0xFDA
  4047                           fsr2l	equ	0xFD9
  4048                           status	equ	0xFD8

Data Sizes:
    Strings     690
    Constant    295
    Data        0
    BSS         0
    Persistent  0
    Stack       0

Auto Spaces:
    Space          Size  Autos    Used
    COMRAM           95     34      34
    BANK0           160      0       0
    BANK1           256      0       0
    BANK2           256      0       0
    BANK3           256      0       0
    BANK4           256      0       0
    BANK5           256      0       0
    BANK6           256      0       0
    BANK7           256      0       0

Pointer List with Targets:

    OLED_Str@s	PTR const unsigned char  size(2) Largest target is 18
		 -> STR_10(CODE[16]), STR_12(CODE[12]), STR_13(CODE[18]), STR_15(CODE[17]), 
		 -> STR_16(CODE[7]), STR_17(CODE[5]), STR_18(CODE[16]), STR_19(CODE[16]), 
		 -> STR_2(CODE[11]), STR_20(CODE[16]), STR_21(CODE[6]), STR_22(CODE[3]), 
		 -> STR_23(CODE[15]), STR_24(CODE[15]), STR_25(CODE[15]), STR_3(CODE[11]), 
		 -> STR_38(CODE[15]), STR_39(CODE[15]), STR_9(CODE[14]), 

    UART_EnviarTexto@t	PTR const unsigned char  size(2) Largest target is 48
		 -> STR_1(CODE[33]), STR_11(CODE[43]), STR_14(CODE[38]), STR_26(CODE[3]), 
		 -> STR_27(CODE[31]), STR_28(CODE[13]), STR_29(CODE[9]), STR_30(CODE[23]), 
		 -> STR_31(CODE[23]), STR_32(CODE[9]), STR_33(CODE[14]), STR_34(CODE[8]), 
		 -> STR_35(CODE[22]), STR_36(CODE[18]), STR_37(CODE[9]), STR_4(CODE[34]), 
		 -> STR_40(CODE[48]), STR_5(CODE[32]), STR_6(CODE[32]), STR_7(CODE[32]), 
		 -> STR_8(CODE[32]), 


Critical Paths under _main in COMRAM

    _main->_MAX30102_GetRawData
    _UART_EnviarSeparador->_UART_EnviarTexto
    _UART_EnviarTexto->_UART_EnviarByte
    _UART_EnviarNumero->___lwdiv
    _OLED_Str->_OLED_Char
    _OLED_Num->_OLED_Char
    _OLED_Char->_OLED_Data
    _OLED_Init->_OLED_Clear
    _OLED_Clear->_OLED_SetCursor
    _OLED_SetCursor->_OLED_Cmd
    _OLED_Cmd->_I2C_Write
    _OLED_Data->_I2C_Write
    _MAX30102_Init->_MAX30102_WriteReg
    _MAX30102_WriteReg->_I2C_Write
    _MAX30102_GetRawData->_I2C_Read
    _DS18B20_ReadTemp->_DS18B20_ReadByte

Critical Paths under _main in BANK0

    None.

Critical Paths under _main in BANK1

    None.

Critical Paths under _main in BANK2

    None.

Critical Paths under _main in BANK3

    None.

Critical Paths under _main in BANK4

    None.

Critical Paths under _main in BANK5

    None.

Critical Paths under _main in BANK6

    None.

Critical Paths under _main in BANK7

    None.

Call Graph Tables:

 ---------------------------------------------------------------------------------
 (Depth) Function   	        Calls       Base Space   Used Autos Params    Refs
 ---------------------------------------------------------------------------------
 (0) _main                                                14    14      0    3435
                                             26 COMRAM     8     8      0
                   _DS18B20_ReadTemp
                           _I2C_Init
                _MAX30102_GetRawData
                      _MAX30102_Init
                         _OLED_Clear
                          _OLED_Init
                           _OLED_Num
                     _OLED_SetCursor
                           _OLED_Str
                  _UART_EnviarNumero
               _UART_EnviarSeparador
                   _UART_EnviarTexto
                          _UART_Init
                            ___lldiv
                            ___llmod
 ---------------------------------------------------------------------------------
 (1) ___llmod                                              9     1      8     161
                                              0 COMRAM     9     1      8
 ---------------------------------------------------------------------------------
 (1) ___lldiv                                             13     5      8     164
                                              0 COMRAM    13     5      8
 ---------------------------------------------------------------------------------
 (1) _UART_Init                                            1     1      0       0
                                              0 COMRAM     1     1      0
 ---------------------------------------------------------------------------------
 (1) _UART_EnviarSeparador                                 0     0      0      81
                   _UART_EnviarTexto
 ---------------------------------------------------------------------------------
 (2) _UART_EnviarTexto                                     2     0      2      81
                                              1 COMRAM     2     0      2
                    _UART_EnviarByte
 ---------------------------------------------------------------------------------
 (1) _UART_EnviarNumero                                   10     8      2     550
                                              7 COMRAM    10     8      2
                    _UART_EnviarByte
                            ___lwdiv
                            ___lwmod
 ---------------------------------------------------------------------------------
 (3) _UART_EnviarByte                                      1     1      0      15
                                              0 COMRAM     1     1      0
 ---------------------------------------------------------------------------------
 (1) _OLED_Str                                             2     0      2     184
                                              8 COMRAM     2     0      2
                          _OLED_Char
 ---------------------------------------------------------------------------------
 (1) _OLED_Num                                            10     8      2     655
                                              8 COMRAM    10     8      2
                          _OLED_Char
                            ___lwdiv
                            ___lwmod
 ---------------------------------------------------------------------------------
 (2) ___lwmod                                              5     1      4     163
                                              0 COMRAM     5     1      4
 ---------------------------------------------------------------------------------
 (2) ___lwdiv                                              7     3      4     166
                                              0 COMRAM     7     3      4
 ---------------------------------------------------------------------------------
 (2) _OLED_Char                                            6     6      0     120
                                              2 COMRAM     6     6      0
                          _OLED_Data
 ---------------------------------------------------------------------------------
 (1) _OLED_Init                                            2     2      0     291
                                              7 COMRAM     2     2      0
                         _OLED_Clear
                           _OLED_Cmd
 ---------------------------------------------------------------------------------
 (2) _OLED_Clear                                           3     3      0     261
                                              4 COMRAM     3     3      0
                          _OLED_Data
                     _OLED_SetCursor
 ---------------------------------------------------------------------------------
 (3) _OLED_SetCursor                                       2     1      1     117
                                              2 COMRAM     2     1      1
                           _OLED_Cmd
 ---------------------------------------------------------------------------------
 (4) _OLED_Cmd                                             1     1      0      30
                                              1 COMRAM     1     1      0
                          _I2C_Start
                           _I2C_Stop
                          _I2C_Write
 ---------------------------------------------------------------------------------
 (3) _OLED_Data                                            1     1      0      30
                                              1 COMRAM     1     1      0
                          _I2C_Start
                           _I2C_Stop
                          _I2C_Write
 ---------------------------------------------------------------------------------
 (1) _MAX30102_Init                                        1     1      0      72
                                              3 COMRAM     1     1      0
                  _MAX30102_WriteReg
 ---------------------------------------------------------------------------------
 (2) _MAX30102_WriteReg                                    2     1      1      72
                                              1 COMRAM     2     1      1
                          _I2C_Start
                           _I2C_Stop
                          _I2C_Write
 ---------------------------------------------------------------------------------
 (1) _MAX30102_GetRawData                                 23    19      4     114
                                              3 COMRAM    23    19      4
                           _I2C_Read
                          _I2C_Start
                           _I2C_Stop
                          _I2C_Write
 ---------------------------------------------------------------------------------
 (5) _I2C_Write                                            1     1      0      15
                                              0 COMRAM     1     1      0
 ---------------------------------------------------------------------------------
 (5) _I2C_Stop                                             0     0      0       0
 ---------------------------------------------------------------------------------
 (5) _I2C_Start                                            0     0      0       0
 ---------------------------------------------------------------------------------
 (2) _I2C_Read                                             3     3      0      30
                                              0 COMRAM     3     3      0
 ---------------------------------------------------------------------------------
 (1) _I2C_Init                                             0     0      0       0
 ---------------------------------------------------------------------------------
 (1) _DS18B20_ReadTemp                                     7     5      2     156
                                              4 COMRAM     7     5      2
                   _DS18B20_ReadByte
                      _DS18B20_Reset
                  _DS18B20_WriteByte
 ---------------------------------------------------------------------------------
 (2) _DS18B20_WriteByte                                    2     2      0      45
                                              0 COMRAM     2     2      0
 ---------------------------------------------------------------------------------
 (2) _DS18B20_Reset                                        1     1      0       5
 ---------------------------------------------------------------------------------
 (2) _DS18B20_ReadByte                                     4     4      0      60
                                              0 COMRAM     4     4      0
 ---------------------------------------------------------------------------------
 Estimated maximum stack depth 5
 ---------------------------------------------------------------------------------

 Call Graph Graphs:

 _main (ROOT)
   _DS18B20_ReadTemp
     _DS18B20_ReadByte
     _DS18B20_Reset
     _DS18B20_WriteByte
   _I2C_Init
   _MAX30102_GetRawData
     _I2C_Read
     _I2C_Start
     _I2C_Stop
     _I2C_Write
   _MAX30102_Init
     _MAX30102_WriteReg
       _I2C_Start
       _I2C_Stop
       _I2C_Write
   _OLED_Clear
     _OLED_Data
       _I2C_Start
       _I2C_Stop
       _I2C_Write
     _OLED_SetCursor
       _OLED_Cmd
         _I2C_Start
         _I2C_Stop
         _I2C_Write
   _OLED_Init
     _OLED_Clear
     _OLED_Cmd
   _OLED_Num
     _OLED_Char
       _OLED_Data
     ___lwdiv
     ___lwmod
   _OLED_SetCursor
   _OLED_Str
     _OLED_Char
   _UART_EnviarNumero
     _UART_EnviarByte
     ___lwdiv
     ___lwmod
   _UART_EnviarSeparador
     _UART_EnviarTexto
       _UART_EnviarByte
   _UART_EnviarTexto
   _UART_Init
   ___lldiv
   ___llmod

Address spaces:
Name               Size   Autos  Total    Usage
BITCOMRAM           95      0       0      0.0%
BITBANK0           160      0       0      0.0%
BITBANK1           256      0       0      0.0%
BITBANK2           256      0       0      0.0%
BITBANK3           256      0       0      0.0%
BITBANK4           256      0       0      0.0%
BITBANK5           256      0       0      0.0%
BITBANK6           256      0       0      0.0%
BITBANK7           256      0       0      0.0%
BITBIGSFRh          82      0       0      0.0%
BITBIGSFRlh         43      0       0      0.0%
BITBIGSFRll         33      0       0      0.0%
COMRAM              95     34      34     35.8%
BANK0              160      0       0      0.0%
BANK1              256      0       0      0.0%
BANK2              256      0       0      0.0%
BANK3              256      0       0      0.0%
BANK4              256      0       0      0.0%
BANK5              256      0       0      0.0%
BANK6              256      0       0      0.0%
BANK7              256      0       0      0.0%
BIGRAM            2047      0       0      0.0%
STACK                0      0       0      0.0%
DATA                 0      0      34      0.0%


Microchip Technology PIC18 Macro Assembler V3.10 build 20250813170317 
Symbol Table                                                                                   Fri May 29 09:37:20 2026

                 _SSPSTATbits 0FC7                            l41 73D0                            l50 73E6  
                          l44 73D4                            l53 73F4                            l62 76A4  
                          l47 73E2                            l71 7446                            l64 76B2  
                          l56 7412                            l81 74EE                            l65 76DC  
                          l90 76F2                            l74 7652                            l59 7428  
                          l84 7590                            l68 76EC                            l93 774A  
                          l77 7C1E                            l87 75C6                            l96 781E  
                          u10 73E2                            u11 73DE                            u20 73F4  
                          u21 73F0                            u30 7420                            u31 741C  
                          u40 7406                            u41 7402                            u50 76B2  
                          u51 76AE                            u60 76CA                            u61 76C2  
                          u80 76EA                            u81 76E6                            u90 74E6  
                          u91 74E2                            u78 76CC                           l101 7482  
                         l104 7464                           l121 7554                           l107 74A0  
                         l115 7906                           l141 751E                           l125 7A2E  
                         l150 740A                           l160 7ACE                           l144 74C2  
                         l138 769E                           l147 73F8                           l156 758A  
                         l256 7B72                           l169 73BE                           l249 7B62  
                         l830 7890                           l823 7888                           l840 77AE  
                         l752 797E                           l833 77A6                           l759 798E  
                         u100 75A6                           u101 75A2                           u110 75C6  
                         u111 75C2                           u120 7712                           u121 770E  
                         u140 7748                           u141 7744                           u134 7724  
                         u150 78A4                           u135 7720                           u151 78A0  
                         u160 78B4                           u161 78B0                           u410 768C  
                         u170 7900                           u411 7688                           u171 78FC  
                         u420 769E                           u421 769A                           u510 7554  
                         u430 758A                           u511 7550                           u431 7586  
                         u440 7838                           u520 79A8                           u600 7B40  
                         u505 780A                           u441 7834                           u521 79A4  
                         u601 7B3C                           u450 7856                           u530 7A02  
                         u610 791E                           u451 7852                           u531 79FE  
                         u611 791A                           u460 7872                           u540 7A2E  
                         u620 7940                           u461 786E                           u541 7A2A  
                         u621 793C                           u470 775E                           u550 7A48  
                         u630 795E                           u471 775A                           u551 7A44  
                         u631 795A                           u480 777C                           u560 7AA2  
                         u481 7778                           u561 7A9E                           u490 7792  
                         u570 7ACE                           u707 74CA                           u491 778E  
                         u571 7ACA                           u580 7AF6                           u717 74D4  
                         u581 7AF2                           u590 7B18                           u727 74E8  
                         u647 74B8                           u591 7B14                           u737 76FE  
                         u657 74FA                           u747 7730                           u667 7618  
                         u677 7422                           u687 77CA                           u697 75AA  
            ??_OLED_SetCursor 0004                           prod 0FF3                           wreg 0FE8  
                        l1011 7420                          l1101 76FC                          l1005 73D2  
                        l1021 747E                          l1013 7468                          l1111 7748  
                        l1103 7704                          l1007 73E4                          l1031 7460  
                        l1023 744A                          l1015 746C                          l1105 7712  
                        l1041 76B6                          l1009 740E                          l1025 744E  
                        l1017 7472                          l1121 78B8                          l1107 772E  
                        l1043 76DA                          l1027 7454                          l1019 7478  
                        l1131 78F0                          l1115 7894                          l1035 73F8  
                        l1109 7738                          l1061 74C4                          l1205 73C0  
                        l1045 76EA                          l1029 745A                          l1133 7900  
                        l1117 78A4                          l1037 7406                          l1071 74D8  
                        l1063 74C6                          l1207 73C4                          l1039 76A2  
                        l1127 78BA                          l1119 78B4                          l1303 74A2  
                        l1073 74E6                          l1065 74C8                          l1129 78EE  
                        l1305 74A6                          l1075 74E6                          l1067 74D0  
                        l1059 74C4                          l1091 75B0                          l1307 74B2  
                        l1069 74D2                          l1093 75B6                          l1085 75A6  
                        l1095 76EE                          l1087 75A8                          l1079 758E  
                        l1089 75AE                          l1621 743C                          l1701 762A  
                        l1613 7486                          l1711 7B78                          l1623 7442  
                        l1615 742C                          l1703 7634                          l1631 7656  
                        l1721 7BA2                          l1713 7B7E                          l1617 7430  
                        l1705 763E                          l1641 766C                          l1633 7660  
                        l1625 7654                          l1801 7A76                          l1731 77B4  
                        l1723 7BAA                          l1715 7B8C                          l1619 7436  
                        l1707 7648                          l1643 7670                          l1803 7A90  
                        l1651 755A                          l1811 7AD0                          l1741 77E0  
                        l1733 77BA                          l1725 7BAE                          l1717 7B92  
                        l1709 7B74                          l1645 768C                          l1661 7838  
                        l1805 7AA6                          l1653 756A                          l1821 7B18  
                        l1813 7AE0                          l1743 77E6                          l1735 77C0  
                        l1719 7B9A                          l1647 768E                          l1639 7666  
                        l1671 7872                          l1663 7840                          l1751 7520  
                        l1807 7AB4                          l1655 756E                          l1831 7B5C  
                        l1823 7B22                          l1815 7AF6                          l1745 77EC  
                        l1737 77D6                          l1729 77B0                          l1673 787A  
                        l1665 7848                          l1657 7820                          l1681 775E  
                        l1761 7996                          l1753 7524                          l1649 7556  
                        l1809 73B2                          l1825 7B40                          l1817 7AFE  
                        l1841 7940                          l1833 7908                          l1747 77F2  
                        l1739 77DA                          l1675 787C                          l1667 7856  
                        l1659 7826                          l1691 779A                          l1683 7766  
                        l1771 79D6                          l1763 79A8                          l1755 7534  
                        l1827 7B50                          l1819 7B0A                          l1843 795E  
                        l1835 791E                          l1851 75E4                          l1781 7508  
                        l1677 7882                          l1669 785C                          l1693 77A0  
                        l1685 776E                          l1773 79F0                          l1757 7538  
                        l1829 7B52                          l1845 796E                          l1837 7926  
                        l1861 75F0                          l1853 75E8                          l1695 7608  
                        l1783 750E                          l1687 777C                          l1679 774C  
                        l1775 7A06                          l1767 79B2                          l1759 7990  
                        l1791 7A36                          l1847 7978                          l1839 7932  
                        l1871 75FE                          l1863 75F2                          l1855 75EA  
                        l1697 7612                          l1785 7514                          l1689 7792  
                        l1777 7A14                          l1769 79D2                          l1793 7A48  
                        l1865 75F4                          l1857 75EC                          l1849 75C8  
                        l1699 7620                          l1787 751A                          l1779 74F0  
                        l1867 75F8                          l1859 75EE                          l1797 7A52  
                        l1789 7A30                          l1869 75FC                          l1799 7A72  
                        STR_1 7DEB                          STR_2 7FC0                          STR_3 7FB5  
                        STR_4 7DC9                          STR_5 7E2C                          STR_6 7E0C  
                        STR_8 7E4C                          STR_9 7F8E                   ?_OLED_Clear 0001  
                        _LATD 0F8C             DS18B20_ReadByte@i 0004                          _main 75C8  
            __end_of_I2C_Init 73D2              __end_of_I2C_Read 76EE                          fsr2h 0FDA  
                        indf2 0FDF                          fsr2l 0FD9              ?_UART_EnviarByte 0001  
            __end_of_I2C_Stop 73F6                          prodl 0FF3                          start 7FFC  
                ___param_bank 0000                         ?_main 0001                         STR_10 7F34  
                       STR_11 7D78                         STR_12 7FA9                         STR_20 7F04  
                       STR_21 7FEC                         STR_13 7EE1                         STR_22 7FF7  
                       STR_30 7E8B                         STR_14 7DA3                         STR_23 7F62  
                       STR_15 7EF3                         STR_31 7EA2                         STR_16 7FE5  
                       STR_32 7FCB                         STR_24 7F53                         STR_40 7D48  
                       STR_17 7FF2                         STR_33 7F80                         STR_25 7F44  
                       STR_34 7FDD                         STR_18 7F14                         STR_19 7F24  
                       STR_35 7EB9                         STR_27 7E6C                         STR_28 7F9C  
                       STR_36 7ECF                         STR_29 7FD4                         STR_39 7F71  
            __end_of_OLED_Cmd 7484               __end_of___lldiv 7B74               __end_of___llmod 7990  
            __end_of_OLED_Num 7A30              __end_of_OLED_Str 7556               __end_of___lwdiv 7892  
             __end_of___lwmod 77B0                         _RCSTA 0FAB                         _SPBRG 0FAF  
                       _TXREG 0FAD                         _TXSTA 0FAC               __end_of_font5x8 7D48  
           __end_of_I2C_Start 73E4             __end_of_I2C_Write 742A                         tablat 0FF5  
           ?_UART_EnviarTexto 0002                 _DS18B20_Reset 74C4                         status 0FD8  
                main@suma_raw 001B            ??_UART_EnviarTexto 0004               __initialization 73A8  
                __end_of_main 7608                        ??_main 001B                 __activetblptr 0002  
       __end_of_MAX30102_Init 7654      __end_of_DS18B20_ReadByte 774C                     I2C_Read@t 0003  
    __end_of_DS18B20_ReadTemp 7820             _MAX30102_WriteReg 742A              ___llmod@dividend 0001  
           __end_of_OLED_Char 7908             __end_of_OLED_Data 7466             __end_of_OLED_Init 7520  
          ?_MAX30102_WriteReg 0002                ?_DS18B20_Reset 0001                        _OSCCON 0FD3  
                      _SSPADD 0FC8                        _SSPBUF 0FC9           ??_MAX30102_WriteReg 0003  
           __end_of_UART_Init 74C4                     ??___lldiv 0009                     ??___llmod 0009  
                   ??___lwdiv 0005                     ??___lwmod 0005                   OLED_Clear@i 0007  
                 OLED_Clear@j 0005                        isa$std 0001             _UART_EnviarNumero 7A30  
          ?_UART_EnviarNumero 0008                     ?_I2C_Init 0001                     ?_I2C_Read 0001  
                   ?_I2C_Stop 0001     __end_of_MAX30102_WriteReg 7448                  __mediumconst 7C20  
                      tblptrh 0FF7                        tblptrl 0FF6                        tblptru 0FF8  
         ??_UART_EnviarNumero 000A                    __accesstop 0060       __end_of__initialization 73A8  
               ___rparam_used 0001                     ?_OLED_Cmd 0001                     ?_OLED_Num 0009  
                   ?_OLED_Str 0009                __pcstackCOMRAM 0001     __end_of_UART_EnviarNumero 7AD0  
                  ??_I2C_Init 0001                    ??_I2C_Read 0001                    ??_I2C_Stop 0001  
                   OLED_Cmd@c 0002                     OLED_Num@b 000B                     OLED_Num@i 0011  
                   OLED_Num@n 0009               ??_DS18B20_Reset 0001                     OLED_Str@s 0009  
        MAX30102_WriteReg@reg 0003          MAX30102_WriteReg@val 0002                  ??_OLED_Clear 0005  
                  ??_OLED_Cmd 0002                    ??_OLED_Num 000B                    ??_OLED_Str 000B  
                  I2C_Write@d 0001            __end_of_OLED_Clear 76A0                       _SSPCON1 0FC6  
          DS18B20_WriteByte@i 0002                       _SSPSTAT 0FC7                     _I2C_Start 73D2  
                   _I2C_Write 740C                       __Hparam 0000                       __Lparam 0000  
        DS18B20_ReadByte@dato 0003                       ___lldiv 7AD0                       ___llmod 7908  
                     ___lwdiv 7820                       ___lwmod 774C                       __pcinit 73A8  
                     __ramtop 0800                       __ptext0 75C8                       __ptext1 7908  
                     __ptext2 7AD0                       __ptext3 74A2                       __ptext4 73B2  
                     __ptext5 7556                       __ptext6 7A30                       __ptext7 73F6  
                     __ptext8 7520                       __ptext9 7990                       _font5x8 7C21  
        DS18B20_ReadTemp@bajo 000A          DS18B20_ReadTemp@alto 000B             ?_DS18B20_ReadByte 0001  
           ?_DS18B20_ReadTemp 0005          end_of_initialization 73A8            ??_DS18B20_ReadByte 0001  
          ??_DS18B20_ReadTemp 0007                 __Lmediumconst 7C20                     _OLED_Char 7892  
                   _OLED_Data 7448                     _OLED_Init 74F0                    ?_I2C_Start 0001  
                  ?_I2C_Write 0001               ___lldiv@divisor 0005               ___lldiv@counter 000D  
                   _UART_Init 74A2                     _PORTBbits 0F81           _MAX30102_GetRawData 7B74  
                   _TRISBbits 0F93                     _TRISCbits 0F94                     _TRISDbits 0F95  
        MAX30102_GetRawData@h 0019          MAX30102_GetRawData@l 001A          MAX30102_GetRawData@m 0018  
          UART_EnviarNumero@b 000A            UART_EnviarNumero@i 0010            UART_EnviarNumero@n 0008  
        ?_MAX30102_GetRawData 0004                    ?_OLED_Char 0001                    ?_OLED_Data 0001  
                   _TXSTAbits 0FAC                    ?_OLED_Init 0001                    ?_UART_Init 0001  
           ??_UART_EnviarByte 0001           start_initialization 73A8  __end_of_UART_EnviarSeparador 73C0  
       ??_MAX30102_GetRawData 0008               ___llmod@divisor 0005                   ??_I2C_Start 0001  
             ___llmod@counter 0009                   ??_I2C_Write 0001                    OLED_Char@c 0007  
                  OLED_Data@d 0002                    OLED_Char@i 0008              _UART_EnviarTexto 7556  
               _MAX30102_Init 7608         __end_of_DS18B20_Reset 74F0                _OLED_SetCursor 7484  
                 ??_OLED_Char 0003                   ??_OLED_Data 0002                   ??_OLED_Init 0008  
            ___lwdiv@dividend 0001                   I2C_Read@ack 0002                 __pmediumconst 7C20  
                    ?___lldiv 0001                      ?___llmod 0001               OLED_SetCursor@c 0003  
             OLED_SetCursor@p 0004                      ?___lwdiv 0001                      ?___lwmod 0001  
                 ??_UART_Init 0001                   __smallconst 7C20                      _I2C_Init 73C0  
                    _I2C_Read 76A0                      _I2C_Stop 73E4                ?_MAX30102_Init 0001  
            ___lwdiv@quotient 0005        __end_of_OLED_SetCursor 74A2                      _LATDbits 0F8C  
                    _OLED_Cmd 7466                      _OLED_Num 7990                      _OLED_Str 7520  
        _UART_EnviarSeparador 73B2             UART_EnviarTexto@t 0002                     main@pulso 0021  
             ?_OLED_SetCursor 0003                      __Hrparam 0000                      __Lrparam 0000  
       ?_UART_EnviarSeparador 0001               _UART_EnviarByte 73F6               ??_MAX30102_Init 0004  
             ___lwdiv@divisor 0003               ___lwdiv@counter 0007                      __ptext10 774C  
                    __ptext11 7820                      __ptext20 7B74                      __ptext12 7892  
                    __ptext21 740C                      __ptext13 74F0                      __ptext22 73E4  
                    __ptext14 7654                      __ptext23 73D2                      __ptext15 7484  
                    __ptext24 76A0                      __ptext16 7466                      __ptext25 73C0  
                    __ptext17 7448                      __ptext26 77B0                      __ptext18 7608  
                    __ptext27 758C                      __ptext19 742A                      __ptext28 74C4  
                    __ptext29 76EE      __end_of_UART_EnviarTexto 758C                      isa$xinst 0000  
                    main@temp 001F   __end_of_MAX30102_GetRawData 7C20                    _OLED_Clear 7654  
            ___lwmod@dividend 0001              ___lldiv@dividend 0001       __end_of_UART_EnviarByte 740C  
      ??_UART_EnviarSeparador 0004              _DS18B20_ReadByte 76EE             _DS18B20_WriteByte 758C  
            _DS18B20_ReadTemp 77B0            ?_DS18B20_WriteByte 0001           ??_DS18B20_WriteByte 0001  
            ___lldiv@quotient 0009               ___lwmod@divisor 0003               ___lwmod@counter 0005  
                 _SSPCON2bits 0FC5           UART_EnviarByte@dato 0001     __end_of_DS18B20_WriteByte 75C8  
       DS18B20_WriteByte@dato 0001  
