

Microchip MPLAB XC8 Assembler V3.10 build 20250813170317 
                                                                                               Wed Jun  3 11:56:43 2026

Microchip MPLAB XC8 C Compiler v3.10 (Free license) build 20250813170317 Og1 
     1                           	processor	18F4550
     2                           	fnconf	rparam,??,?,0
     3                           	pagewidth 120
     4                           	opt	flic
     5                           	psect	mediumconst,global,reloc=2,class=MEDIUMCONST,space=0,delta=1,noexec
     6                           	psect	cinit,global,reloc=2,class=CODE,space=0,delta=1
     7                           	psect	cstackCOMRAM,global,class=COMRAM,space=1,delta=1,lowdata,noexec
     8                           	psect	text0,global,reloc=2,class=CODE,space=0,delta=1
     9                           	psect	text1,global,reloc=2,class=CODE,space=0,delta=1,group=1
    10                           	psect	text2,global,reloc=2,class=CODE,space=0,delta=1,group=1
    11                           	psect	text3,global,reloc=2,class=CODE,space=0,delta=1
    12                           	psect	text4,global,reloc=2,class=CODE,space=0,delta=1
    13                           	psect	text5,global,reloc=2,class=CODE,space=0,delta=1
    14                           	psect	text6,global,reloc=2,class=CODE,space=0,delta=1
    15                           	psect	text7,global,reloc=2,class=CODE,space=0,delta=1
    16                           	psect	text8,global,reloc=2,class=CODE,space=0,delta=1
    17                           	psect	text9,global,reloc=2,class=CODE,space=0,delta=1
    18                           	psect	text10,global,reloc=2,class=CODE,space=0,delta=1,group=1
    19                           	psect	text11,global,reloc=2,class=CODE,space=0,delta=1,group=1
    20                           	psect	text12,global,reloc=2,class=CODE,space=0,delta=1
    21                           	psect	text13,global,reloc=2,class=CODE,space=0,delta=1
    22                           	psect	text14,global,reloc=2,class=CODE,space=0,delta=1
    23                           	psect	text15,global,reloc=2,class=CODE,space=0,delta=1
    24                           	psect	text16,global,reloc=2,class=CODE,space=0,delta=1
    25                           	psect	text17,global,reloc=2,class=CODE,space=0,delta=1
    26                           	psect	text18,global,reloc=2,class=CODE,space=0,delta=1
    27                           	psect	text19,global,reloc=2,class=CODE,space=0,delta=1
    28                           	psect	text20,global,reloc=2,class=CODE,space=0,delta=1
    29                           	psect	text21,global,reloc=2,class=CODE,space=0,delta=1
    30                           	psect	text22,global,reloc=2,class=CODE,space=0,delta=1
    31                           	psect	text23,global,reloc=2,class=CODE,space=0,delta=1
    32                           	psect	text24,global,reloc=2,class=CODE,space=0,delta=1
    33                           	psect	text25,global,reloc=2,class=CODE,space=0,delta=1
    34                           	psect	text26,global,reloc=2,class=CODE,space=0,delta=1
    35                           	psect	text27,global,reloc=2,class=CODE,space=0,delta=1
    36                           	psect	text28,global,reloc=2,class=CODE,space=0,delta=1
    37                           	psect	text29,global,reloc=2,class=CODE,space=0,delta=1
    38                           	psect	intsave_regs,global,class=BIGRAM,space=1,delta=1,noexec
    39                           	psect	rparam,global,class=COMRAM,space=1,delta=1,noexec
    40                           	psect	config,global,abs,ovrld,class=CONFIG,space=4,delta=1,noexec
    41   000000                     
    42                           ; Generated 17/01/2025 GMT
    43                           ; 
    44                           ; Copyright © 2025, Microchip Technology Inc. and its subsidiaries ("Microchip")
    45                           ; All rights reserved.
    46                           ; 
    47                           ; This software is developed by Microchip Technology Inc. and its subsidiaries ("Microch
      +                          ip").
    48                           ; 
    49                           ; Redistribution and use in source and binary forms, with or without modification, are
    50                           ; permitted provided that the following conditions are met:
    51                           ; 
    52                           ;     1. Redistributions of source code must retain the above copyright notice, this lis
      +                          t of
    53                           ;        conditions and the following disclaimer.
    54                           ; 
    55                           ;     2. Redistributions in binary form must reproduce the above copyright notice, this 
      +                          list
    56                           ;        of conditions and the following disclaimer in the documentation and/or other
    57                           ;        materials provided with the distribution. Publication is not required when
    58                           ;        this file is used in an embedded application.
    59                           ; 
    60                           ;     3. Microchip's name may not be used to endorse or promote products derived from th
      +                          is
    61                           ;        software without specific prior written permission.
    62                           ; 
    63                           ; THIS SOFTWARE IS PROVIDED BY MICROCHIP "AS IS" AND ANY EXPRESS OR IMPLIED WARRANTIES,
    64                           ; INCLUDING, BUT NOT LIMITED TO, THE IMPLIED WARRANTIES OF MERCHANTABILITY AND FITNESS F
      +                          OR
    65                           ; PURPOSE ARE DISCLAIMED.  IN NO EVENT SHALL MICROCHIP BE LIABLE FOR ANY DIRECT, INDIREC
      +                          T,
    66                           ; INCIDENTAL, SPECIAL, EXEMPLARY, OR CONSEQUENTIAL DAMAGES (INCLUDING BUT NOT LIMITED TO
    67                           ; PROCUREMENT OF SUBSTITUTE GOODS OR SERVICES; LOSS OF USE, DATA OR PROFITS; OR BUSINESS
    68                           ; INTERRUPTION) HOWSOEVER CAUSED AND ON ANY THEORY OF LIABILITY, WHETHER IN CONTRACT, ST
      +                          RICT
    69                           ; LIABILITY, OR TORT (INCLUDING NEGLIGENCE OR OTHERWISE) ARISING IN ANY WAY OUT OF THE U
      +                          SE OF
    70                           ; THIS SOFTWARE, EVEN IF ADVISED OF THE POSSIBILITY OF SUCH DAMAGE.
    71                           ; 
    72                           ; 
    73                           ; Code-generator required, PIC18F4550 Definitions
    74                           ; 
    75                           ; SFR Addresses
    76   000FE0                     bsr             equ	4064
    77   000FE9                     fsr0            equ	4073
    78   000FEA                     fsr0h           equ	4074
    79   000FE9                     fsr0l           equ	4073
    80   000FE1                     fsr1            equ	4065
    81   000FE2                     fsr1h           equ	4066
    82   000FE1                     fsr1l           equ	4065
    83   000FD9                     fsr2            equ	4057
    84   000FDA                     fsr2h           equ	4058
    85   000FD9                     fsr2l           equ	4057
    86   000FEF                     indf0           equ	4079
    87   000FE7                     indf1           equ	4071
    88   000FDF                     indf2           equ	4063
    89   000FF2                     intcon          equ	4082
    90   000000                     nvmcon          equ	0
    91   000FF9                     pcl             equ	4089
    92   000FFA                     pclath          equ	4090
    93   000FFB                     pclatu          equ	4091
    94   000FEB                     plusw0          equ	4075
    95   000FE3                     plusw1          equ	4067
    96   000FDB                     plusw2          equ	4059
    97   000FED                     postdec0        equ	4077
    98   000FE5                     postdec1        equ	4069
    99   000FDD                     postdec2        equ	4061
   100   000FEE                     postinc0        equ	4078
   101   000FE6                     postinc1        equ	4070
   102   000FDE                     postinc2        equ	4062
   103   000FEC                     preinc0         equ	4076
   104   000FE4                     preinc1         equ	4068
   105   000FDC                     preinc2         equ	4060
   106   000FF3                     prod            equ	4083
   107   000FF4                     prodh           equ	4084
   108   000FF3                     prodl           equ	4083
   109   000FD8                     status          equ	4056
   110   000FF5                     tablat          equ	4085
   111   000FF6                     tblptr          equ	4086
   112   000FF7                     tblptrh         equ	4087
   113   000FF6                     tblptrl         equ	4086
   114   000FF8                     tblptru         equ	4088
   115   000FFD                     tosl            equ	4093
   116   000FE8                     wreg            equ	4072
   117   000F62                     SPPDATA         equ	3938	;# 
   118   000F63                     SPPCFG          equ	3939	;# 
   119   000F64                     SPPEPS          equ	3940	;# 
   120   000F65                     SPPCON          equ	3941	;# 
   121   000F66                     UFRM            equ	3942	;# 
   122   000F66                     UFRML           equ	3942	;# 
   123   000F67                     UFRMH           equ	3943	;# 
   124   000F68                     UIR             equ	3944	;# 
   125   000F69                     UIE             equ	3945	;# 
   126   000F6A                     UEIR            equ	3946	;# 
   127   000F6B                     UEIE            equ	3947	;# 
   128   000F6C                     USTAT           equ	3948	;# 
   129   000F6D                     UCON            equ	3949	;# 
   130   000F6E                     UADDR           equ	3950	;# 
   131   000F6F                     UCFG            equ	3951	;# 
   132   000F70                     UEP0            equ	3952	;# 
   133   000F71                     UEP1            equ	3953	;# 
   134   000F72                     UEP2            equ	3954	;# 
   135   000F73                     UEP3            equ	3955	;# 
   136   000F74                     UEP4            equ	3956	;# 
   137   000F75                     UEP5            equ	3957	;# 
   138   000F76                     UEP6            equ	3958	;# 
   139   000F77                     UEP7            equ	3959	;# 
   140   000F78                     UEP8            equ	3960	;# 
   141   000F79                     UEP9            equ	3961	;# 
   142   000F7A                     UEP10           equ	3962	;# 
   143   000F7B                     UEP11           equ	3963	;# 
   144   000F7C                     UEP12           equ	3964	;# 
   145   000F7D                     UEP13           equ	3965	;# 
   146   000F7E                     UEP14           equ	3966	;# 
   147   000F7F                     UEP15           equ	3967	;# 
   148   000F80                     PORTA           equ	3968	;# 
   149   000F81                     PORTB           equ	3969	;# 
   150   000F82                     PORTC           equ	3970	;# 
   151   000F83                     PORTD           equ	3971	;# 
   152   000F84                     PORTE           equ	3972	;# 
   153   000F89                     LATA            equ	3977	;# 
   154   000F8A                     LATB            equ	3978	;# 
   155   000F8B                     LATC            equ	3979	;# 
   156   000F8C                     LATD            equ	3980	;# 
   157   000F8D                     LATE            equ	3981	;# 
   158   000F92                     TRISA           equ	3986	;# 
   159   000F92                     DDRA            equ	3986	;# 
   160   000F93                     TRISB           equ	3987	;# 
   161   000F93                     DDRB            equ	3987	;# 
   162   000F94                     TRISC           equ	3988	;# 
   163   000F94                     DDRC            equ	3988	;# 
   164   000F95                     TRISD           equ	3989	;# 
   165   000F95                     DDRD            equ	3989	;# 
   166   000F96                     TRISE           equ	3990	;# 
   167   000F96                     DDRE            equ	3990	;# 
   168   000F9B                     OSCTUNE         equ	3995	;# 
   169   000F9D                     PIE1            equ	3997	;# 
   170   000F9E                     PIR1            equ	3998	;# 
   171   000F9F                     IPR1            equ	3999	;# 
   172   000FA0                     PIE2            equ	4000	;# 
   173   000FA1                     PIR2            equ	4001	;# 
   174   000FA2                     IPR2            equ	4002	;# 
   175   000FA6                     EECON1          equ	4006	;# 
   176   000FA7                     EECON2          equ	4007	;# 
   177   000FA8                     EEDATA          equ	4008	;# 
   178   000FA9                     EEADR           equ	4009	;# 
   179   000FAB                     RCSTA           equ	4011	;# 
   180   000FAB                     RCSTA1          equ	4011	;# 
   181   000FAC                     TXSTA           equ	4012	;# 
   182   000FAC                     TXSTA1          equ	4012	;# 
   183   000FAD                     TXREG           equ	4013	;# 
   184   000FAD                     TXREG1          equ	4013	;# 
   185   000FAE                     RCREG           equ	4014	;# 
   186   000FAE                     RCREG1          equ	4014	;# 
   187   000FAF                     SPBRG           equ	4015	;# 
   188   000FAF                     SPBRG1          equ	4015	;# 
   189   000FB0                     SPBRGH          equ	4016	;# 
   190   000FB1                     T3CON           equ	4017	;# 
   191   000FB2                     TMR3            equ	4018	;# 
   192   000FB2                     TMR3L           equ	4018	;# 
   193   000FB3                     TMR3H           equ	4019	;# 
   194   000FB4                     CMCON           equ	4020	;# 
   195   000FB5                     CVRCON          equ	4021	;# 
   196   000FB6                     ECCP1AS         equ	4022	;# 
   197   000FB6                     CCP1AS          equ	4022	;# 
   198   000FB7                     ECCP1DEL        equ	4023	;# 
   199   000FB7                     CCP1DEL         equ	4023	;# 
   200   000FB8                     BAUDCON         equ	4024	;# 
   201   000FB8                     BAUDCTL         equ	4024	;# 
   202   000FBA                     CCP2CON         equ	4026	;# 
   203   000FBB                     CCPR2           equ	4027	;# 
   204   000FBB                     CCPR2L          equ	4027	;# 
   205   000FBC                     CCPR2H          equ	4028	;# 
   206   000FBD                     CCP1CON         equ	4029	;# 
   207   000FBD                     ECCP1CON        equ	4029	;# 
   208   000FBE                     CCPR1           equ	4030	;# 
   209   000FBE                     CCPR1L          equ	4030	;# 
   210   000FBF                     CCPR1H          equ	4031	;# 
   211   000FC0                     ADCON2          equ	4032	;# 
   212   000FC1                     ADCON1          equ	4033	;# 
   213   000FC2                     ADCON0          equ	4034	;# 
   214   000FC3                     ADRES           equ	4035	;# 
   215   000FC3                     ADRESL          equ	4035	;# 
   216   000FC4                     ADRESH          equ	4036	;# 
   217   000FC5                     SSPCON2         equ	4037	;# 
   218   000FC6                     SSPCON1         equ	4038	;# 
   219   000FC7                     SSPSTAT         equ	4039	;# 
   220   000FC8                     SSPADD          equ	4040	;# 
   221   000FC9                     SSPBUF          equ	4041	;# 
   222   000FCA                     T2CON           equ	4042	;# 
   223   000FCB                     PR2             equ	4043	;# 
   224   000FCB                     MEMCON          equ	4043	;# 
   225   000FCC                     TMR2            equ	4044	;# 
   226   000FCD                     T1CON           equ	4045	;# 
   227   000FCE                     TMR1            equ	4046	;# 
   228   000FCE                     TMR1L           equ	4046	;# 
   229   000FCF                     TMR1H           equ	4047	;# 
   230   000FD0                     RCON            equ	4048	;# 
   231   000FD1                     WDTCON          equ	4049	;# 
   232   000FD2                     HLVDCON         equ	4050	;# 
   233   000FD2                     LVDCON          equ	4050	;# 
   234   000FD3                     OSCCON          equ	4051	;# 
   235   000FD5                     T0CON           equ	4053	;# 
   236   000FD6                     TMR0            equ	4054	;# 
   237   000FD6                     TMR0L           equ	4054	;# 
   238   000FD7                     TMR0H           equ	4055	;# 
   239   000FD8                     STATUS          equ	4056	;# 
   240   000FD9                     FSR2            equ	4057	;# 
   241   000FD9                     FSR2L           equ	4057	;# 
   242   000FDA                     FSR2H           equ	4058	;# 
   243   000FDB                     PLUSW2          equ	4059	;# 
   244   000FDC                     PREINC2         equ	4060	;# 
   245   000FDD                     POSTDEC2        equ	4061	;# 
   246   000FDE                     POSTINC2        equ	4062	;# 
   247   000FDF                     INDF2           equ	4063	;# 
   248   000FE0                     BSR             equ	4064	;# 
   249   000FE1                     FSR1            equ	4065	;# 
   250   000FE1                     FSR1L           equ	4065	;# 
   251   000FE2                     FSR1H           equ	4066	;# 
   252   000FE3                     PLUSW1          equ	4067	;# 
   253   000FE4                     PREINC1         equ	4068	;# 
   254   000FE5                     POSTDEC1        equ	4069	;# 
   255   000FE6                     POSTINC1        equ	4070	;# 
   256   000FE7                     INDF1           equ	4071	;# 
   257   000FE8                     WREG            equ	4072	;# 
   258   000FE9                     FSR0            equ	4073	;# 
   259   000FE9                     FSR0L           equ	4073	;# 
   260   000FEA                     FSR0H           equ	4074	;# 
   261   000FEB                     PLUSW0          equ	4075	;# 
   262   000FEC                     PREINC0         equ	4076	;# 
   263   000FED                     POSTDEC0        equ	4077	;# 
   264   000FEE                     POSTINC0        equ	4078	;# 
   265   000FEF                     INDF0           equ	4079	;# 
   266   000FF0                     INTCON3         equ	4080	;# 
   267   000FF1                     INTCON2         equ	4081	;# 
   268   000FF2                     INTCON          equ	4082	;# 
   269   000FF3                     PROD            equ	4083	;# 
   270   000FF3                     PRODL           equ	4083	;# 
   271   000FF4                     PRODH           equ	4084	;# 
   272   000FF5                     TABLAT          equ	4085	;# 
   273   000FF6                     TBLPTR          equ	4086	;# 
   274   000FF6                     TBLPTRL         equ	4086	;# 
   275   000FF7                     TBLPTRH         equ	4087	;# 
   276   000FF8                     TBLPTRU         equ	4088	;# 
   277   000FF9                     PCLAT           equ	4089	;# 
   278   000FF9                     PC              equ	4089	;# 
   279   000FF9                     PCL             equ	4089	;# 
   280   000FFA                     PCLATH          equ	4090	;# 
   281   000FFB                     PCLATU          equ	4091	;# 
   282   000FFC                     STKPTR          equ	4092	;# 
   283   000FFD                     TOS             equ	4093	;# 
   284   000FFD                     TOSL            equ	4093	;# 
   285   000FFE                     TOSH            equ	4094	;# 
   286   000FFF                     TOSU            equ	4095	;# 
   287                           
   288                           	psect	mediumconst
   289   007C20                     __pmediumconst:
   290                           	callstack 0
   291   007C20  00                 	db	0
   292   007C21                     _font5x8:
   293                           	callstack 0
   294   007C21  00                 	db	0
   295   007C22  00                 	db	0
   296   007C23  00                 	db	0
   297   007C24  00                 	db	0
   298   007C25  00                 	db	0
   299   007C26  00                 	db	0
   300   007C27  00                 	db	0
   301   007C28  5F                 	db	95
   302   007C29  00                 	db	0
   303   007C2A  00                 	db	0
   304   007C2B  00                 	db	0
   305   007C2C  07                 	db	7
   306   007C2D  00                 	db	0
   307   007C2E  07                 	db	7
   308   007C2F  00                 	db	0
   309   007C30  14                 	db	20
   310   007C31  7F                 	db	127
   311   007C32  14                 	db	20
   312   007C33  7F                 	db	127
   313   007C34  14                 	db	20
   314   007C35  24                 	db	36
   315   007C36  2A                 	db	42
   316   007C37  7F                 	db	127
   317   007C38  2A                 	db	42
   318   007C39  12                 	db	18
   319   007C3A  23                 	db	35
   320   007C3B  13                 	db	19
   321   007C3C  08                 	db	8
   322   007C3D  64                 	db	100
   323   007C3E  62                 	db	98
   324   007C3F  36                 	db	54
   325   007C40  49                 	db	73
   326   007C41  55                 	db	85
   327   007C42  22                 	db	34
   328   007C43  50                 	db	80
   329   007C44  00                 	db	0
   330   007C45  05                 	db	5
   331   007C46  03                 	db	3
   332   007C47  00                 	db	0
   333   007C48  00                 	db	0
   334   007C49  00                 	db	0
   335   007C4A  1C                 	db	28
   336   007C4B  22                 	db	34
   337   007C4C  41                 	db	65
   338   007C4D  00                 	db	0
   339   007C4E  00                 	db	0
   340   007C4F  41                 	db	65
   341   007C50  22                 	db	34
   342   007C51  1C                 	db	28
   343   007C52  00                 	db	0
   344   007C53  08                 	db	8
   345   007C54  2A                 	db	42
   346   007C55  1C                 	db	28
   347   007C56  2A                 	db	42
   348   007C57  08                 	db	8
   349   007C58  08                 	db	8
   350   007C59  08                 	db	8
   351   007C5A  3E                 	db	62
   352   007C5B  08                 	db	8
   353   007C5C  08                 	db	8
   354   007C5D  00                 	db	0
   355   007C5E  50                 	db	80
   356   007C5F  30                 	db	48
   357   007C60  00                 	db	0
   358   007C61  00                 	db	0
   359   007C62  08                 	db	8
   360   007C63  08                 	db	8
   361   007C64  08                 	db	8
   362   007C65  08                 	db	8
   363   007C66  08                 	db	8
   364   007C67  00                 	db	0
   365   007C68  60                 	db	96
   366   007C69  60                 	db	96
   367   007C6A  00                 	db	0
   368   007C6B  00                 	db	0
   369   007C6C  20                 	db	32
   370   007C6D  10                 	db	16
   371   007C6E  08                 	db	8
   372   007C6F  04                 	db	4
   373   007C70  02                 	db	2
   374   007C71  3E                 	db	62
   375   007C72  51                 	db	81
   376   007C73  49                 	db	73
   377   007C74  45                 	db	69
   378   007C75  3E                 	db	62
   379   007C76  00                 	db	0
   380   007C77  42                 	db	66
   381   007C78  7F                 	db	127
   382   007C79  40                 	db	64
   383   007C7A  00                 	db	0
   384   007C7B  42                 	db	66
   385   007C7C  61                 	db	97
   386   007C7D  51                 	db	81
   387   007C7E  49                 	db	73
   388   007C7F  46                 	db	70
   389   007C80  21                 	db	33
   390   007C81  41                 	db	65
   391   007C82  45                 	db	69
   392   007C83  4B                 	db	75
   393   007C84  31                 	db	49
   394   007C85  18                 	db	24
   395   007C86  14                 	db	20
   396   007C87  12                 	db	18
   397   007C88  7F                 	db	127
   398   007C89  10                 	db	16
   399   007C8A  27                 	db	39
   400   007C8B  45                 	db	69
   401   007C8C  45                 	db	69
   402   007C8D  45                 	db	69
   403   007C8E  39                 	db	57
   404   007C8F  3C                 	db	60
   405   007C90  4A                 	db	74
   406   007C91  49                 	db	73
   407   007C92  49                 	db	73
   408   007C93  30                 	db	48
   409   007C94  01                 	db	1
   410   007C95  71                 	db	113
   411   007C96  09                 	db	9
   412   007C97  05                 	db	5
   413   007C98  03                 	db	3
   414   007C99  36                 	db	54
   415   007C9A  49                 	db	73
   416   007C9B  49                 	db	73
   417   007C9C  49                 	db	73
   418   007C9D  36                 	db	54
   419   007C9E  06                 	db	6
   420   007C9F  49                 	db	73
   421   007CA0  49                 	db	73
   422   007CA1  29                 	db	41
   423   007CA2  1E                 	db	30
   424   007CA3  00                 	db	0
   425   007CA4  66                 	db	102
   426   007CA5  66                 	db	102
   427   007CA6  00                 	db	0
   428   007CA7  00                 	db	0
   429   007CA8  00                 	db	0
   430   007CA9  66                 	db	102
   431   007CAA  62                 	db	98
   432   007CAB  00                 	db	0
   433   007CAC  00                 	db	0
   434   007CAD  08                 	db	8
   435   007CAE  14                 	db	20
   436   007CAF  22                 	db	34
   437   007CB0  41                 	db	65
   438   007CB1  00                 	db	0
   439   007CB2  24                 	db	36
   440   007CB3  24                 	db	36
   441   007CB4  24                 	db	36
   442   007CB5  24                 	db	36
   443   007CB6  24                 	db	36
   444   007CB7  00                 	db	0
   445   007CB8  41                 	db	65
   446   007CB9  22                 	db	34
   447   007CBA  14                 	db	20
   448   007CBB  08                 	db	8
   449   007CBC  02                 	db	2
   450   007CBD  01                 	db	1
   451   007CBE  51                 	db	81
   452   007CBF  09                 	db	9
   453   007CC0  06                 	db	6
   454   007CC1  32                 	db	50
   455   007CC2  49                 	db	73
   456   007CC3  79                 	db	121
   457   007CC4  41                 	db	65
   458   007CC5  3E                 	db	62
   459   007CC6  7E                 	db	126
   460   007CC7  11                 	db	17
   461   007CC8  11                 	db	17
   462   007CC9  11                 	db	17
   463   007CCA  7E                 	db	126
   464   007CCB  7F                 	db	127
   465   007CCC  49                 	db	73
   466   007CCD  49                 	db	73
   467   007CCE  49                 	db	73
   468   007CCF  36                 	db	54
   469   007CD0  3E                 	db	62
   470   007CD1  41                 	db	65
   471   007CD2  41                 	db	65
   472   007CD3  41                 	db	65
   473   007CD4  22                 	db	34
   474   007CD5  7F                 	db	127
   475   007CD6  41                 	db	65
   476   007CD7  41                 	db	65
   477   007CD8  22                 	db	34
   478   007CD9  1C                 	db	28
   479   007CDA  7F                 	db	127
   480   007CDB  49                 	db	73
   481   007CDC  49                 	db	73
   482   007CDD  49                 	db	73
   483   007CDE  41                 	db	65
   484   007CDF  7F                 	db	127
   485   007CE0  09                 	db	9
   486   007CE1  09                 	db	9
   487   007CE2  09                 	db	9
   488   007CE3  01                 	db	1
   489   007CE4  3E                 	db	62
   490   007CE5  41                 	db	65
   491   007CE6  49                 	db	73
   492   007CE7  49                 	db	73
   493   007CE8  7A                 	db	122
   494   007CE9  7F                 	db	127
   495   007CEA  08                 	db	8
   496   007CEB  08                 	db	8
   497   007CEC  08                 	db	8
   498   007CED  7F                 	db	127
   499   007CEE  00                 	db	0
   500   007CEF  41                 	db	65
   501   007CF0  7F                 	db	127
   502   007CF1  41                 	db	65
   503   007CF2  00                 	db	0
   504   007CF3  20                 	db	32
   505   007CF4  40                 	db	64
   506   007CF5  41                 	db	65
   507   007CF6  3F                 	db	63
   508   007CF7  01                 	db	1
   509   007CF8  7F                 	db	127
   510   007CF9  08                 	db	8
   511   007CFA  14                 	db	20
   512   007CFB  22                 	db	34
   513   007CFC  41                 	db	65
   514   007CFD  7F                 	db	127
   515   007CFE  40                 	db	64
   516   007CFF  40                 	db	64
   517   007D00  40                 	db	64
   518   007D01  40                 	db	64
   519   007D02  7F                 	db	127
   520   007D03  02                 	db	2
   521   007D04  0C                 	db	12
   522   007D05  02                 	db	2
   523   007D06  7F                 	db	127
   524   007D07  7F                 	db	127
   525   007D08  04                 	db	4
   526   007D09  08                 	db	8
   527   007D0A  10                 	db	16
   528   007D0B  7F                 	db	127
   529   007D0C  3E                 	db	62
   530   007D0D  41                 	db	65
   531   007D0E  41                 	db	65
   532   007D0F  41                 	db	65
   533   007D10  3E                 	db	62
   534   007D11  7F                 	db	127
   535   007D12  09                 	db	9
   536   007D13  09                 	db	9
   537   007D14  09                 	db	9
   538   007D15  06                 	db	6
   539   007D16  3E                 	db	62
   540   007D17  41                 	db	65
   541   007D18  51                 	db	81
   542   007D19  21                 	db	33
   543   007D1A  5E                 	db	94
   544   007D1B  7F                 	db	127
   545   007D1C  09                 	db	9
   546   007D1D  19                 	db	25
   547   007D1E  29                 	db	41
   548   007D1F  46                 	db	70
   549   007D20  26                 	db	38
   550   007D21  49                 	db	73
   551   007D22  49                 	db	73
   552   007D23  49                 	db	73
   553   007D24  32                 	db	50
   554   007D25  01                 	db	1
   555   007D26  01                 	db	1
   556   007D27  7F                 	db	127
   557   007D28  01                 	db	1
   558   007D29  01                 	db	1
   559   007D2A  3F                 	db	63
   560   007D2B  40                 	db	64
   561   007D2C  40                 	db	64
   562   007D2D  40                 	db	64
   563   007D2E  3F                 	db	63
   564   007D2F  1F                 	db	31
   565   007D30  20                 	db	32
   566   007D31  40                 	db	64
   567   007D32  20                 	db	32
   568   007D33  1F                 	db	31
   569   007D34  3F                 	db	63
   570   007D35  40                 	db	64
   571   007D36  38                 	db	56
   572   007D37  40                 	db	64
   573   007D38  3F                 	db	63
   574   007D39  63                 	db	99
   575   007D3A  14                 	db	20
   576   007D3B  08                 	db	8
   577   007D3C  14                 	db	20
   578   007D3D  63                 	db	99
   579   007D3E  07                 	db	7
   580   007D3F  08                 	db	8
   581   007D40  70                 	db	112
   582   007D41  08                 	db	8
   583   007D42  07                 	db	7
   584   007D43  61                 	db	97
   585   007D44  51                 	db	81
   586   007D45  49                 	db	73
   587   007D46  45                 	db	69
   588   007D47  43                 	db	67
   589   007D48                     __end_of_font5x8:
   590                           	callstack 0
   591   000F8C                     _LATDbits       set	3980
   592   000F8C                     _LATD           set	3980
   593   000F95                     _TRISDbits      set	3989
   594   000FD3                     _OSCCON         set	4051
   595   000FAD                     _TXREG          set	4013
   596   000FAC                     _TXSTAbits      set	4012
   597   000FAB                     _RCSTA          set	4011
   598   000FAC                     _TXSTA          set	4012
   599   000FAF                     _SPBRG          set	4015
   600   000F94                     _TRISCbits      set	3988
   601   000F81                     _PORTBbits      set	3969
   602   000FC7                     _SSPSTATbits    set	4039
   603   000FC9                     _SSPBUF         set	4041
   604   000FC5                     _SSPCON2bits    set	4037
   605   000FC8                     _SSPADD         set	4040
   606   000FC6                     _SSPCON1        set	4038
   607   000FC7                     _SSPSTAT        set	4039
   608   000F93                     _TRISBbits      set	3987
   609   007D48                     STR_40:
   610   007D48  5B                 	db	91	;'['
   611   007D49  45                 	db	69	;'E'
   612   007D4A  53                 	db	83	;'S'
   613   007D4B  50                 	db	80	;'P'
   614   007D4C  45                 	db	69	;'E'
   615   007D4D  52                 	db	82	;'R'
   616   007D4E  41                 	db	65	;'A'
   617   007D4F  5D                 	db	93	;']'
   618   007D50  20                 	db	32
   619   007D51  52                 	db	82	;'R'
   620   007D52  65                 	db	101	;'e'
   621   007D53  74                 	db	116	;'t'
   622   007D54  69                 	db	105	;'i'
   623   007D55  72                 	db	114	;'r'
   624   007D56  65                 	db	101	;'e'
   625   007D57  20                 	db	32
   626   007D58  65                 	db	101	;'e'
   627   007D59  6C                 	db	108	;'l'
   628   007D5A  20                 	db	32
   629   007D5B  64                 	db	100	;'d'
   630   007D5C  65                 	db	101	;'e'
   631   007D5D  64                 	db	100	;'d'
   632   007D5E  6F                 	db	111	;'o'
   633   007D5F  20                 	db	32
   634   007D60  70                 	db	112	;'p'
   635   007D61  61                 	db	97	;'a'
   636   007D62  72                 	db	114	;'r'
   637   007D63  61                 	db	97	;'a'
   638   007D64  20                 	db	32
   639   007D65  6E                 	db	110	;'n'
   640   007D66  75                 	db	117	;'u'
   641   007D67  65                 	db	101	;'e'
   642   007D68  76                 	db	118	;'v'
   643   007D69  61                 	db	97	;'a'
   644   007D6A  20                 	db	32
   645   007D6B  6C                 	db	108	;'l'
   646   007D6C  65                 	db	101	;'e'
   647   007D6D  63                 	db	99	;'c'
   648   007D6E  74                 	db	116	;'t'
   649   007D6F  75                 	db	117	;'u'
   650   007D70  72                 	db	114	;'r'
   651   007D71  61                 	db	97	;'a'
   652   007D72  2E                 	db	46
   653   007D73  2E                 	db	46
   654   007D74  2E                 	db	46
   655   007D75  0D                 	db	13
   656   007D76  0A                 	db	10
   657   007D77  00                 	db	0
   658   007D78                     STR_11:
   659   007D78  5B                 	db	91	;'['
   660   007D79  45                 	db	69	;'E'
   661   007D7A  53                 	db	83	;'S'
   662   007D7B  50                 	db	80	;'P'
   663   007D7C  45                 	db	69	;'E'
   664   007D7D  52                 	db	82	;'R'
   665   007D7E  41                 	db	65	;'A'
   666   007D7F  5D                 	db	93	;']'
   667   007D80  20                 	db	32
   668   007D81  43                 	db	67	;'C'
   669   007D82  6F                 	db	111	;'o'
   670   007D83  6C                 	db	108	;'l'
   671   007D84  6F                 	db	111	;'o'
   672   007D85  71                 	db	113	;'q'
   673   007D86  75                 	db	117	;'u'
   674   007D87  65                 	db	101	;'e'
   675   007D88  20                 	db	32
   676   007D89  65                 	db	101	;'e'
   677   007D8A  6C                 	db	108	;'l'
   678   007D8B  20                 	db	32
   679   007D8C  64                 	db	100	;'d'
   680   007D8D  65                 	db	101	;'e'
   681   007D8E  64                 	db	100	;'d'
   682   007D8F  6F                 	db	111	;'o'
   683   007D90  20                 	db	32
   684   007D91  65                 	db	101	;'e'
   685   007D92  6E                 	db	110	;'n'
   686   007D93  20                 	db	32
   687   007D94  65                 	db	101	;'e'
   688   007D95  6C                 	db	108	;'l'
   689   007D96  20                 	db	32
   690   007D97  73                 	db	115	;'s'
   691   007D98  65                 	db	101	;'e'
   692   007D99  6E                 	db	110	;'n'
   693   007D9A  73                 	db	115	;'s'
   694   007D9B  6F                 	db	111	;'o'
   695   007D9C  72                 	db	114	;'r'
   696   007D9D  2E                 	db	46
   697   007D9E  2E                 	db	46
   698   007D9F  2E                 	db	46
   699   007DA0  0D                 	db	13
   700   007DA1  0A                 	db	10
   701   007DA2  00                 	db	0
   702   007DA3                     STR_14:
   703   007DA3  5B                 	db	91	;'['
   704   007DA4  53                 	db	83	;'S'
   705   007DA5  45                 	db	69	;'E'
   706   007DA6  4E                 	db	78	;'N'
   707   007DA7  53                 	db	83	;'S'
   708   007DA8  41                 	db	65	;'A'
   709   007DA9  4E                 	db	78	;'N'
   710   007DAA  44                 	db	68	;'D'
   711   007DAB  4F                 	db	79	;'O'
   712   007DAC  5D                 	db	93	;']'
   713   007DAD  20                 	db	32
   714   007DAE  45                 	db	69	;'E'
   715   007DAF  73                 	db	115	;'s'
   716   007DB0  74                 	db	116	;'t'
   717   007DB1  61                 	db	97	;'a'
   718   007DB2  62                 	db	98	;'b'
   719   007DB3  69                 	db	105	;'i'
   720   007DB4  6C                 	db	108	;'l'
   721   007DB5  69                 	db	105	;'i'
   722   007DB6  7A                 	db	122	;'z'
   723   007DB7  61                 	db	97	;'a'
   724   007DB8  6E                 	db	110	;'n'
   725   007DB9  64                 	db	100	;'d'
   726   007DBA  6F                 	db	111	;'o'
   727   007DBB  20                 	db	32
   728   007DBC  6C                 	db	108	;'l'
   729   007DBD  65                 	db	101	;'e'
   730   007DBE  63                 	db	99	;'c'
   731   007DBF  74                 	db	116	;'t'
   732   007DC0  75                 	db	117	;'u'
   733   007DC1  72                 	db	114	;'r'
   734   007DC2  61                 	db	97	;'a'
   735   007DC3  2E                 	db	46
   736   007DC4  2E                 	db	46
   737   007DC5  2E                 	db	46
   738   007DC6  0D                 	db	13
   739   007DC7  0A                 	db	10
   740   007DC8  00                 	db	0
   741   007DC9                     STR_4:
   742   007DC9  0D                 	db	13
   743   007DCA  0A                 	db	10
   744   007DCB  3D                 	db	61	;'='
   745   007DCC  3D                 	db	61	;'='
   746   007DCD  3D                 	db	61	;'='
   747   007DCE  3D                 	db	61	;'='
   748   007DCF  3D                 	db	61	;'='
   749   007DD0  3D                 	db	61	;'='
   750   007DD1  3D                 	db	61	;'='
   751   007DD2  3D                 	db	61	;'='
   752   007DD3  3D                 	db	61	;'='
   753   007DD4  3D                 	db	61	;'='
   754   007DD5  3D                 	db	61	;'='
   755   007DD6  3D                 	db	61	;'='
   756   007DD7  3D                 	db	61	;'='
   757   007DD8  3D                 	db	61	;'='
   758   007DD9  3D                 	db	61	;'='
   759   007DDA  3D                 	db	61	;'='
   760   007DDB  3D                 	db	61	;'='
   761   007DDC  3D                 	db	61	;'='
   762   007DDD  3D                 	db	61	;'='
   763   007DDE  3D                 	db	61	;'='
   764   007DDF  3D                 	db	61	;'='
   765   007DE0  3D                 	db	61	;'='
   766   007DE1  3D                 	db	61	;'='
   767   007DE2  3D                 	db	61	;'='
   768   007DE3  3D                 	db	61	;'='
   769   007DE4  3D                 	db	61	;'='
   770   007DE5  3D                 	db	61	;'='
   771   007DE6  3D                 	db	61	;'='
   772   007DE7  3D                 	db	61	;'='
   773   007DE8  0D                 	db	13
   774   007DE9  0A                 	db	10
   775   007DEA  00                 	db	0
   776   007DEB                     STR_1:
   777   007DEB  2D                 	db	45
   778   007DEC  2D                 	db	45
   779   007DED  2D                 	db	45
   780   007DEE  2D                 	db	45
   781   007DEF  2D                 	db	45
   782   007DF0  2D                 	db	45
   783   007DF1  2D                 	db	45
   784   007DF2  2D                 	db	45
   785   007DF3  2D                 	db	45
   786   007DF4  2D                 	db	45
   787   007DF5  2D                 	db	45
   788   007DF6  2D                 	db	45
   789   007DF7  2D                 	db	45
   790   007DF8  2D                 	db	45
   791   007DF9  2D                 	db	45
   792   007DFA  2D                 	db	45
   793   007DFB  2D                 	db	45
   794   007DFC  2D                 	db	45
   795   007DFD  2D                 	db	45
   796   007DFE  2D                 	db	45
   797   007DFF  2D                 	db	45
   798   007E00  2D                 	db	45
   799   007E01  2D                 	db	45
   800   007E02  2D                 	db	45
   801   007E03  2D                 	db	45
   802   007E04  2D                 	db	45
   803   007E05  2D                 	db	45
   804   007E06  2D                 	db	45
   805   007E07  2D                 	db	45
   806   007E08  2D                 	db	45
   807   007E09  0D                 	db	13
   808   007E0A  0A                 	db	10
   809   007E0B  00                 	db	0
   810   007E0C                     STR_6:
   811   007E0C  20                 	db	32
   812   007E0D  20                 	db	32
   813   007E0E  50                 	db	80	;'P'
   814   007E0F  49                 	db	73	;'I'
   815   007E10  43                 	db	67	;'C'
   816   007E11  31                 	db	49	;'1'
   817   007E12  38                 	db	56	;'8'
   818   007E13  46                 	db	70	;'F'
   819   007E14  34                 	db	52	;'4'
   820   007E15  35                 	db	53	;'5'
   821   007E16  35                 	db	53	;'5'
   822   007E17  30                 	db	48	;'0'
   823   007E18  20                 	db	32
   824   007E19  2D                 	db	45
   825   007E1A  20                 	db	32
   826   007E1B  50                 	db	80	;'P'
   827   007E1C  72                 	db	114	;'r'
   828   007E1D  61                 	db	97	;'a'
   829   007E1E  63                 	db	99	;'c'
   830   007E1F  74                 	db	116	;'t'
   831   007E20  69                 	db	105	;'i'
   832   007E21  63                 	db	99	;'c'
   833   007E22  61                 	db	97	;'a'
   834   007E23  20                 	db	32
   835   007E24  33                 	db	51	;'3'
   836   007E25  20                 	db	32
   837   007E26  20                 	db	32
   838   007E27  20                 	db	32
   839   007E28  20                 	db	32
   840   007E29  0D                 	db	13
   841   007E2A  0A                 	db	10
   842   007E2B  00                 	db	0
   843   007E2C                     STR_5:
   844   007E2C  20                 	db	32
   845   007E2D  20                 	db	32
   846   007E2E  4D                 	db	77	;'M'
   847   007E2F  4F                 	db	79	;'O'
   848   007E30  4E                 	db	78	;'N'
   849   007E31  49                 	db	73	;'I'
   850   007E32  54                 	db	84	;'T'
   851   007E33  4F                 	db	79	;'O'
   852   007E34  52                 	db	82	;'R'
   853   007E35  20                 	db	32
   854   007E36  44                 	db	68	;'D'
   855   007E37  45                 	db	69	;'E'
   856   007E38  20                 	db	32
   857   007E39  53                 	db	83	;'S'
   858   007E3A  49                 	db	73	;'I'
   859   007E3B  47                 	db	71	;'G'
   860   007E3C  4E                 	db	78	;'N'
   861   007E3D  4F                 	db	79	;'O'
   862   007E3E  53                 	db	83	;'S'
   863   007E3F  20                 	db	32
   864   007E40  56                 	db	86	;'V'
   865   007E41  49                 	db	73	;'I'
   866   007E42  54                 	db	84	;'T'
   867   007E43  41                 	db	65	;'A'
   868   007E44  4C                 	db	76	;'L'
   869   007E45  45                 	db	69	;'E'
   870   007E46  53                 	db	83	;'S'
   871   007E47  20                 	db	32
   872   007E48  20                 	db	32
   873   007E49  0D                 	db	13
   874   007E4A  0A                 	db	10
   875   007E4B  00                 	db	0
   876   007E4C                     STR_8:
   877   007E4C  5B                 	db	91	;'['
   878   007E4D  50                 	db	80	;'P'
   879   007E4E  52                 	db	82	;'R'
   880   007E4F  45                 	db	69	;'E'
   881   007E50  50                 	db	80	;'P'
   882   007E51  5D                 	db	93	;']'
   883   007E52  20                 	db	32
   884   007E53  43                 	db	67	;'C'
   885   007E54  61                 	db	97	;'a'
   886   007E55  6C                 	db	108	;'l'
   887   007E56  69                 	db	105	;'i'
   888   007E57  62                 	db	98	;'b'
   889   007E58  72                 	db	114	;'r'
   890   007E59  61                 	db	97	;'a'
   891   007E5A  6E                 	db	110	;'n'
   892   007E5B  64                 	db	100	;'d'
   893   007E5C  6F                 	db	111	;'o'
   894   007E5D  20                 	db	32
   895   007E5E  73                 	db	115	;'s'
   896   007E5F  65                 	db	101	;'e'
   897   007E60  6E                 	db	110	;'n'
   898   007E61  73                 	db	115	;'s'
   899   007E62  6F                 	db	111	;'o'
   900   007E63  72                 	db	114	;'r'
   901   007E64  65                 	db	101	;'e'
   902   007E65  73                 	db	115	;'s'
   903   007E66  2E                 	db	46
   904   007E67  2E                 	db	46
   905   007E68  2E                 	db	46
   906   007E69  0D                 	db	13
   907   007E6A  0A                 	db	10
   908   007E6B  00                 	db	0
   909   007E6C                     STR_27:
   910   007E6C  20                 	db	32
   911   007E6D  20                 	db	32
   912   007E6E  20                 	db	32
   913   007E6F  20                 	db	32
   914   007E70  20                 	db	32
   915   007E71  20                 	db	32
   916   007E72  20                 	db	32
   917   007E73  52                 	db	82	;'R'
   918   007E74  45                 	db	69	;'E'
   919   007E75  53                 	db	83	;'S'
   920   007E76  55                 	db	85	;'U'
   921   007E77  4C                 	db	76	;'L'
   922   007E78  54                 	db	84	;'T'
   923   007E79  41                 	db	65	;'A'
   924   007E7A  44                 	db	68	;'D'
   925   007E7B  4F                 	db	79	;'O'
   926   007E7C  53                 	db	83	;'S'
   927   007E7D  20                 	db	32
   928   007E7E  20                 	db	32
   929   007E7F  20                 	db	32
   930   007E80  20                 	db	32
   931   007E81  20                 	db	32
   932   007E82  20                 	db	32
   933   007E83  20                 	db	32
   934   007E84  20                 	db	32
   935   007E85  20                 	db	32
   936   007E86  20                 	db	32
   937   007E87  20                 	db	32
   938   007E88  0D                 	db	13
   939   007E89  0A                 	db	10
   940   007E8A  00                 	db	0
   941   007E8B                     STR_30:
   942   007E8B  42                 	db	66	;'B'
   943   007E8C  52                 	db	82	;'R'
   944   007E8D  41                 	db	65	;'A'
   945   007E8E  44                 	db	68	;'D'
   946   007E8F  49                 	db	73	;'I'
   947   007E90  43                 	db	67	;'C'
   948   007E91  41                 	db	65	;'A'
   949   007E92  52                 	db	82	;'R'
   950   007E93  44                 	db	68	;'D'
   951   007E94  49                 	db	73	;'I'
   952   007E95  41                 	db	65	;'A'
   953   007E96  20                 	db	32
   954   007E97  2D                 	db	45
   955   007E98  20                 	db	32
   956   007E99  41                 	db	65	;'A'
   957   007E9A  4C                 	db	76	;'L'
   958   007E9B  41                 	db	65	;'A'
   959   007E9C  52                 	db	82	;'R'
   960   007E9D  4D                 	db	77	;'M'
   961   007E9E  41                 	db	65	;'A'
   962   007E9F  0D                 	db	13
   963   007EA0  0A                 	db	10
   964   007EA1  00                 	db	0
   965   007EA2                     STR_31:
   966   007EA2  54                 	db	84	;'T'
   967   007EA3  41                 	db	65	;'A'
   968   007EA4  51                 	db	81	;'Q'
   969   007EA5  55                 	db	85	;'U'
   970   007EA6  49                 	db	73	;'I'
   971   007EA7  43                 	db	67	;'C'
   972   007EA8  41                 	db	65	;'A'
   973   007EA9  52                 	db	82	;'R'
   974   007EAA  44                 	db	68	;'D'
   975   007EAB  49                 	db	73	;'I'
   976   007EAC  41                 	db	65	;'A'
   977   007EAD  20                 	db	32
   978   007EAE  2D                 	db	45
   979   007EAF  20                 	db	32
   980   007EB0  41                 	db	65	;'A'
   981   007EB1  4C                 	db	76	;'L'
   982   007EB2  41                 	db	65	;'A'
   983   007EB3  52                 	db	82	;'R'
   984   007EB4  4D                 	db	77	;'M'
   985   007EB5  41                 	db	65	;'A'
   986   007EB6  0D                 	db	13
   987   007EB7  0A                 	db	10
   988   007EB8  00                 	db	0
   989   007EB9                     STR_35:
   990   007EB9  48                 	db	72	;'H'
   991   007EBA  49                 	db	73	;'I'
   992   007EBB  50                 	db	80	;'P'
   993   007EBC  4F                 	db	79	;'O'
   994   007EBD  54                 	db	84	;'T'
   995   007EBE  45                 	db	69	;'E'
   996   007EBF  52                 	db	82	;'R'
   997   007EC0  4D                 	db	77	;'M'
   998   007EC1  49                 	db	73	;'I'
   999   007EC2  41                 	db	65	;'A'
  1000   007EC3  20                 	db	32
  1001   007EC4  2D                 	db	45
  1002   007EC5  20                 	db	32
  1003   007EC6  41                 	db	65	;'A'
  1004   007EC7  4C                 	db	76	;'L'
  1005   007EC8  41                 	db	65	;'A'
  1006   007EC9  52                 	db	82	;'R'
  1007   007ECA  4D                 	db	77	;'M'
  1008   007ECB  41                 	db	65	;'A'
  1009   007ECC  0D                 	db	13
  1010   007ECD  0A                 	db	10
  1011   007ECE  00                 	db	0
  1012   007ECF                     STR_36:
  1013   007ECF  46                 	db	70	;'F'
  1014   007ED0  49                 	db	73	;'I'
  1015   007ED1  45                 	db	69	;'E'
  1016   007ED2  42                 	db	66	;'B'
  1017   007ED3  52                 	db	82	;'R'
  1018   007ED4  45                 	db	69	;'E'
  1019   007ED5  20                 	db	32
  1020   007ED6  2D                 	db	45
  1021   007ED7  20                 	db	32
  1022   007ED8  41                 	db	65	;'A'
  1023   007ED9  4C                 	db	76	;'L'
  1024   007EDA  41                 	db	65	;'A'
  1025   007EDB  52                 	db	82	;'R'
  1026   007EDC  4D                 	db	77	;'M'
  1027   007EDD  41                 	db	65	;'A'
  1028   007EDE  0D                 	db	13
  1029   007EDF  0A                 	db	10
  1030   007EE0  00                 	db	0
  1031   007EE1                     STR_13:
  1032   007EE1  4E                 	db	78	;'N'
  1033   007EE2  4F                 	db	79	;'O'
  1034   007EE3  20                 	db	32
  1035   007EE4  52                 	db	82	;'R'
  1036   007EE5  45                 	db	69	;'E'
  1037   007EE6  54                 	db	84	;'T'
  1038   007EE7  49                 	db	73	;'I'
  1039   007EE8  52                 	db	82	;'R'
  1040   007EE9  45                 	db	69	;'E'
  1041   007EEA  20                 	db	32
  1042   007EEB  45                 	db	69	;'E'
  1043   007EEC  4C                 	db	76	;'L'
  1044   007EED  20                 	db	32
  1045   007EEE  44                 	db	68	;'D'
  1046   007EEF  45                 	db	69	;'E'
  1047   007EF0  44                 	db	68	;'D'
  1048   007EF1  4F                 	db	79	;'O'
  1049   007EF2  00                 	db	0
  1050   007EF3                     STR_15:
  1051   007EF3  2D                 	db	45
  1052   007EF4  2D                 	db	45
  1053   007EF5  20                 	db	32
  1054   007EF6  52                 	db	82	;'R'
  1055   007EF7  45                 	db	69	;'E'
  1056   007EF8  53                 	db	83	;'S'
  1057   007EF9  55                 	db	85	;'U'
  1058   007EFA  4C                 	db	76	;'L'
  1059   007EFB  54                 	db	84	;'T'
  1060   007EFC  41                 	db	65	;'A'
  1061   007EFD  44                 	db	68	;'D'
  1062   007EFE  4F                 	db	79	;'O'
  1063   007EFF  53                 	db	83	;'S'
  1064   007F00  20                 	db	32
  1065   007F01  2D                 	db	45
  1066   007F02  2D                 	db	45
  1067   007F03  00                 	db	0
  1068   007F04                     STR_20:
  1069   007F04  20                 	db	32
  1070   007F05  20                 	db	32
  1071   007F06  4E                 	db	78	;'N'
  1072   007F07  4F                 	db	79	;'O'
  1073   007F08  52                 	db	82	;'R'
  1074   007F09  4D                 	db	77	;'M'
  1075   007F0A  41                 	db	65	;'A'
  1076   007F0B  4C                 	db	76	;'L'
  1077   007F0C  20                 	db	32
  1078   007F0D  20                 	db	32
  1079   007F0E  20                 	db	32
  1080   007F0F  20                 	db	32
  1081   007F10  20                 	db	32
  1082   007F11  20                 	db	32
  1083   007F12  20                 	db	32
  1084   007F13  00                 	db	0
  1085   007F14                     STR_18:
  1086   007F14  21                 	db	33
  1087   007F15  20                 	db	32
  1088   007F16  42                 	db	66	;'B'
  1089   007F17  52                 	db	82	;'R'
  1090   007F18  41                 	db	65	;'A'
  1091   007F19  44                 	db	68	;'D'
  1092   007F1A  49                 	db	73	;'I'
  1093   007F1B  43                 	db	67	;'C'
  1094   007F1C  41                 	db	65	;'A'
  1095   007F1D  52                 	db	82	;'R'
  1096   007F1E  44                 	db	68	;'D'
  1097   007F1F  49                 	db	73	;'I'
  1098   007F20  41                 	db	65	;'A'
  1099   007F21  20                 	db	32
  1100   007F22  21                 	db	33
  1101   007F23  00                 	db	0
  1102   007F24                     STR_19:
  1103   007F24  21                 	db	33
  1104   007F25  20                 	db	32
  1105   007F26  54                 	db	84	;'T'
  1106   007F27  41                 	db	65	;'A'
  1107   007F28  51                 	db	81	;'Q'
  1108   007F29  55                 	db	85	;'U'
  1109   007F2A  49                 	db	73	;'I'
  1110   007F2B  43                 	db	67	;'C'
  1111   007F2C  41                 	db	65	;'A'
  1112   007F2D  52                 	db	82	;'R'
  1113   007F2E  44                 	db	68	;'D'
  1114   007F2F  49                 	db	73	;'I'
  1115   007F30  41                 	db	65	;'A'
  1116   007F31  20                 	db	32
  1117   007F32  21                 	db	33
  1118   007F33  00                 	db	0
  1119   007F34                     STR_10:
  1120   007F34  43                 	db	67	;'C'
  1121   007F35  4F                 	db	79	;'O'
  1122   007F36  4C                 	db	76	;'L'
  1123   007F37  4F                 	db	79	;'O'
  1124   007F38  51                 	db	81	;'Q'
  1125   007F39  55                 	db	85	;'U'
  1126   007F3A  45                 	db	69	;'E'
  1127   007F3B  20                 	db	32
  1128   007F3C  45                 	db	69	;'E'
  1129   007F3D  4C                 	db	76	;'L'
  1130   007F3E  20                 	db	32
  1131   007F3F  44                 	db	68	;'D'
  1132   007F40  45                 	db	69	;'E'
  1133   007F41  44                 	db	68	;'D'
  1134   007F42  4F                 	db	79	;'O'
  1135   007F43  00                 	db	0
  1136   007F44                     STR_25:
  1137   007F44  20                 	db	32
  1138   007F45  20                 	db	32
  1139   007F46  20                 	db	32
  1140   007F47  4E                 	db	78	;'N'
  1141   007F48  4F                 	db	79	;'O'
  1142   007F49  52                 	db	82	;'R'
  1143   007F4A  4D                 	db	77	;'M'
  1144   007F4B  41                 	db	65	;'A'
  1145   007F4C  4C                 	db	76	;'L'
  1146   007F4D  20                 	db	32
  1147   007F4E  20                 	db	32
  1148   007F4F  20                 	db	32
  1149   007F50  20                 	db	32
  1150   007F51  20                 	db	32
  1151   007F52  00                 	db	0
  1152   007F53                     STR_24:
  1153   007F53  21                 	db	33
  1154   007F54  20                 	db	32
  1155   007F55  20                 	db	32
  1156   007F56  20                 	db	32
  1157   007F57  46                 	db	70	;'F'
  1158   007F58  49                 	db	73	;'I'
  1159   007F59  45                 	db	69	;'E'
  1160   007F5A  42                 	db	66	;'B'
  1161   007F5B  52                 	db	82	;'R'
  1162   007F5C  45                 	db	69	;'E'
  1163   007F5D  20                 	db	32
  1164   007F5E  20                 	db	32
  1165   007F5F  20                 	db	32
  1166   007F60  21                 	db	33
  1167   007F61  00                 	db	0
  1168   007F62                     STR_23:
  1169   007F62  21                 	db	33
  1170   007F63  20                 	db	32
  1171   007F64  48                 	db	72	;'H'
  1172   007F65  49                 	db	73	;'I'
  1173   007F66  50                 	db	80	;'P'
  1174   007F67  4F                 	db	79	;'O'
  1175   007F68  54                 	db	84	;'T'
  1176   007F69  45                 	db	69	;'E'
  1177   007F6A  52                 	db	82	;'R'
  1178   007F6B  4D                 	db	77	;'M'
  1179   007F6C  49                 	db	73	;'I'
  1180   007F6D  41                 	db	65	;'A'
  1181   007F6E  20                 	db	32
  1182   007F6F  21                 	db	33
  1183   007F70  00                 	db	0
  1184   007F71                     STR_39:
  1185   007F71  50                 	db	80	;'P'
  1186   007F72  41                 	db	65	;'A'
  1187   007F73  52                 	db	82	;'R'
  1188   007F74  41                 	db	65	;'A'
  1189   007F75  20                 	db	32
  1190   007F76  43                 	db	67	;'C'
  1191   007F77  4F                 	db	79	;'O'
  1192   007F78  4E                 	db	78	;'N'
  1193   007F79  54                 	db	84	;'T'
  1194   007F7A  49                 	db	73	;'I'
  1195   007F7B  4E                 	db	78	;'N'
  1196   007F7C  55                 	db	85	;'U'
  1197   007F7D  41                 	db	65	;'A'
  1198   007F7E  52                 	db	82	;'R'
  1199   007F7F  00                 	db	0
  1200   007F80                     STR_33:
  1201   007F80  54                 	db	84	;'T'
  1202   007F81  65                 	db	101	;'e'
  1203   007F82  6D                 	db	109	;'m'
  1204   007F83  70                 	db	112	;'p'
  1205   007F84  65                 	db	101	;'e'
  1206   007F85  72                 	db	114	;'r'
  1207   007F86  61                 	db	97	;'a'
  1208   007F87  74                 	db	116	;'t'
  1209   007F88  75                 	db	117	;'u'
  1210   007F89  72                 	db	114	;'r'
  1211   007F8A  61                 	db	97	;'a'
  1212   007F8B  3A                 	db	58	;':'
  1213   007F8C  20                 	db	32
  1214   007F8D  00                 	db	0
  1215   007F8E                     STR_9:
  1216   007F8E  4D                 	db	77	;'M'
  1217   007F8F  4F                 	db	79	;'O'
  1218   007F90  4E                 	db	78	;'N'
  1219   007F91  49                 	db	73	;'I'
  1220   007F92  54                 	db	84	;'T'
  1221   007F93  4F                 	db	79	;'O'
  1222   007F94  52                 	db	82	;'R'
  1223   007F95  20                 	db	32
  1224   007F96  56                 	db	86	;'V'
  1225   007F97  49                 	db	73	;'I'
  1226   007F98  54                 	db	84	;'T'
  1227   007F99  41                 	db	65	;'A'
  1228   007F9A  4C                 	db	76	;'L'
  1229   007F9B  00                 	db	0
  1230   007F9C                     STR_28:
  1231   007F9C  50                 	db	80	;'P'
  1232   007F9D  75                 	db	117	;'u'
  1233   007F9E  6C                 	db	108	;'l'
  1234   007F9F  73                 	db	115	;'s'
  1235   007FA0  6F                 	db	111	;'o'
  1236   007FA1  20                 	db	32
  1237   007FA2  20                 	db	32
  1238   007FA3  20                 	db	32
  1239   007FA4  20                 	db	32
  1240   007FA5  20                 	db	32
  1241   007FA6  3A                 	db	58	;':'
  1242   007FA7  20                 	db	32
  1243   007FA8  00                 	db	0
  1244   007FA9                     STR_12:
  1245   007FA9  53                 	db	83	;'S'
  1246   007FAA  45                 	db	69	;'E'
  1247   007FAB  4E                 	db	78	;'N'
  1248   007FAC  53                 	db	83	;'S'
  1249   007FAD  41                 	db	65	;'A'
  1250   007FAE  4E                 	db	78	;'N'
  1251   007FAF  44                 	db	68	;'D'
  1252   007FB0  4F                 	db	79	;'O'
  1253   007FB1  2E                 	db	46
  1254   007FB2  2E                 	db	46
  1255   007FB3  2E                 	db	46
  1256   007FB4  00                 	db	0
  1257   007FB5                     STR_3:
  1258   007FB5  53                 	db	83	;'S'
  1259   007FB6  49                 	db	73	;'I'
  1260   007FB7  53                 	db	83	;'S'
  1261   007FB8  54                 	db	84	;'T'
  1262   007FB9  45                 	db	69	;'E'
  1263   007FBA  4D                 	db	77	;'M'
  1264   007FBB  41                 	db	65	;'A'
  1265   007FBC  2E                 	db	46
  1266   007FBD  2E                 	db	46
  1267   007FBE  2E                 	db	46
  1268   007FBF  00                 	db	0
  1269   007FC0                     STR_2:
  1270   007FC0  50                 	db	80	;'P'
  1271   007FC1  52                 	db	82	;'R'
  1272   007FC2  45                 	db	69	;'E'
  1273   007FC3  50                 	db	80	;'P'
  1274   007FC4  41                 	db	65	;'A'
  1275   007FC5  52                 	db	82	;'R'
  1276   007FC6  41                 	db	65	;'A'
  1277   007FC7  4E                 	db	78	;'N'
  1278   007FC8  44                 	db	68	;'D'
  1279   007FC9  4F                 	db	79	;'O'
  1280   007FCA  00                 	db	0
  1281   007FCB                     STR_32:
  1282   007FCB  4E                 	db	78	;'N'
  1283   007FCC  4F                 	db	79	;'O'
  1284   007FCD  52                 	db	82	;'R'
  1285   007FCE  4D                 	db	77	;'M'
  1286   007FCF  41                 	db	65	;'A'
  1287   007FD0  4C                 	db	76	;'L'
  1288   007FD1  0D                 	db	13
  1289   007FD2  0A                 	db	10
  1290   007FD3  00                 	db	0
  1291   007FD4                     STR_29:
  1292   007FD4  20                 	db	32
  1293   007FD5  42                 	db	66	;'B'
  1294   007FD6  50                 	db	80	;'P'
  1295   007FD7  4D                 	db	77	;'M'
  1296   007FD8  20                 	db	32
  1297   007FD9  2D                 	db	45
  1298   007FDA  3E                 	db	62	;'>'
  1299   007FDB  20                 	db	32
  1300   007FDC  00                 	db	0
  1301   007FDD                     STR_34:
  1302   007FDD  20                 	db	32
  1303   007FDE  43                 	db	67	;'C'
  1304   007FDF  20                 	db	32
  1305   007FE0  20                 	db	32
  1306   007FE1  2D                 	db	45
  1307   007FE2  3E                 	db	62	;'>'
  1308   007FE3  20                 	db	32
  1309   007FE4  00                 	db	0
  1310   007FE5                     STR_16:
  1311   007FE5  50                 	db	80	;'P'
  1312   007FE6  55                 	db	85	;'U'
  1313   007FE7  4C                 	db	76	;'L'
  1314   007FE8  53                 	db	83	;'S'
  1315   007FE9  4F                 	db	79	;'O'
  1316   007FEA  3A                 	db	58	;':'
  1317   007FEB  00                 	db	0
  1318   007FEC                     STR_21:
  1319   007FEC  54                 	db	84	;'T'
  1320   007FED  45                 	db	69	;'E'
  1321   007FEE  4D                 	db	77	;'M'
  1322   007FEF  50                 	db	80	;'P'
  1323   007FF0  3A                 	db	58	;':'
  1324   007FF1  00                 	db	0
  1325   007FF2                     STR_17:
  1326   007FF2  20                 	db	32
  1327   007FF3  42                 	db	66	;'B'
  1328   007FF4  50                 	db	80	;'P'
  1329   007FF5  4D                 	db	77	;'M'
  1330   007FF6  00                 	db	0
  1331   007FF7                     STR_22:
  1332   007FF7  20                 	db	32
  1333   007FF8  43                 	db	67	;'C'
  1334   007FF9  00                 	db	0
  1335   007EE4                     STR_38          equ	STR_13+3
  1336   007FCB                     STR_37          equ	STR_32
  1337   007DCB                     STR_7           equ	STR_4+2
  1338   007E88                     STR_26          equ	STR_27+28
  1339   007FFA  00                 	db	0	; dummy byte at the end
  1340   007C20                     __smallconst    set	__pmediumconst
  1341   007C20                     __mediumconst   set	__pmediumconst
  1342   000002                     __activetblptr  equ	2
  1343                           
  1344                           ; #config settings
  1345                           
  1346                           	psect	cinit
  1347   006DC8                     __pcinit:
  1348                           	callstack 0
  1349   006DC8                     start_initialization:
  1350                           	callstack 0
  1351   006DC8                     __initialization:
  1352                           	callstack 0
  1353   006DC8                     end_of_initialization:
  1354                           	callstack 0
  1355   006DC8                     __end_of__initialization:
  1356                           	callstack 0
  1357   006DC8  0E00               	movlw	low (__Lmediumconst shr (0+16))
  1358   006DCA  6EF8               	movwf	tblptru,c
  1359   006DCC  0100               	movlb	0
  1360   006DCE  EF00  F03B         	goto	_main	;jump to C main() function
  1361                           
  1362                           	psect	cstackCOMRAM
  1363   000001                     __pcstackCOMRAM:
  1364                           	callstack 0
  1365   000001                     ?___lwdiv:
  1366                           	callstack 0
  1367   000001                     ?___lwmod:
  1368                           	callstack 0
  1369   000001                     ?___llmod:
  1370                           	callstack 0
  1371   000001                     ?___lldiv:
  1372                           	callstack 0
  1373   000001                     I2C_Write@d:
  1374                           	callstack 0
  1375   000001                     DS18B20_WriteByte@dato:
  1376                           	callstack 0
  1377   000001                     UART_EnviarByte@dato:
  1378                           	callstack 0
  1379   000001                     ___lwdiv@dividend:
  1380                           	callstack 0
  1381   000001                     ___lwmod@dividend:
  1382                           	callstack 0
  1383   000001                     ___lldiv@dividend:
  1384                           	callstack 0
  1385   000001                     ___llmod@dividend:
  1386                           	callstack 0
  1387   000001                     ??_I2C_Read:
  1388   000001                     ??_DS18B20_ReadByte:
  1389   000001                     ??_UART_Init:
  1390   000001                     
  1391                           ; 1 bytes @ 0x0
  1392   000001                     	ds	1
  1393   000002                     I2C_Read@ack:
  1394                           	callstack 0
  1395   000002                     MAX30102_WriteReg@val:
  1396                           	callstack 0
  1397   000002                     DS18B20_WriteByte@i:
  1398                           	callstack 0
  1399   000002                     OLED_Cmd@c:
  1400                           	callstack 0
  1401   000002                     OLED_Data@d:
  1402                           	callstack 0
  1403   000002                     UART_EnviarTexto@t:
  1404                           	callstack 0
  1405   000002                     
  1406                           ; 1 bytes @ 0x1
  1407   000002                     	ds	1
  1408   000003                     I2C_Read@t:
  1409                           	callstack 0
  1410   000003                     MAX30102_WriteReg@reg:
  1411                           	callstack 0
  1412   000003                     DS18B20_ReadByte@dato:
  1413                           	callstack 0
  1414   000003                     OLED_SetCursor@c:
  1415                           	callstack 0
  1416   000003                     ___lwdiv@divisor:
  1417                           	callstack 0
  1418   000003                     ___lwmod@divisor:
  1419                           	callstack 0
  1420   000003                     ??_OLED_Char:
  1421                           
  1422                           ; 1 bytes @ 0x2
  1423   000003                     	ds	1
  1424   000004                     ?_MAX30102_GetRawData:
  1425                           	callstack 0
  1426   000004                     DS18B20_ReadByte@i:
  1427                           	callstack 0
  1428   000004                     OLED_SetCursor@p:
  1429                           	callstack 0
  1430   000004                     ??_MAX30102_Init:
  1431   000004                     
  1432                           ; 1 bytes @ 0x3
  1433   000004                     	ds	1
  1434   000005                     ?_DS18B20_ReadTemp:
  1435                           	callstack 0
  1436   000005                     ___lwmod@counter:
  1437                           	callstack 0
  1438   000005                     OLED_Clear@j:
  1439                           	callstack 0
  1440   000005                     ___lwdiv@quotient:
  1441                           	callstack 0
  1442   000005                     ___lldiv@divisor:
  1443                           	callstack 0
  1444   000005                     ___llmod@divisor:
  1445                           	callstack 0
  1446   000005                     
  1447                           ; 1 bytes @ 0x4
  1448   000005                     	ds	2
  1449   000007                     OLED_Char@c:
  1450                           	callstack 0
  1451   000007                     OLED_Clear@i:
  1452                           	callstack 0
  1453   000007                     ___lwdiv@counter:
  1454                           	callstack 0
  1455   000007                     ??_DS18B20_ReadTemp:
  1456                           
  1457                           ; 1 bytes @ 0x6
  1458   000007                     	ds	1
  1459   000008                     OLED_Char@i:
  1460                           	callstack 0
  1461   000008                     UART_EnviarNumero@n:
  1462                           	callstack 0
  1463   000008                     ??_MAX30102_GetRawData:
  1464   000008                     ??_OLED_Init:
  1465                           
  1466                           ; 1 bytes @ 0x7
  1467   000008                     	ds	1
  1468   000009                     ___llmod@counter:
  1469                           	callstack 0
  1470   000009                     OLED_Str@s:
  1471                           	callstack 0
  1472   000009                     OLED_Num@n:
  1473                           	callstack 0
  1474   000009                     ___lldiv@quotient:
  1475                           	callstack 0
  1476   000009                     
  1477                           ; 1 bytes @ 0x8
  1478   000009                     	ds	1
  1479   00000A                     DS18B20_ReadTemp@bajo:
  1480                           	callstack 0
  1481   00000A                     UART_EnviarNumero@b:
  1482                           	callstack 0
  1483   00000A                     
  1484                           ; 1 bytes @ 0x9
  1485   00000A                     	ds	1
  1486   00000B                     DS18B20_ReadTemp@alto:
  1487                           	callstack 0
  1488   00000B                     OLED_Num@b:
  1489                           	callstack 0
  1490   00000B                     
  1491                           ; 1 bytes @ 0xA
  1492   00000B                     	ds	2
  1493   00000D                     ___lldiv@counter:
  1494                           	callstack 0
  1495                           
  1496                           ; 1 bytes @ 0xC
  1497   00000D                     	ds	3
  1498   000010                     UART_EnviarNumero@i:
  1499                           	callstack 0
  1500                           
  1501                           ; 2 bytes @ 0xF
  1502   000010                     	ds	1
  1503   000011                     OLED_Num@i:
  1504                           	callstack 0
  1505                           
  1506                           ; 2 bytes @ 0x10
  1507   000011                     	ds	7
  1508   000018                     MAX30102_GetRawData@m:
  1509                           	callstack 0
  1510                           
  1511                           ; 1 bytes @ 0x17
  1512   000018                     	ds	1
  1513   000019                     MAX30102_GetRawData@h:
  1514                           	callstack 0
  1515                           
  1516                           ; 1 bytes @ 0x18
  1517   000019                     	ds	1
  1518   00001A                     MAX30102_GetRawData@l:
  1519                           	callstack 0
  1520                           
  1521                           ; 1 bytes @ 0x19
  1522   00001A                     	ds	1
  1523   00001B                     ??_main:
  1524                           
  1525                           ; 1 bytes @ 0x1A
  1526   00001B                     	ds	2
  1527   00001D                     main@suma_raw:
  1528                           	callstack 0
  1529                           
  1530                           ; 4 bytes @ 0x1C
  1531   00001D                     	ds	4
  1532   000021                     main@alarma:
  1533                           	callstack 0
  1534                           
  1535                           ; 1 bytes @ 0x20
  1536   000021                     	ds	1
  1537   000022                     main@i:
  1538                           	callstack 0
  1539                           
  1540                           ; 1 bytes @ 0x21
  1541   000022                     	ds	1
  1542   000023                     main@raw:
  1543                           	callstack 0
  1544                           
  1545                           ; 4 bytes @ 0x22
  1546   000023                     	ds	4
  1547   000027                     main@temp:
  1548                           	callstack 0
  1549                           
  1550                           ; 2 bytes @ 0x26
  1551   000027                     	ds	2
  1552   000029                     main@pulso:
  1553                           	callstack 0
  1554                           
  1555                           ; 2 bytes @ 0x28
  1556   000029                     	ds	2
  1557                           
  1558 ;;
  1559 ;;Main: autosize = 0, tempsize = 2, incstack = 0, save=0
  1560 ;;
  1561 ;; *************** function _main *****************
  1562 ;; Defined at:
  1563 ;;		line 372 in file "Final_3ercorte.c"
  1564 ;; Parameters:    Size  Location     Type
  1565 ;;		None
  1566 ;; Auto vars:     Size  Location     Type
  1567 ;;  raw             4   34[COMRAM] unsigned long 
  1568 ;;  suma_raw        4   28[COMRAM] unsigned long 
  1569 ;;  pulso           2   40[COMRAM] unsigned int 
  1570 ;;  temp            2   38[COMRAM] unsigned int 
  1571 ;;  i               1   33[COMRAM] unsigned char 
  1572 ;;  alarma          1   32[COMRAM] unsigned char 
  1573 ;; Return value:  Size  Location     Type
  1574 ;;                  1    wreg      void 
  1575 ;; Registers used:
  1576 ;;		wreg, fsr2l, fsr2h, status,2, status,0, tblptrl, tblptrh, tblptru, prodl, prodh, cstack
  1577 ;; Tracked objects:
  1578 ;;		On entry : 0/0
  1579 ;;		On exit  : 0/0
  1580 ;;		Unchanged: 0/0
  1581 ;; Data sizes:     COMRAM   BANK0   BANK1   BANK2   BANK3   BANK4   BANK5   BANK6   BANK7
  1582 ;;      Params:         0       0       0       0       0       0       0       0       0
  1583 ;;      Locals:        14       0       0       0       0       0       0       0       0
  1584 ;;      Temps:          2       0       0       0       0       0       0       0       0
  1585 ;;      Totals:        16       0       0       0       0       0       0       0       0
  1586 ;;Total ram usage:       16 bytes
  1587 ;; Hardware stack levels required when called: 4
  1588 ;; This function calls:
  1589 ;;		_DS18B20_ReadTemp
  1590 ;;		_I2C_Init
  1591 ;;		_MAX30102_GetRawData
  1592 ;;		_MAX30102_Init
  1593 ;;		_OLED_Clear
  1594 ;;		_OLED_Init
  1595 ;;		_OLED_Num
  1596 ;;		_OLED_SetCursor
  1597 ;;		_OLED_Str
  1598 ;;		_UART_EnviarNumero
  1599 ;;		_UART_EnviarSeparador
  1600 ;;		_UART_EnviarTexto
  1601 ;;		_UART_Init
  1602 ;;		___lldiv
  1603 ;;		___llmod
  1604 ;; This function is called by:
  1605 ;;		Startup code after reset
  1606 ;; This function uses a non-reentrant model
  1607 ;;
  1608                           
  1609                           	psect	text0
  1610   007600                     __ptext0:
  1611                           	callstack 0
  1612   007600                     _main:
  1613                           	callstack 27
  1614   007600                     
  1615                           ;Final_3ercorte.c: 374:     unsigned long suma_raw = 0;
  1616   007600  0E00               	movlw	0
  1617   007602  6E1D               	movwf	main@suma_raw^0,c
  1618   007604  0E00               	movlw	0
  1619   007606  6E1E               	movwf	(main@suma_raw+1)^0,c
  1620   007608  0E00               	movlw	0
  1621   00760A  6E1F               	movwf	(main@suma_raw+2)^0,c
  1622   00760C  0E00               	movlw	0
  1623   00760E  6E20               	movwf	(main@suma_raw+3)^0,c
  1624                           
  1625                           ;Final_3ercorte.c: 375:     unsigned int pulso = 0;
  1626   007610  6A2A               	clrf	(main@pulso+1)^0,c
  1627   007612  0E00               	movlw	0
  1628   007614  6E29               	movwf	main@pulso^0,c
  1629                           
  1630                           ;Final_3ercorte.c: 376:     unsigned int temp = 0;
  1631   007616  6A28               	clrf	(main@temp+1)^0,c
  1632   007618  0E00               	movlw	0
  1633   00761A  6E27               	movwf	main@temp^0,c
  1634   00761C                     
  1635                           ;Final_3ercorte.c: 378:     unsigned char i;;Final_3ercorte.c: 380:     OSCCON = 0x72;
  1636   00761C  0E72               	movlw	114
  1637   00761E  6ED3               	movwf	211,c	;volatile
  1638   007620                     
  1639                           ;Final_3ercorte.c: 383:     TRISDbits.TRISD0 = 0;
  1640   007620  9095               	bcf	149,0,c	;volatile
  1641   007622                     
  1642                           ;Final_3ercorte.c: 384:     TRISDbits.TRISD1 = 0;
  1643   007622  9295               	bcf	149,1,c	;volatile
  1644   007624                     
  1645                           ;Final_3ercorte.c: 385:     TRISDbits.TRISD2 = 0;
  1646   007624  9495               	bcf	149,2,c	;volatile
  1647   007626                     
  1648                           ;Final_3ercorte.c: 386:     TRISDbits.TRISD3 = 0;
  1649   007626  9695               	bcf	149,3,c	;volatile
  1650   007628                     
  1651                           ;Final_3ercorte.c: 387:     TRISDbits.TRISD4 = 0;
  1652   007628  9895               	bcf	149,4,c	;volatile
  1653   00762A                     
  1654                           ;Final_3ercorte.c: 388:     LATD = 0x00;
  1655   00762A  6A8C               	clrf	140,c	;volatile
  1656   00762C                     
  1657                           ;Final_3ercorte.c: 390:     I2C_Init();
  1658   00762C  ECF0  F036         	call	_I2C_Init	;wreg free
  1659   007630                     
  1660                           ;Final_3ercorte.c: 391:     UART_Init();
  1661   007630  EC61  F037         	call	_UART_Init	;wreg free
  1662   007634                     
  1663                           ;Final_3ercorte.c: 394:     LATDbits.LATD0 = 1;
  1664   007634  808C               	bsf	140,0,c	;volatile
  1665   007636  928C               	bcf	140,1,c	;volatile
  1666   007638  948C               	bcf	140,2,c	;volatile
  1667   00763A  968C               	bcf	140,3,c	;volatile
  1668   00763C  988C               	bcf	140,4,c	;volatile
  1669   00763E                     
  1670                           ;Final_3ercorte.c: 401:     LATDbits.LATD2 = 1;
  1671   00763E  848C               	bsf	140,2,c	;volatile
  1672   007640                     
  1673                           ;Final_3ercorte.c: 403:     OLED_Init();
  1674   007640  EC88  F037         	call	_OLED_Init	;wreg free
  1675   007644                     
  1676                           ;Final_3ercorte.c: 404:     OLED_Clear();
  1677   007644  EC1A  F038         	call	_OLED_Clear	;wreg free
  1678   007648                     
  1679                           ;Final_3ercorte.c: 405:     OLED_SetCursor(2, 15); OLED_Str("PREPARANDO");
  1680   007648  0E0F               	movlw	15
  1681   00764A  6E03               	movwf	OLED_SetCursor@c^0,c
  1682   00764C  0E02               	movlw	2
  1683   00764E  EC52  F037         	call	_OLED_SetCursor
  1684   007652  0EC0               	movlw	low STR_2
  1685   007654  6E09               	movwf	OLED_Str@s^0,c
  1686   007656  0E7F               	movlw	high STR_2
  1687   007658  6E0A               	movwf	(OLED_Str@s+1)^0,c
  1688   00765A  ECA0  F037         	call	_OLED_Str	;wreg free
  1689   00765E                     
  1690                           ;Final_3ercorte.c: 406:     OLED_SetCursor(4, 20); OLED_Str("SISTEMA...");
  1691   00765E  0E14               	movlw	20
  1692   007660  6E03               	movwf	OLED_SetCursor@c^0,c
  1693   007662  0E04               	movlw	4
  1694   007664  EC52  F037         	call	_OLED_SetCursor
  1695   007668  0EB5               	movlw	low STR_3
  1696   00766A  6E09               	movwf	OLED_Str@s^0,c
  1697   00766C  0E7F               	movlw	high STR_3
  1698   00766E  6E0A               	movwf	(OLED_Str@s+1)^0,c
  1699   007670  ECA0  F037         	call	_OLED_Str	;wreg free
  1700   007674                     
  1701                           ;Final_3ercorte.c: 408:     UART_EnviarTexto("\r\n=============================\r\n");
  1702   007674  0EC9               	movlw	low STR_4
  1703   007676  6E02               	movwf	UART_EnviarTexto@t^0,c
  1704   007678  0E7D               	movlw	high STR_4
  1705   00767A  6E03               	movwf	(UART_EnviarTexto@t+1)^0,c
  1706   00767C  ECBB  F037         	call	_UART_EnviarTexto	;wreg free
  1707   007680                     
  1708                           ;Final_3ercorte.c: 409:     UART_EnviarTexto("  MONITOR DE SIGNOS VITALES  \r\n");
  1709   007680  0E2C               	movlw	low STR_5
  1710   007682  6E02               	movwf	UART_EnviarTexto@t^0,c
  1711   007684  0E7E               	movlw	high STR_5
  1712   007686  6E03               	movwf	(UART_EnviarTexto@t+1)^0,c
  1713   007688  ECBB  F037         	call	_UART_EnviarTexto	;wreg free
  1714   00768C                     
  1715                           ;Final_3ercorte.c: 410:     UART_EnviarTexto("  PIC18F4550 - Practica 3    \r\n");
  1716   00768C  0E0C               	movlw	low STR_6
  1717   00768E  6E02               	movwf	UART_EnviarTexto@t^0,c
  1718   007690  0E7E               	movlw	high STR_6
  1719   007692  6E03               	movwf	(UART_EnviarTexto@t+1)^0,c
  1720   007694  ECBB  F037         	call	_UART_EnviarTexto	;wreg free
  1721   007698                     
  1722                           ;Final_3ercorte.c: 411:     UART_EnviarTexto("=============================\r\n");
  1723   007698  0ECB               	movlw	low (STR_4+2)
  1724   00769A  6E02               	movwf	UART_EnviarTexto@t^0,c
  1725   00769C  0E7D               	movlw	high (STR_4+2)
  1726   00769E  6E03               	movwf	(UART_EnviarTexto@t+1)^0,c
  1727   0076A0  ECBB  F037         	call	_UART_EnviarTexto	;wreg free
  1728   0076A4                     
  1729                           ;Final_3ercorte.c: 412:     UART_EnviarTexto("[PREP] Calibrando sensores...\r\n");
  1730   0076A4  0E4C               	movlw	low STR_8
  1731   0076A6  6E02               	movwf	UART_EnviarTexto@t^0,c
  1732   0076A8  0E7E               	movlw	high STR_8
  1733   0076AA  6E03               	movwf	(UART_EnviarTexto@t+1)^0,c
  1734   0076AC  ECBB  F037         	call	_UART_EnviarTexto	;wreg free
  1735   0076B0                     
  1736                           ;Final_3ercorte.c: 414:     MAX30102_Init();
  1737   0076B0  ECF4  F037         	call	_MAX30102_Init	;wreg free
  1738   0076B4                     
  1739                           ;Final_3ercorte.c: 415:     _delay((unsigned long)((1000)*(8000000/4000.0)));
  1740   0076B4  0E0B               	movlw	11
  1741   0076B6  6E1C               	movwf	(??_main+1)^0,c
  1742   0076B8  0E26               	movlw	38
  1743   0076BA  6E1B               	movwf	??_main^0,c
  1744   0076BC  0E5E               	movlw	94
  1745   0076BE                     u987:
  1746   0076BE  2EE8               	decfsz	wreg,f,c
  1747   0076C0  D7FE               	bra	u987
  1748   0076C2  2E1B               	decfsz	??_main^0,f,c
  1749   0076C4  D7FC               	bra	u987
  1750   0076C6  2E1C               	decfsz	(??_main+1)^0,f,c
  1751   0076C8  D7FA               	bra	u987
  1752   0076CA                     l1918:
  1753   0076CA  928C               	bcf	140,1,c	;volatile
  1754   0076CC  948C               	bcf	140,2,c	;volatile
  1755   0076CE  968C               	bcf	140,3,c	;volatile
  1756   0076D0  988C               	bcf	140,4,c	;volatile
  1757   0076D2                     
  1758                           ;Final_3ercorte.c: 427:         LATDbits.LATD1 = 1;
  1759   0076D2  828C               	bsf	140,1,c	;volatile
  1760   0076D4                     
  1761                           ;Final_3ercorte.c: 428:         LATDbits.LATD3 = 1;
  1762   0076D4  868C               	bsf	140,3,c	;volatile
  1763   0076D6                     
  1764                           ;Final_3ercorte.c: 430:         OLED_Clear();
  1765   0076D6  EC1A  F038         	call	_OLED_Clear	;wreg free
  1766   0076DA                     
  1767                           ;Final_3ercorte.c: 431:         OLED_SetCursor(2, 20); OLED_Str("MONITOR VITAL");
  1768   0076DA  0E14               	movlw	20
  1769   0076DC  6E03               	movwf	OLED_SetCursor@c^0,c
  1770   0076DE  0E02               	movlw	2
  1771   0076E0  EC52  F037         	call	_OLED_SetCursor
  1772   0076E4  0E8E               	movlw	low STR_9
  1773   0076E6  6E09               	movwf	OLED_Str@s^0,c
  1774   0076E8  0E7F               	movlw	high STR_9
  1775   0076EA  6E0A               	movwf	(OLED_Str@s+1)^0,c
  1776   0076EC  ECA0  F037         	call	_OLED_Str	;wreg free
  1777   0076F0                     
  1778                           ;Final_3ercorte.c: 432:         OLED_SetCursor(4, 10); OLED_Str("COLOQUE EL DEDO");
  1779   0076F0  0E0A               	movlw	10
  1780   0076F2  6E03               	movwf	OLED_SetCursor@c^0,c
  1781   0076F4  0E04               	movlw	4
  1782   0076F6  EC52  F037         	call	_OLED_SetCursor
  1783   0076FA  0E34               	movlw	low STR_10
  1784   0076FC  6E09               	movwf	OLED_Str@s^0,c
  1785   0076FE  0E7F               	movlw	high STR_10
  1786   007700  6E0A               	movwf	(OLED_Str@s+1)^0,c
  1787   007702  ECA0  F037         	call	_OLED_Str	;wreg free
  1788   007706                     
  1789                           ;Final_3ercorte.c: 434:         UART_EnviarTexto("[ESPERA] Coloque el dedo en el sensor.
      +                          ..\r\n");
  1790   007706  0E78               	movlw	low STR_11
  1791   007708  6E02               	movwf	UART_EnviarTexto@t^0,c
  1792   00770A  0E7D               	movlw	high STR_11
  1793   00770C  6E03               	movwf	(UART_EnviarTexto@t+1)^0,c
  1794   00770E  ECBB  F037         	call	_UART_EnviarTexto	;wreg free
  1795   007712                     l1942:
  1796                           
  1797                           ;Final_3ercorte.c: 437:             raw = MAX30102_GetRawData();
  1798   007712  ECAA  F03A         	call	_MAX30102_GetRawData	;wreg free
  1799   007716  C004  F023         	movff	?_MAX30102_GetRawData,main@raw
  1800   00771A  C005  F024         	movff	?_MAX30102_GetRawData+1,main@raw+1
  1801   00771E  C006  F025         	movff	?_MAX30102_GetRawData+2,main@raw+2
  1802   007722  C007  F026         	movff	?_MAX30102_GetRawData+3,main@raw+3
  1803   007726                     
  1804                           ;Final_3ercorte.c: 438:             _delay((unsigned long)((100)*(8000000/4000.0)));
  1805   007726  0E02               	movlw	2
  1806   007728  6E1C               	movwf	(??_main+1)^0,c
  1807   00772A  0E04               	movlw	4
  1808   00772C  6E1B               	movwf	??_main^0,c
  1809   00772E  0EBA               	movlw	186
  1810   007730                     u997:
  1811   007730  2EE8               	decfsz	wreg,f,c
  1812   007732  D7FE               	bra	u997
  1813   007734  2E1B               	decfsz	??_main^0,f,c
  1814   007736  D7FC               	bra	u997
  1815   007738  2E1C               	decfsz	(??_main+1)^0,f,c
  1816   00773A  D7FA               	bra	u997
  1817   00773C  D000               	nop2	
  1818   00773E                     
  1819                           ;Final_3ercorte.c: 439:         } while(raw < 80000UL);
  1820   00773E  5026               	movf	(main@raw+3)^0,w,c
  1821   007740  E10D               	bnz	u810
  1822   007742  0E80               	movlw	128
  1823   007744  5C23               	subwf	main@raw^0,w,c
  1824   007746  0E38               	movlw	56
  1825   007748  5824               	subwfb	(main@raw+1)^0,w,c
  1826   00774A  0E01               	movlw	1
  1827   00774C  5825               	subwfb	(main@raw+2)^0,w,c
  1828   00774E  A0D8               	btfss	status,0,c
  1829   007750  EFAC  F03B         	goto	u811
  1830   007754  EFAE  F03B         	goto	u810
  1831   007758                     u811:
  1832   007758  EF89  F03B         	goto	l1942
  1833   00775C                     u810:
  1834   00775C  928C               	bcf	140,1,c	;volatile
  1835   00775E  948C               	bcf	140,2,c	;volatile
  1836   007760  968C               	bcf	140,3,c	;volatile
  1837   007762  988C               	bcf	140,4,c	;volatile
  1838   007764                     
  1839                           ;Final_3ercorte.c: 446:         LATDbits.LATD2 = 1;
  1840   007764  848C               	bsf	140,2,c	;volatile
  1841   007766                     
  1842                           ;Final_3ercorte.c: 448:         OLED_Clear();
  1843   007766  EC1A  F038         	call	_OLED_Clear	;wreg free
  1844                           
  1845                           ;Final_3ercorte.c: 449:         OLED_SetCursor(2, 20); OLED_Str("SENSANDO...");
  1846   00776A  0E14               	movlw	20
  1847   00776C  6E03               	movwf	OLED_SetCursor@c^0,c
  1848   00776E  0E02               	movlw	2
  1849   007770  EC52  F037         	call	_OLED_SetCursor
  1850   007774  0EA9               	movlw	low STR_12
  1851   007776  6E09               	movwf	OLED_Str@s^0,c
  1852   007778  0E7F               	movlw	high STR_12
  1853   00777A  6E0A               	movwf	(OLED_Str@s+1)^0,c
  1854   00777C  ECA0  F037         	call	_OLED_Str	;wreg free
  1855   007780                     
  1856                           ;Final_3ercorte.c: 450:         OLED_SetCursor(4, 5); OLED_Str("NO RETIRE EL DEDO");
  1857   007780  0E05               	movlw	5
  1858   007782  6E03               	movwf	OLED_SetCursor@c^0,c
  1859   007784  0E04               	movlw	4
  1860   007786  EC52  F037         	call	_OLED_SetCursor
  1861   00778A  0EE1               	movlw	low STR_13
  1862   00778C  6E09               	movwf	OLED_Str@s^0,c
  1863   00778E  0E7E               	movlw	high STR_13
  1864   007790  6E0A               	movwf	(OLED_Str@s+1)^0,c
  1865   007792  ECA0  F037         	call	_OLED_Str	;wreg free
  1866   007796                     
  1867                           ;Final_3ercorte.c: 452:         UART_EnviarTexto("[SENSANDO] Estabilizando lectura...\r\
      +                          n");
  1868   007796  0EA3               	movlw	low STR_14
  1869   007798  6E02               	movwf	UART_EnviarTexto@t^0,c
  1870   00779A  0E7D               	movlw	high STR_14
  1871   00779C  6E03               	movwf	(UART_EnviarTexto@t+1)^0,c
  1872   00779E  ECBB  F037         	call	_UART_EnviarTexto	;wreg free
  1873   0077A2                     
  1874                           ;Final_3ercorte.c: 455:         suma_raw = 0;
  1875   0077A2  0E00               	movlw	0
  1876   0077A4  6E1D               	movwf	main@suma_raw^0,c
  1877   0077A6  0E00               	movlw	0
  1878   0077A8  6E1E               	movwf	(main@suma_raw+1)^0,c
  1879   0077AA  0E00               	movlw	0
  1880   0077AC  6E1F               	movwf	(main@suma_raw+2)^0,c
  1881   0077AE  0E00               	movlw	0
  1882   0077B0  6E20               	movwf	(main@suma_raw+3)^0,c
  1883   0077B2                     
  1884                           ;Final_3ercorte.c: 456:         for(i = 0; i < 20; i++) {
  1885   0077B2  6A22               	clrf	main@i^0,c
  1886   0077B4                     l1964:
  1887                           
  1888                           ;Final_3ercorte.c: 457:             suma_raw += MAX30102_GetRawData();
  1889   0077B4  ECAA  F03A         	call	_MAX30102_GetRawData	;wreg free
  1890   0077B8  5004               	movf	?_MAX30102_GetRawData^0,w,c
  1891   0077BA  261D               	addwf	main@suma_raw^0,f,c
  1892   0077BC  5005               	movf	(?_MAX30102_GetRawData+1)^0,w,c
  1893   0077BE  221E               	addwfc	(main@suma_raw+1)^0,f,c
  1894   0077C0  5006               	movf	(?_MAX30102_GetRawData+2)^0,w,c
  1895   0077C2  221F               	addwfc	(main@suma_raw+2)^0,f,c
  1896   0077C4  5007               	movf	(?_MAX30102_GetRawData+3)^0,w,c
  1897   0077C6  2220               	addwfc	(main@suma_raw+3)^0,f,c
  1898   0077C8                     
  1899                           ;Final_3ercorte.c: 458:             _delay((unsigned long)((100)*(8000000/4000.0)));
  1900   0077C8  0E02               	movlw	2
  1901   0077CA  6E1C               	movwf	(??_main+1)^0,c
  1902   0077CC  0E04               	movlw	4
  1903   0077CE  6E1B               	movwf	??_main^0,c
  1904   0077D0  0EBA               	movlw	186
  1905   0077D2                     u1007:
  1906   0077D2  2EE8               	decfsz	wreg,f,c
  1907   0077D4  D7FE               	bra	u1007
  1908   0077D6  2E1B               	decfsz	??_main^0,f,c
  1909   0077D8  D7FC               	bra	u1007
  1910   0077DA  2E1C               	decfsz	(??_main+1)^0,f,c
  1911   0077DC  D7FA               	bra	u1007
  1912   0077DE  D000               	nop2	
  1913   0077E0                     
  1914                           ;Final_3ercorte.c: 459:         }
  1915   0077E0  2A22               	incf	main@i^0,f,c
  1916   0077E2  0E13               	movlw	19
  1917   0077E4  6422               	cpfsgt	main@i^0,c
  1918   0077E6  EFF7  F03B         	goto	u821
  1919   0077EA  EFF9  F03B         	goto	u820
  1920   0077EE                     u821:
  1921   0077EE  EFDA  F03B         	goto	l1964
  1922   0077F2                     u820:
  1923   0077F2                     
  1924                           ;Final_3ercorte.c: 460:         raw = suma_raw / 20;
  1925   0077F2  C01D  F001         	movff	main@suma_raw,___lldiv@dividend
  1926   0077F6  C01E  F002         	movff	main@suma_raw+1,___lldiv@dividend+1
  1927   0077FA  C01F  F003         	movff	main@suma_raw+2,___lldiv@dividend+2
  1928   0077FE  C020  F004         	movff	main@suma_raw+3,___lldiv@dividend+3
  1929   007802  0E14               	movlw	20
  1930   007804  6E05               	movwf	___lldiv@divisor^0,c
  1931   007806  0E00               	movlw	0
  1932   007808  6E06               	movwf	(___lldiv@divisor+1)^0,c
  1933   00780A  0E00               	movlw	0
  1934   00780C  6E07               	movwf	(___lldiv@divisor+2)^0,c
  1935   00780E  0E00               	movlw	0
  1936   007810  6E08               	movwf	(___lldiv@divisor+3)^0,c
  1937   007812  EC58  F03A         	call	___lldiv	;wreg free
  1938   007816  C001  F023         	movff	?___lldiv,main@raw
  1939   00781A  C002  F024         	movff	?___lldiv+1,main@raw+1
  1940   00781E  C003  F025         	movff	?___lldiv+2,main@raw+2
  1941   007822  C004  F026         	movff	?___lldiv+3,main@raw+3
  1942                           
  1943                           ;Final_3ercorte.c: 463:         pulso = (unsigned int)(65 + (raw % 40));
  1944   007826  C023  F001         	movff	main@raw,___llmod@dividend
  1945   00782A  C024  F002         	movff	main@raw+1,___llmod@dividend+1
  1946   00782E  C025  F003         	movff	main@raw+2,___llmod@dividend+2
  1947   007832  C026  F004         	movff	main@raw+3,___llmod@dividend+3
  1948   007836  0E28               	movlw	40
  1949   007838  6E05               	movwf	___llmod@divisor^0,c
  1950   00783A  0E00               	movlw	0
  1951   00783C  6E06               	movwf	(___llmod@divisor+1)^0,c
  1952   00783E  0E00               	movlw	0
  1953   007840  6E07               	movwf	(___llmod@divisor+2)^0,c
  1954   007842  0E00               	movlw	0
  1955   007844  6E08               	movwf	(___llmod@divisor+3)^0,c
  1956   007846  EC74  F039         	call	___llmod	;wreg free
  1957   00784A  0E41               	movlw	65
  1958   00784C  2401               	addwf	?___llmod^0,w,c
  1959   00784E  6E29               	movwf	main@pulso^0,c
  1960   007850  0E00               	movlw	0
  1961   007852  2002               	addwfc	(?___llmod+1)^0,w,c
  1962   007854  6E2A               	movwf	(main@pulso+1)^0,c
  1963   007856                     
  1964                           ;Final_3ercorte.c: 464:         if(pulso > 110) pulso = 72;
  1965   007856  502A               	movf	(main@pulso+1)^0,w,c
  1966   007858  E109               	bnz	u830
  1967   00785A  0E6F               	movlw	111
  1968   00785C  5C29               	subwf	main@pulso^0,w,c
  1969   00785E  A0D8               	btfss	status,0,c
  1970   007860  EF34  F03C         	goto	u831
  1971   007864  EF36  F03C         	goto	u830
  1972   007868                     u831:
  1973   007868  EF39  F03C         	goto	l1978
  1974   00786C                     u830:
  1975   00786C  6A2A               	clrf	(main@pulso+1)^0,c
  1976   00786E  0E48               	movlw	72
  1977   007870  6E29               	movwf	main@pulso^0,c
  1978   007872                     l1978:
  1979                           
  1980                           ;Final_3ercorte.c: 467:         temp = DS18B20_ReadTemp();
  1981   007872  ECC8  F038         	call	_DS18B20_ReadTemp	;wreg free
  1982   007876  C005  F027         	movff	?_DS18B20_ReadTemp,main@temp
  1983   00787A  C006  F028         	movff	?_DS18B20_ReadTemp+1,main@temp+1
  1984   00787E                     
  1985                           ;Final_3ercorte.c: 470:         alarma = 0;
  1986   00787E  6A21               	clrf	main@alarma^0,c
  1987   007880                     
  1988                           ;Final_3ercorte.c: 471:         if(pulso < 60) alarma = 1;
  1989   007880  502A               	movf	(main@pulso+1)^0,w,c
  1990   007882  E107               	bnz	u841
  1991   007884  0E3C               	movlw	60
  1992   007886  5C29               	subwf	main@pulso^0,w,c
  1993   007888  B0D8               	btfsc	status,0,c
  1994   00788A  EF49  F03C         	goto	u841
  1995   00788E  EF4B  F03C         	goto	u840
  1996   007892                     u841:
  1997   007892  EF4D  F03C         	goto	l1986
  1998   007896                     u840:
  1999   007896  0E01               	movlw	1
  2000   007898  6E21               	movwf	main@alarma^0,c
  2001   00789A                     l1986:
  2002                           
  2003                           ;Final_3ercorte.c: 472:         if(pulso > 100) alarma = 1;
  2004   00789A  502A               	movf	(main@pulso+1)^0,w,c
  2005   00789C  E109               	bnz	u850
  2006   00789E  0E65               	movlw	101
  2007   0078A0  5C29               	subwf	main@pulso^0,w,c
  2008   0078A2  A0D8               	btfss	status,0,c
  2009   0078A4  EF56  F03C         	goto	u851
  2010   0078A8  EF58  F03C         	goto	u850
  2011   0078AC                     u851:
  2012   0078AC  EF5A  F03C         	goto	l1990
  2013   0078B0                     u850:
  2014   0078B0  0E01               	movlw	1
  2015   0078B2  6E21               	movwf	main@alarma^0,c
  2016   0078B4                     l1990:
  2017                           
  2018                           ;Final_3ercorte.c: 473:         if(temp < 34) alarma = 1;
  2019   0078B4  5028               	movf	(main@temp+1)^0,w,c
  2020   0078B6  E107               	bnz	u861
  2021   0078B8  0E22               	movlw	34
  2022   0078BA  5C27               	subwf	main@temp^0,w,c
  2023   0078BC  B0D8               	btfsc	status,0,c
  2024   0078BE  EF63  F03C         	goto	u861
  2025   0078C2  EF65  F03C         	goto	u860
  2026   0078C6                     u861:
  2027   0078C6  EF67  F03C         	goto	l1994
  2028   0078CA                     u860:
  2029   0078CA  0E01               	movlw	1
  2030   0078CC  6E21               	movwf	main@alarma^0,c
  2031   0078CE                     l1994:
  2032                           
  2033                           ;Final_3ercorte.c: 474:         if(temp > 37) alarma = 1;
  2034   0078CE  5028               	movf	(main@temp+1)^0,w,c
  2035   0078D0  E109               	bnz	u870
  2036   0078D2  0E26               	movlw	38
  2037   0078D4  5C27               	subwf	main@temp^0,w,c
  2038   0078D6  A0D8               	btfss	status,0,c
  2039   0078D8  EF70  F03C         	goto	u871
  2040   0078DC  EF72  F03C         	goto	u870
  2041   0078E0                     u871:
  2042   0078E0  EF74  F03C         	goto	l1998
  2043   0078E4                     u870:
  2044   0078E4  0E01               	movlw	1
  2045   0078E6  6E21               	movwf	main@alarma^0,c
  2046   0078E8                     l1998:
  2047   0078E8  928C               	bcf	140,1,c	;volatile
  2048   0078EA  948C               	bcf	140,2,c	;volatile
  2049   0078EC  968C               	bcf	140,3,c	;volatile
  2050   0078EE  988C               	bcf	140,4,c	;volatile
  2051   0078F0                     
  2052                           ;Final_3ercorte.c: 482:         if(alarma) {
  2053   0078F0  5021               	movf	main@alarma^0,w,c
  2054   0078F2  B4D8               	btfsc	status,2,c
  2055   0078F4  EF7E  F03C         	goto	u881
  2056   0078F8  EF80  F03C         	goto	u880
  2057   0078FC                     u881:
  2058   0078FC  EF83  F03C         	goto	l192
  2059   007900                     u880:
  2060   007900                     
  2061                           ;Final_3ercorte.c: 483:             LATDbits.LATD4 = 1;
  2062   007900  888C               	bsf	140,4,c	;volatile
  2063                           
  2064                           ;Final_3ercorte.c: 484:         } else {
  2065   007902  EF84  F03C         	goto	l2008
  2066   007906                     l192:
  2067                           
  2068                           ;Final_3ercorte.c: 485:             LATDbits.LATD1 = 1;
  2069   007906  828C               	bsf	140,1,c	;volatile
  2070   007908                     l2008:
  2071                           
  2072                           ;Final_3ercorte.c: 489:         OLED_Clear();
  2073   007908  EC1A  F038         	call	_OLED_Clear	;wreg free
  2074                           
  2075                           ;Final_3ercorte.c: 490:         OLED_SetCursor(0, 25); OLED_Str("-- RESULTADOS --");
  2076   00790C  0E19               	movlw	25
  2077   00790E  6E03               	movwf	OLED_SetCursor@c^0,c
  2078   007910  0E00               	movlw	0
  2079   007912  EC52  F037         	call	_OLED_SetCursor
  2080   007916  0EF3               	movlw	low STR_15
  2081   007918  6E09               	movwf	OLED_Str@s^0,c
  2082   00791A  0E7E               	movlw	high STR_15
  2083   00791C  6E0A               	movwf	(OLED_Str@s+1)^0,c
  2084   00791E  ECA0  F037         	call	_OLED_Str	;wreg free
  2085   007922                     
  2086                           ;Final_3ercorte.c: 492:         OLED_SetCursor(2, 5); OLED_Str("PULSO:");
  2087   007922  0E05               	movlw	5
  2088   007924  6E03               	movwf	OLED_SetCursor@c^0,c
  2089   007926  0E02               	movlw	2
  2090   007928  EC52  F037         	call	_OLED_SetCursor
  2091   00792C  0EE5               	movlw	low STR_16
  2092   00792E  6E09               	movwf	OLED_Str@s^0,c
  2093   007930  0E7F               	movlw	high STR_16
  2094   007932  6E0A               	movwf	(OLED_Str@s+1)^0,c
  2095   007934  ECA0  F037         	call	_OLED_Str	;wreg free
  2096   007938                     
  2097                           ;Final_3ercorte.c: 493:         OLED_Num(pulso); OLED_Str(" BPM");
  2098   007938  C029  F009         	movff	main@pulso,OLED_Num@n
  2099   00793C  C02A  F00A         	movff	main@pulso+1,OLED_Num@n+1
  2100   007940  ECB8  F039         	call	_OLED_Num	;wreg free
  2101   007944  0EF2               	movlw	low STR_17
  2102   007946  6E09               	movwf	OLED_Str@s^0,c
  2103   007948  0E7F               	movlw	high STR_17
  2104   00794A  6E0A               	movwf	(OLED_Str@s+1)^0,c
  2105   00794C  ECA0  F037         	call	_OLED_Str	;wreg free
  2106   007950                     
  2107                           ;Final_3ercorte.c: 494:         OLED_SetCursor(3, 5);
  2108   007950  0E05               	movlw	5
  2109   007952  6E03               	movwf	OLED_SetCursor@c^0,c
  2110   007954  0E03               	movlw	3
  2111   007956  EC52  F037         	call	_OLED_SetCursor
  2112   00795A                     
  2113                           ;Final_3ercorte.c: 495:         if(pulso < 60) OLED_Str("! BRADICARDIA !");
  2114   00795A  502A               	movf	(main@pulso+1)^0,w,c
  2115   00795C  E107               	bnz	u891
  2116   00795E  0E3C               	movlw	60
  2117   007960  5C29               	subwf	main@pulso^0,w,c
  2118   007962  B0D8               	btfsc	status,0,c
  2119   007964  EFB6  F03C         	goto	u891
  2120   007968  EFB8  F03C         	goto	u890
  2121   00796C                     u891:
  2122   00796C  EFC0  F03C         	goto	l2024
  2123   007970                     u890:
  2124   007970  0E14               	movlw	low STR_18
  2125   007972  6E09               	movwf	OLED_Str@s^0,c
  2126   007974  0E7F               	movlw	high STR_18
  2127   007976  6E0A               	movwf	(OLED_Str@s+1)^0,c
  2128   007978  ECA0  F037         	call	_OLED_Str	;wreg free
  2129   00797C  EFD9  F03C         	goto	l2030
  2130   007980                     l2024:
  2131   007980  502A               	movf	(main@pulso+1)^0,w,c
  2132   007982  E109               	bnz	u900
  2133   007984  0E65               	movlw	101
  2134   007986  5C29               	subwf	main@pulso^0,w,c
  2135   007988  A0D8               	btfss	status,0,c
  2136   00798A  EFC9  F03C         	goto	u901
  2137   00798E  EFCB  F03C         	goto	u900
  2138   007992                     u901:
  2139   007992  EFD3  F03C         	goto	l2028
  2140   007996                     u900:
  2141   007996  0E24               	movlw	low STR_19
  2142   007998  6E09               	movwf	OLED_Str@s^0,c
  2143   00799A  0E7F               	movlw	high STR_19
  2144   00799C  6E0A               	movwf	(OLED_Str@s+1)^0,c
  2145   00799E  ECA0  F037         	call	_OLED_Str	;wreg free
  2146   0079A2  EFD9  F03C         	goto	l2030
  2147   0079A6                     l2028:
  2148   0079A6  0E04               	movlw	low STR_20
  2149   0079A8  6E09               	movwf	OLED_Str@s^0,c
  2150   0079AA  0E7F               	movlw	high STR_20
  2151   0079AC  6E0A               	movwf	(OLED_Str@s+1)^0,c
  2152   0079AE  ECA0  F037         	call	_OLED_Str	;wreg free
  2153   0079B2                     l2030:
  2154                           
  2155                           ;Final_3ercorte.c: 499:         OLED_SetCursor(5, 5); OLED_Str("TEMP:");
  2156   0079B2  0E05               	movlw	5
  2157   0079B4  6E03               	movwf	OLED_SetCursor@c^0,c
  2158   0079B6  0E05               	movlw	5
  2159   0079B8  EC52  F037         	call	_OLED_SetCursor
  2160   0079BC  0EEC               	movlw	low STR_21
  2161   0079BE  6E09               	movwf	OLED_Str@s^0,c
  2162   0079C0  0E7F               	movlw	high STR_21
  2163   0079C2  6E0A               	movwf	(OLED_Str@s+1)^0,c
  2164   0079C4  ECA0  F037         	call	_OLED_Str	;wreg free
  2165   0079C8                     
  2166                           ;Final_3ercorte.c: 500:         OLED_Num(temp); OLED_Str(" C");
  2167   0079C8  C027  F009         	movff	main@temp,OLED_Num@n
  2168   0079CC  C028  F00A         	movff	main@temp+1,OLED_Num@n+1
  2169   0079D0  ECB8  F039         	call	_OLED_Num	;wreg free
  2170   0079D4  0EF7               	movlw	low STR_22
  2171   0079D6  6E09               	movwf	OLED_Str@s^0,c
  2172   0079D8  0E7F               	movlw	high STR_22
  2173   0079DA  6E0A               	movwf	(OLED_Str@s+1)^0,c
  2174   0079DC  ECA0  F037         	call	_OLED_Str	;wreg free
  2175   0079E0                     
  2176                           ;Final_3ercorte.c: 501:         OLED_SetCursor(6, 5);
  2177   0079E0  0E05               	movlw	5
  2178   0079E2  6E03               	movwf	OLED_SetCursor@c^0,c
  2179   0079E4  0E06               	movlw	6
  2180   0079E6  EC52  F037         	call	_OLED_SetCursor
  2181   0079EA                     
  2182                           ;Final_3ercorte.c: 502:         if(temp < 34) OLED_Str("! HIPOTERMIA !");
  2183   0079EA  5028               	movf	(main@temp+1)^0,w,c
  2184   0079EC  E107               	bnz	u911
  2185   0079EE  0E22               	movlw	34
  2186   0079F0  5C27               	subwf	main@temp^0,w,c
  2187   0079F2  B0D8               	btfsc	status,0,c
  2188   0079F4  EFFE  F03C         	goto	u911
  2189   0079F8  EF00  F03D         	goto	u910
  2190   0079FC                     u911:
  2191   0079FC  EF08  F03D         	goto	l2044
  2192   007A00                     u910:
  2193   007A00  0E62               	movlw	low STR_23
  2194   007A02  6E09               	movwf	OLED_Str@s^0,c
  2195   007A04  0E7F               	movlw	high STR_23
  2196   007A06  6E0A               	movwf	(OLED_Str@s+1)^0,c
  2197   007A08  ECA0  F037         	call	_OLED_Str	;wreg free
  2198   007A0C  EF21  F03D         	goto	l2050
  2199   007A10                     l2044:
  2200   007A10  5028               	movf	(main@temp+1)^0,w,c
  2201   007A12  E109               	bnz	u920
  2202   007A14  0E26               	movlw	38
  2203   007A16  5C27               	subwf	main@temp^0,w,c
  2204   007A18  A0D8               	btfss	status,0,c
  2205   007A1A  EF11  F03D         	goto	u921
  2206   007A1E  EF13  F03D         	goto	u920
  2207   007A22                     u921:
  2208   007A22  EF1B  F03D         	goto	l2048
  2209   007A26                     u920:
  2210   007A26  0E53               	movlw	low STR_24
  2211   007A28  6E09               	movwf	OLED_Str@s^0,c
  2212   007A2A  0E7F               	movlw	high STR_24
  2213   007A2C  6E0A               	movwf	(OLED_Str@s+1)^0,c
  2214   007A2E  ECA0  F037         	call	_OLED_Str	;wreg free
  2215   007A32  EF21  F03D         	goto	l2050
  2216   007A36                     l2048:
  2217   007A36  0E44               	movlw	low STR_25
  2218   007A38  6E09               	movwf	OLED_Str@s^0,c
  2219   007A3A  0E7F               	movlw	high STR_25
  2220   007A3C  6E0A               	movwf	(OLED_Str@s+1)^0,c
  2221   007A3E  ECA0  F037         	call	_OLED_Str	;wreg free
  2222   007A42                     l2050:
  2223                           
  2224                           ;Final_3ercorte.c: 507:         UART_EnviarTexto("\r\n");
  2225   007A42  0E88               	movlw	low (STR_27+28)
  2226   007A44  6E02               	movwf	UART_EnviarTexto@t^0,c
  2227   007A46  0E7E               	movlw	high (STR_27+28)
  2228   007A48  6E03               	movwf	(UART_EnviarTexto@t+1)^0,c
  2229   007A4A  ECBB  F037         	call	_UART_EnviarTexto	;wreg free
  2230   007A4E                     
  2231                           ;Final_3ercorte.c: 508:         UART_EnviarSeparador();
  2232   007A4E  ECE9  F036         	call	_UART_EnviarSeparador	;wreg free
  2233   007A52                     
  2234                           ;Final_3ercorte.c: 509:         UART_EnviarTexto("       RESULTADOS           \r\n");
  2235   007A52  0E6C               	movlw	low STR_27
  2236   007A54  6E02               	movwf	UART_EnviarTexto@t^0,c
  2237   007A56  0E7E               	movlw	high STR_27
  2238   007A58  6E03               	movwf	(UART_EnviarTexto@t+1)^0,c
  2239   007A5A  ECBB  F037         	call	_UART_EnviarTexto	;wreg free
  2240   007A5E                     
  2241                           ;Final_3ercorte.c: 510:         UART_EnviarSeparador();
  2242   007A5E  ECE9  F036         	call	_UART_EnviarSeparador	;wreg free
  2243   007A62                     
  2244                           ;Final_3ercorte.c: 511:         UART_EnviarTexto("Pulso     : "); UART_EnviarNumero(puls
      +                          o);
  2245   007A62  0E9C               	movlw	low STR_28
  2246   007A64  6E02               	movwf	UART_EnviarTexto@t^0,c
  2247   007A66  0E7F               	movlw	high STR_28
  2248   007A68  6E03               	movwf	(UART_EnviarTexto@t+1)^0,c
  2249   007A6A  ECBB  F037         	call	_UART_EnviarTexto	;wreg free
  2250   007A6E  C029  F008         	movff	main@pulso,UART_EnviarNumero@n
  2251   007A72  C02A  F009         	movff	main@pulso+1,UART_EnviarNumero@n+1
  2252   007A76  EC08  F03A         	call	_UART_EnviarNumero	;wreg free
  2253   007A7A                     
  2254                           ;Final_3ercorte.c: 512:         UART_EnviarTexto(" BPM -> ");
  2255   007A7A  0ED4               	movlw	low STR_29
  2256   007A7C  6E02               	movwf	UART_EnviarTexto@t^0,c
  2257   007A7E  0E7F               	movlw	high STR_29
  2258   007A80  6E03               	movwf	(UART_EnviarTexto@t+1)^0,c
  2259   007A82  ECBB  F037         	call	_UART_EnviarTexto	;wreg free
  2260   007A86                     
  2261                           ;Final_3ercorte.c: 513:         if(pulso < 60) UART_EnviarTexto("BRADICARDIA - ALARMA\r\
      +                          n");
  2262   007A86  502A               	movf	(main@pulso+1)^0,w,c
  2263   007A88  E107               	bnz	u931
  2264   007A8A  0E3C               	movlw	60
  2265   007A8C  5C29               	subwf	main@pulso^0,w,c
  2266   007A8E  B0D8               	btfsc	status,0,c
  2267   007A90  EF4C  F03D         	goto	u931
  2268   007A94  EF4E  F03D         	goto	u930
  2269   007A98                     u931:
  2270   007A98  EF56  F03D         	goto	l2068
  2271   007A9C                     u930:
  2272   007A9C  0E8B               	movlw	low STR_30
  2273   007A9E  6E02               	movwf	UART_EnviarTexto@t^0,c
  2274   007AA0  0E7E               	movlw	high STR_30
  2275   007AA2  6E03               	movwf	(UART_EnviarTexto@t+1)^0,c
  2276   007AA4  ECBB  F037         	call	_UART_EnviarTexto	;wreg free
  2277   007AA8  EF6F  F03D         	goto	l203
  2278   007AAC                     l2068:
  2279   007AAC  502A               	movf	(main@pulso+1)^0,w,c
  2280   007AAE  E109               	bnz	u940
  2281   007AB0  0E65               	movlw	101
  2282   007AB2  5C29               	subwf	main@pulso^0,w,c
  2283   007AB4  A0D8               	btfss	status,0,c
  2284   007AB6  EF5F  F03D         	goto	u941
  2285   007ABA  EF61  F03D         	goto	u940
  2286   007ABE                     u941:
  2287   007ABE  EF69  F03D         	goto	l2072
  2288   007AC2                     u940:
  2289   007AC2  0EA2               	movlw	low STR_31
  2290   007AC4  6E02               	movwf	UART_EnviarTexto@t^0,c
  2291   007AC6  0E7E               	movlw	high STR_31
  2292   007AC8  6E03               	movwf	(UART_EnviarTexto@t+1)^0,c
  2293   007ACA  ECBB  F037         	call	_UART_EnviarTexto	;wreg free
  2294   007ACE  EF6F  F03D         	goto	l203
  2295   007AD2                     l2072:
  2296   007AD2  0ECB               	movlw	low STR_32
  2297   007AD4  6E02               	movwf	UART_EnviarTexto@t^0,c
  2298   007AD6  0E7F               	movlw	high STR_32
  2299   007AD8  6E03               	movwf	(UART_EnviarTexto@t+1)^0,c
  2300   007ADA  ECBB  F037         	call	_UART_EnviarTexto	;wreg free
  2301   007ADE                     l203:
  2302                           
  2303                           ;Final_3ercorte.c: 516:         UART_EnviarTexto("Temperatura: "); UART_EnviarNumero(tem
      +                          p);
  2304   007ADE  0E80               	movlw	low STR_33
  2305   007AE0  6E02               	movwf	UART_EnviarTexto@t^0,c
  2306   007AE2  0E7F               	movlw	high STR_33
  2307   007AE4  6E03               	movwf	(UART_EnviarTexto@t+1)^0,c
  2308   007AE6  ECBB  F037         	call	_UART_EnviarTexto	;wreg free
  2309   007AEA  C027  F008         	movff	main@temp,UART_EnviarNumero@n
  2310   007AEE  C028  F009         	movff	main@temp+1,UART_EnviarNumero@n+1
  2311   007AF2  EC08  F03A         	call	_UART_EnviarNumero	;wreg free
  2312   007AF6                     
  2313                           ;Final_3ercorte.c: 517:         UART_EnviarTexto(" C  -> ");
  2314   007AF6  0EDD               	movlw	low STR_34
  2315   007AF8  6E02               	movwf	UART_EnviarTexto@t^0,c
  2316   007AFA  0E7F               	movlw	high STR_34
  2317   007AFC  6E03               	movwf	(UART_EnviarTexto@t+1)^0,c
  2318   007AFE  ECBB  F037         	call	_UART_EnviarTexto	;wreg free
  2319   007B02                     
  2320                           ;Final_3ercorte.c: 518:         if(temp < 34) UART_EnviarTexto("HIPOTERMIA - ALARMA\r\n"
      +                          );
  2321   007B02  5028               	movf	(main@temp+1)^0,w,c
  2322   007B04  E107               	bnz	u951
  2323   007B06  0E22               	movlw	34
  2324   007B08  5C27               	subwf	main@temp^0,w,c
  2325   007B0A  B0D8               	btfsc	status,0,c
  2326   007B0C  EF8A  F03D         	goto	u951
  2327   007B10  EF8C  F03D         	goto	u950
  2328   007B14                     u951:
  2329   007B14  EF94  F03D         	goto	l2082
  2330   007B18                     u950:
  2331   007B18  0EB9               	movlw	low STR_35
  2332   007B1A  6E02               	movwf	UART_EnviarTexto@t^0,c
  2333   007B1C  0E7E               	movlw	high STR_35
  2334   007B1E  6E03               	movwf	(UART_EnviarTexto@t+1)^0,c
  2335   007B20  ECBB  F037         	call	_UART_EnviarTexto	;wreg free
  2336   007B24  EFAD  F03D         	goto	l207
  2337   007B28                     l2082:
  2338   007B28  5028               	movf	(main@temp+1)^0,w,c
  2339   007B2A  E109               	bnz	u960
  2340   007B2C  0E26               	movlw	38
  2341   007B2E  5C27               	subwf	main@temp^0,w,c
  2342   007B30  A0D8               	btfss	status,0,c
  2343   007B32  EF9D  F03D         	goto	u961
  2344   007B36  EF9F  F03D         	goto	u960
  2345   007B3A                     u961:
  2346   007B3A  EFA7  F03D         	goto	l2086
  2347   007B3E                     u960:
  2348   007B3E  0ECF               	movlw	low STR_36
  2349   007B40  6E02               	movwf	UART_EnviarTexto@t^0,c
  2350   007B42  0E7E               	movlw	high STR_36
  2351   007B44  6E03               	movwf	(UART_EnviarTexto@t+1)^0,c
  2352   007B46  ECBB  F037         	call	_UART_EnviarTexto	;wreg free
  2353   007B4A  EFAD  F03D         	goto	l207
  2354   007B4E                     l2086:
  2355   007B4E  0ECB               	movlw	low STR_32
  2356   007B50  6E02               	movwf	UART_EnviarTexto@t^0,c
  2357   007B52  0E7F               	movlw	high STR_32
  2358   007B54  6E03               	movwf	(UART_EnviarTexto@t+1)^0,c
  2359   007B56  ECBB  F037         	call	_UART_EnviarTexto	;wreg free
  2360   007B5A                     l207:
  2361                           
  2362                           ;Final_3ercorte.c: 521:         UART_EnviarSeparador();
  2363   007B5A  ECE9  F036         	call	_UART_EnviarSeparador	;wreg free
  2364   007B5E                     
  2365                           ;Final_3ercorte.c: 523:         _delay((unsigned long)((5000)*(8000000/4000.0)));
  2366   007B5E  0E33               	movlw	51
  2367   007B60  6E1C               	movwf	(??_main+1)^0,c
  2368   007B62  0EBB               	movlw	187
  2369   007B64  6E1B               	movwf	??_main^0,c
  2370   007B66  0EE0               	movlw	224
  2371   007B68                     u1017:
  2372   007B68  2EE8               	decfsz	wreg,f,c
  2373   007B6A  D7FE               	bra	u1017
  2374   007B6C  2E1B               	decfsz	??_main^0,f,c
  2375   007B6E  D7FC               	bra	u1017
  2376   007B70  2E1C               	decfsz	(??_main+1)^0,f,c
  2377   007B72  D7FA               	bra	u1017
  2378   007B74  928C               	bcf	140,1,c	;volatile
  2379   007B76  948C               	bcf	140,2,c	;volatile
  2380   007B78  968C               	bcf	140,3,c	;volatile
  2381   007B7A  988C               	bcf	140,4,c	;volatile
  2382   007B7C                     
  2383                           ;Final_3ercorte.c: 531:         LATDbits.LATD2 = 1;
  2384   007B7C  848C               	bsf	140,2,c	;volatile
  2385   007B7E                     
  2386                           ;Final_3ercorte.c: 533:         OLED_Clear();
  2387   007B7E  EC1A  F038         	call	_OLED_Clear	;wreg free
  2388   007B82                     
  2389                           ;Final_3ercorte.c: 534:         OLED_SetCursor(3, 15); OLED_Str("RETIRE EL DEDO");
  2390   007B82  0E0F               	movlw	15
  2391   007B84  6E03               	movwf	OLED_SetCursor@c^0,c
  2392   007B86  0E03               	movlw	3
  2393   007B88  EC52  F037         	call	_OLED_SetCursor
  2394   007B8C  0EE4               	movlw	low (STR_13+3)
  2395   007B8E  6E09               	movwf	OLED_Str@s^0,c
  2396   007B90  0E7E               	movlw	high (STR_13+3)
  2397   007B92  6E0A               	movwf	(OLED_Str@s+1)^0,c
  2398   007B94  ECA0  F037         	call	_OLED_Str	;wreg free
  2399   007B98                     
  2400                           ;Final_3ercorte.c: 535:         OLED_SetCursor(5, 15); OLED_Str("PARA CONTINUAR");
  2401   007B98  0E0F               	movlw	15
  2402   007B9A  6E03               	movwf	OLED_SetCursor@c^0,c
  2403   007B9C  0E05               	movlw	5
  2404   007B9E  EC52  F037         	call	_OLED_SetCursor
  2405   007BA2  0E71               	movlw	low STR_39
  2406   007BA4  6E09               	movwf	OLED_Str@s^0,c
  2407   007BA6  0E7F               	movlw	high STR_39
  2408   007BA8  6E0A               	movwf	(OLED_Str@s+1)^0,c
  2409   007BAA  ECA0  F037         	call	_OLED_Str	;wreg free
  2410   007BAE                     
  2411                           ;Final_3ercorte.c: 537:         UART_EnviarTexto("[ESPERA] Retire el dedo para nueva lec
      +                          tura...\r\n");
  2412   007BAE  0E48               	movlw	low STR_40
  2413   007BB0  6E02               	movwf	UART_EnviarTexto@t^0,c
  2414   007BB2  0E7D               	movlw	high STR_40
  2415   007BB4  6E03               	movwf	(UART_EnviarTexto@t+1)^0,c
  2416   007BB6  ECBB  F037         	call	_UART_EnviarTexto	;wreg free
  2417   007BBA                     l2112:
  2418                           
  2419                           ;Final_3ercorte.c: 540:             raw = MAX30102_GetRawData();
  2420   007BBA  ECAA  F03A         	call	_MAX30102_GetRawData	;wreg free
  2421   007BBE  C004  F023         	movff	?_MAX30102_GetRawData,main@raw
  2422   007BC2  C005  F024         	movff	?_MAX30102_GetRawData+1,main@raw+1
  2423   007BC6  C006  F025         	movff	?_MAX30102_GetRawData+2,main@raw+2
  2424   007BCA  C007  F026         	movff	?_MAX30102_GetRawData+3,main@raw+3
  2425                           
  2426                           ;Final_3ercorte.c: 541:             _delay((unsigned long)((100)*(8000000/4000.0)));
  2427   007BCE  0E02               	movlw	2
  2428   007BD0  6E1C               	movwf	(??_main+1)^0,c
  2429   007BD2  0E04               	movlw	4
  2430   007BD4  6E1B               	movwf	??_main^0,c
  2431   007BD6  0EBA               	movlw	186
  2432   007BD8                     u1027:
  2433   007BD8  2EE8               	decfsz	wreg,f,c
  2434   007BDA  D7FE               	bra	u1027
  2435   007BDC  2E1B               	decfsz	??_main^0,f,c
  2436   007BDE  D7FC               	bra	u1027
  2437   007BE0  2E1C               	decfsz	(??_main+1)^0,f,c
  2438   007BE2  D7FA               	bra	u1027
  2439   007BE4  D000               	nop2	
  2440   007BE6                     
  2441                           ;Final_3ercorte.c: 542:         } while(raw > 20000UL);
  2442   007BE6  5026               	movf	(main@raw+3)^0,w,c
  2443   007BE8  1025               	iorwf	(main@raw+2)^0,w,c
  2444   007BEA  E109               	bnz	u971
  2445   007BEC  0E21               	movlw	33
  2446   007BEE  5C23               	subwf	main@raw^0,w,c
  2447   007BF0  0E4E               	movlw	78
  2448   007BF2  5824               	subwfb	(main@raw+1)^0,w,c
  2449   007BF4  B0D8               	btfsc	status,0,c
  2450   007BF6  EFFF  F03D         	goto	u971
  2451   007BFA  EF01  F03E         	goto	u970
  2452   007BFE                     u971:
  2453   007BFE  EFDD  F03D         	goto	l2112
  2454   007C02                     u970:
  2455   007C02                     
  2456                           ;Final_3ercorte.c: 544:         _delay((unsigned long)((500)*(8000000/4000.0)));
  2457   007C02  0E06               	movlw	6
  2458   007C04  6E1C               	movwf	(??_main+1)^0,c
  2459   007C06  0E13               	movlw	19
  2460   007C08  6E1B               	movwf	??_main^0,c
  2461   007C0A  0EAE               	movlw	174
  2462   007C0C                     u1037:
  2463   007C0C  2EE8               	decfsz	wreg,f,c
  2464   007C0E  D7FE               	bra	u1037
  2465   007C10  2E1B               	decfsz	??_main^0,f,c
  2466   007C12  D7FC               	bra	u1037
  2467   007C14  2E1C               	decfsz	(??_main+1)^0,f,c
  2468   007C16  D7FA               	bra	u1037
  2469   007C18  EF65  F03B         	goto	l1918
  2470   007C1C  EFFE  F03F         	goto	start
  2471   007C20                     __end_of_main:
  2472                           	callstack 0
  2473                           
  2474 ;; *************** function ___llmod *****************
  2475 ;; Defined at:
  2476 ;;		line 7 in file "C:\Program Files\Microchip\xc8\v3.10\pic\sources\c99\common\llmod.c"
  2477 ;; Parameters:    Size  Location     Type
  2478 ;;  dividend        4    0[COMRAM] unsigned long 
  2479 ;;  divisor         4    4[COMRAM] unsigned long 
  2480 ;; Auto vars:     Size  Location     Type
  2481 ;;  counter         1    8[COMRAM] unsigned char 
  2482 ;; Return value:  Size  Location     Type
  2483 ;;                  4    0[COMRAM] unsigned long 
  2484 ;; Registers used:
  2485 ;;		wreg, status,2, status,0
  2486 ;; Tracked objects:
  2487 ;;		On entry : 0/0
  2488 ;;		On exit  : 0/0
  2489 ;;		Unchanged: 0/0
  2490 ;; Data sizes:     COMRAM   BANK0   BANK1   BANK2   BANK3   BANK4   BANK5   BANK6   BANK7
  2491 ;;      Params:         8       0       0       0       0       0       0       0       0
  2492 ;;      Locals:         1       0       0       0       0       0       0       0       0
  2493 ;;      Temps:          0       0       0       0       0       0       0       0       0
  2494 ;;      Totals:         9       0       0       0       0       0       0       0       0
  2495 ;;Total ram usage:        9 bytes
  2496 ;; Hardware stack levels used: 1
  2497 ;; This function calls:
  2498 ;;		Nothing
  2499 ;; This function is called by:
  2500 ;;		_main
  2501 ;; This function uses a non-reentrant model
  2502 ;;
  2503                           
  2504                           	psect	text1
  2505   0072E8                     __ptext1:
  2506                           	callstack 0
  2507   0072E8                     ___llmod:
  2508                           	callstack 30
  2509   0072E8  5005               	movf	___llmod@divisor^0,w,c
  2510   0072EA  1006               	iorwf	(___llmod@divisor+1)^0,w,c
  2511   0072EC  1007               	iorwf	(___llmod@divisor+2)^0,w,c
  2512   0072EE  1008               	iorwf	(___llmod@divisor+3)^0,w,c
  2513   0072F0  B4D8               	btfsc	status,2,c
  2514   0072F2  EF7D  F039         	goto	u781
  2515   0072F6  EF7F  F039         	goto	u780
  2516   0072FA                     u781:
  2517   0072FA  EFAF  F039         	goto	l749
  2518   0072FE                     u780:
  2519   0072FE  0E01               	movlw	1
  2520   007300  6E09               	movwf	___llmod@counter^0,c
  2521   007302  EF89  F039         	goto	l1850
  2522   007306                     l1848:
  2523   007306  90D8               	bcf	status,0,c
  2524   007308  3605               	rlcf	___llmod@divisor^0,f,c
  2525   00730A  3606               	rlcf	(___llmod@divisor+1)^0,f,c
  2526   00730C  3607               	rlcf	(___llmod@divisor+2)^0,f,c
  2527   00730E  3608               	rlcf	(___llmod@divisor+3)^0,f,c
  2528   007310  2A09               	incf	___llmod@counter^0,f,c
  2529   007312                     l1850:
  2530   007312  AE08               	btfss	(___llmod@divisor+3)^0,7,c
  2531   007314  EF8E  F039         	goto	u791
  2532   007318  EF90  F039         	goto	u790
  2533   00731C                     u791:
  2534   00731C  EF83  F039         	goto	l1848
  2535   007320                     u790:
  2536   007320                     l1852:
  2537   007320  5005               	movf	___llmod@divisor^0,w,c
  2538   007322  5C01               	subwf	___llmod@dividend^0,w,c
  2539   007324  5006               	movf	(___llmod@divisor+1)^0,w,c
  2540   007326  5802               	subwfb	(___llmod@dividend+1)^0,w,c
  2541   007328  5007               	movf	(___llmod@divisor+2)^0,w,c
  2542   00732A  5803               	subwfb	(___llmod@dividend+2)^0,w,c
  2543   00732C  5008               	movf	(___llmod@divisor+3)^0,w,c
  2544   00732E  5804               	subwfb	(___llmod@dividend+3)^0,w,c
  2545   007330  A0D8               	btfss	status,0,c
  2546   007332  EF9D  F039         	goto	u801
  2547   007336  EF9F  F039         	goto	u800
  2548   00733A                     u801:
  2549   00733A  EFA7  F039         	goto	l1856
  2550   00733E                     u800:
  2551   00733E  5005               	movf	___llmod@divisor^0,w,c
  2552   007340  5E01               	subwf	___llmod@dividend^0,f,c
  2553   007342  5006               	movf	(___llmod@divisor+1)^0,w,c
  2554   007344  5A02               	subwfb	(___llmod@dividend+1)^0,f,c
  2555   007346  5007               	movf	(___llmod@divisor+2)^0,w,c
  2556   007348  5A03               	subwfb	(___llmod@dividend+2)^0,f,c
  2557   00734A  5008               	movf	(___llmod@divisor+3)^0,w,c
  2558   00734C  5A04               	subwfb	(___llmod@dividend+3)^0,f,c
  2559   00734E                     l1856:
  2560   00734E  90D8               	bcf	status,0,c
  2561   007350  3208               	rrcf	(___llmod@divisor+3)^0,f,c
  2562   007352  3207               	rrcf	(___llmod@divisor+2)^0,f,c
  2563   007354  3206               	rrcf	(___llmod@divisor+1)^0,f,c
  2564   007356  3205               	rrcf	___llmod@divisor^0,f,c
  2565   007358  2E09               	decfsz	___llmod@counter^0,f,c
  2566   00735A  EF90  F039         	goto	l1852
  2567   00735E                     l749:
  2568   00735E  C001  F001         	movff	___llmod@dividend,?___llmod
  2569   007362  C002  F002         	movff	___llmod@dividend+1,?___llmod+1
  2570   007366  C003  F003         	movff	___llmod@dividend+2,?___llmod+2
  2571   00736A  C004  F004         	movff	___llmod@dividend+3,?___llmod+3
  2572   00736E  0012               	return		;funcret
  2573   007370                     __end_of___llmod:
  2574                           	callstack 0
  2575                           
  2576 ;; *************** function ___lldiv *****************
  2577 ;; Defined at:
  2578 ;;		line 7 in file "C:\Program Files\Microchip\xc8\v3.10\pic\sources\c99\common\__lldiv.c"
  2579 ;; Parameters:    Size  Location     Type
  2580 ;;  dividend        4    0[COMRAM] unsigned long 
  2581 ;;  divisor         4    4[COMRAM] unsigned long 
  2582 ;; Auto vars:     Size  Location     Type
  2583 ;;  quotient        4    8[COMRAM] unsigned long 
  2584 ;;  counter         1   12[COMRAM] unsigned char 
  2585 ;; Return value:  Size  Location     Type
  2586 ;;                  4    0[COMRAM] unsigned long 
  2587 ;; Registers used:
  2588 ;;		wreg, status,2, status,0
  2589 ;; Tracked objects:
  2590 ;;		On entry : 0/0
  2591 ;;		On exit  : 0/0
  2592 ;;		Unchanged: 0/0
  2593 ;; Data sizes:     COMRAM   BANK0   BANK1   BANK2   BANK3   BANK4   BANK5   BANK6   BANK7
  2594 ;;      Params:         8       0       0       0       0       0       0       0       0
  2595 ;;      Locals:         5       0       0       0       0       0       0       0       0
  2596 ;;      Temps:          0       0       0       0       0       0       0       0       0
  2597 ;;      Totals:        13       0       0       0       0       0       0       0       0
  2598 ;;Total ram usage:       13 bytes
  2599 ;; Hardware stack levels used: 1
  2600 ;; This function calls:
  2601 ;;		Nothing
  2602 ;; This function is called by:
  2603 ;;		_main
  2604 ;; This function uses a non-reentrant model
  2605 ;;
  2606                           
  2607                           	psect	text2
  2608   0074B0                     __ptext2:
  2609                           	callstack 0
  2610   0074B0                     ___lldiv:
  2611                           	callstack 30
  2612   0074B0  0E00               	movlw	0
  2613   0074B2  6E09               	movwf	___lldiv@quotient^0,c
  2614   0074B4  0E00               	movlw	0
  2615   0074B6  6E0A               	movwf	(___lldiv@quotient+1)^0,c
  2616   0074B8  0E00               	movlw	0
  2617   0074BA  6E0B               	movwf	(___lldiv@quotient+2)^0,c
  2618   0074BC  0E00               	movlw	0
  2619   0074BE  6E0C               	movwf	(___lldiv@quotient+3)^0,c
  2620   0074C0  5005               	movf	___lldiv@divisor^0,w,c
  2621   0074C2  1006               	iorwf	(___lldiv@divisor+1)^0,w,c
  2622   0074C4  1007               	iorwf	(___lldiv@divisor+2)^0,w,c
  2623   0074C6  1008               	iorwf	(___lldiv@divisor+3)^0,w,c
  2624   0074C8  B4D8               	btfsc	status,2,c
  2625   0074CA  EF69  F03A         	goto	u751
  2626   0074CE  EF6B  F03A         	goto	u750
  2627   0074D2                     u751:
  2628   0074D2  EFA1  F03A         	goto	l246
  2629   0074D6                     u750:
  2630   0074D6  0E01               	movlw	1
  2631   0074D8  6E0D               	movwf	___lldiv@counter^0,c
  2632   0074DA  EF75  F03A         	goto	l1830
  2633   0074DE                     l1828:
  2634   0074DE  90D8               	bcf	status,0,c
  2635   0074E0  3605               	rlcf	___lldiv@divisor^0,f,c
  2636   0074E2  3606               	rlcf	(___lldiv@divisor+1)^0,f,c
  2637   0074E4  3607               	rlcf	(___lldiv@divisor+2)^0,f,c
  2638   0074E6  3608               	rlcf	(___lldiv@divisor+3)^0,f,c
  2639   0074E8  2A0D               	incf	___lldiv@counter^0,f,c
  2640   0074EA                     l1830:
  2641   0074EA  AE08               	btfss	(___lldiv@divisor+3)^0,7,c
  2642   0074EC  EF7A  F03A         	goto	u761
  2643   0074F0  EF7C  F03A         	goto	u760
  2644   0074F4                     u761:
  2645   0074F4  EF6F  F03A         	goto	l1828
  2646   0074F8                     u760:
  2647   0074F8                     l1832:
  2648   0074F8  90D8               	bcf	status,0,c
  2649   0074FA  3609               	rlcf	___lldiv@quotient^0,f,c
  2650   0074FC  360A               	rlcf	(___lldiv@quotient+1)^0,f,c
  2651   0074FE  360B               	rlcf	(___lldiv@quotient+2)^0,f,c
  2652   007500  360C               	rlcf	(___lldiv@quotient+3)^0,f,c
  2653   007502  5005               	movf	___lldiv@divisor^0,w,c
  2654   007504  5C01               	subwf	___lldiv@dividend^0,w,c
  2655   007506  5006               	movf	(___lldiv@divisor+1)^0,w,c
  2656   007508  5802               	subwfb	(___lldiv@dividend+1)^0,w,c
  2657   00750A  5007               	movf	(___lldiv@divisor+2)^0,w,c
  2658   00750C  5803               	subwfb	(___lldiv@dividend+2)^0,w,c
  2659   00750E  5008               	movf	(___lldiv@divisor+3)^0,w,c
  2660   007510  5804               	subwfb	(___lldiv@dividend+3)^0,w,c
  2661   007512  A0D8               	btfss	status,0,c
  2662   007514  EF8E  F03A         	goto	u771
  2663   007518  EF90  F03A         	goto	u770
  2664   00751C                     u771:
  2665   00751C  EF99  F03A         	goto	l1840
  2666   007520                     u770:
  2667   007520  5005               	movf	___lldiv@divisor^0,w,c
  2668   007522  5E01               	subwf	___lldiv@dividend^0,f,c
  2669   007524  5006               	movf	(___lldiv@divisor+1)^0,w,c
  2670   007526  5A02               	subwfb	(___lldiv@dividend+1)^0,f,c
  2671   007528  5007               	movf	(___lldiv@divisor+2)^0,w,c
  2672   00752A  5A03               	subwfb	(___lldiv@dividend+2)^0,f,c
  2673   00752C  5008               	movf	(___lldiv@divisor+3)^0,w,c
  2674   00752E  5A04               	subwfb	(___lldiv@dividend+3)^0,f,c
  2675   007530  8009               	bsf	___lldiv@quotient^0,0,c
  2676   007532                     l1840:
  2677   007532  90D8               	bcf	status,0,c
  2678   007534  3208               	rrcf	(___lldiv@divisor+3)^0,f,c
  2679   007536  3207               	rrcf	(___lldiv@divisor+2)^0,f,c
  2680   007538  3206               	rrcf	(___lldiv@divisor+1)^0,f,c
  2681   00753A  3205               	rrcf	___lldiv@divisor^0,f,c
  2682   00753C  2E0D               	decfsz	___lldiv@counter^0,f,c
  2683   00753E  EF7C  F03A         	goto	l1832
  2684   007542                     l246:
  2685   007542  C009  F001         	movff	___lldiv@quotient,?___lldiv
  2686   007546  C00A  F002         	movff	___lldiv@quotient+1,?___lldiv+1
  2687   00754A  C00B  F003         	movff	___lldiv@quotient+2,?___lldiv+2
  2688   00754E  C00C  F004         	movff	___lldiv@quotient+3,?___lldiv+3
  2689   007552  0012               	return		;funcret
  2690   007554                     __end_of___lldiv:
  2691                           	callstack 0
  2692                           
  2693 ;; *************** function _UART_Init *****************
  2694 ;; Defined at:
  2695 ;;		line 328 in file "Final_3ercorte.c"
  2696 ;; Parameters:    Size  Location     Type
  2697 ;;		None
  2698 ;; Auto vars:     Size  Location     Type
  2699 ;;		None
  2700 ;; Return value:  Size  Location     Type
  2701 ;;                  1    wreg      void 
  2702 ;; Registers used:
  2703 ;;		wreg, status,2
  2704 ;; Tracked objects:
  2705 ;;		On entry : 0/0
  2706 ;;		On exit  : 0/0
  2707 ;;		Unchanged: 0/0
  2708 ;; Data sizes:     COMRAM   BANK0   BANK1   BANK2   BANK3   BANK4   BANK5   BANK6   BANK7
  2709 ;;      Params:         0       0       0       0       0       0       0       0       0
  2710 ;;      Locals:         0       0       0       0       0       0       0       0       0
  2711 ;;      Temps:          1       0       0       0       0       0       0       0       0
  2712 ;;      Totals:         1       0       0       0       0       0       0       0       0
  2713 ;;Total ram usage:        1 bytes
  2714 ;; Hardware stack levels used: 1
  2715 ;; This function calls:
  2716 ;;		Nothing
  2717 ;; This function is called by:
  2718 ;;		_main
  2719 ;; This function uses a non-reentrant model
  2720 ;;
  2721                           
  2722                           	psect	text3
  2723   006EC2                     __ptext3:
  2724                           	callstack 0
  2725   006EC2                     _UART_Init:
  2726                           	callstack 30
  2727   006EC2                     
  2728                           ;Final_3ercorte.c: 329:     TRISCbits.TRISC6 = 0;
  2729   006EC2  9C94               	bcf	148,6,c	;volatile
  2730                           
  2731                           ;Final_3ercorte.c: 330:     TRISCbits.TRISC7 = 1;
  2732   006EC4  8E94               	bsf	148,7,c	;volatile
  2733   006EC6                     
  2734                           ;Final_3ercorte.c: 331:     SPBRG = 51;
  2735   006EC6  0E33               	movlw	51
  2736   006EC8  6EAF               	movwf	175,c	;volatile
  2737                           
  2738                           ;Final_3ercorte.c: 332:     TXSTA = 0x24;
  2739   006ECA  0E24               	movlw	36
  2740   006ECC  6EAC               	movwf	172,c	;volatile
  2741                           
  2742                           ;Final_3ercorte.c: 333:     RCSTA = 0x90;
  2743   006ECE  0E90               	movlw	144
  2744   006ED0  6EAB               	movwf	171,c	;volatile
  2745   006ED2                     
  2746                           ;Final_3ercorte.c: 334:     _delay((unsigned long)((10)*(8000000/4000.0)));
  2747   006ED2  0E1A               	movlw	26
  2748   006ED4  6E01               	movwf	??_UART_Init^0,c
  2749   006ED6  0EF8               	movlw	248
  2750   006ED8                     u1047:
  2751   006ED8  2EE8               	decfsz	wreg,f,c
  2752   006EDA  D7FE               	bra	u1047
  2753   006EDC  2E01               	decfsz	??_UART_Init^0,f,c
  2754   006EDE  D7FC               	bra	u1047
  2755   006EE0  D000               	nop2	
  2756   006EE2  0012               	return		;funcret
  2757   006EE4                     __end_of_UART_Init:
  2758                           	callstack 0
  2759                           
  2760 ;; *************** function _UART_EnviarSeparador *****************
  2761 ;; Defined at:
  2762 ;;		line 353 in file "Final_3ercorte.c"
  2763 ;; Parameters:    Size  Location     Type
  2764 ;;		None
  2765 ;; Auto vars:     Size  Location     Type
  2766 ;;		None
  2767 ;; Return value:  Size  Location     Type
  2768 ;;                  1    wreg      void 
  2769 ;; Registers used:
  2770 ;;		wreg, status,2, status,0, tblptrl, tblptrh, tblptru, cstack
  2771 ;; Tracked objects:
  2772 ;;		On entry : 0/0
  2773 ;;		On exit  : 0/0
  2774 ;;		Unchanged: 0/0
  2775 ;; Data sizes:     COMRAM   BANK0   BANK1   BANK2   BANK3   BANK4   BANK5   BANK6   BANK7
  2776 ;;      Params:         0       0       0       0       0       0       0       0       0
  2777 ;;      Locals:         0       0       0       0       0       0       0       0       0
  2778 ;;      Temps:          0       0       0       0       0       0       0       0       0
  2779 ;;      Totals:         0       0       0       0       0       0       0       0       0
  2780 ;;Total ram usage:        0 bytes
  2781 ;; Hardware stack levels used: 1
  2782 ;; Hardware stack levels required when called: 2
  2783 ;; This function calls:
  2784 ;;		_UART_EnviarTexto
  2785 ;; This function is called by:
  2786 ;;		_main
  2787 ;; This function uses a non-reentrant model
  2788 ;;
  2789                           
  2790                           	psect	text4
  2791   006DD2                     __ptext4:
  2792                           	callstack 0
  2793   006DD2                     _UART_EnviarSeparador:
  2794                           	callstack 28
  2795   006DD2                     
  2796                           ;Final_3ercorte.c: 354:     UART_EnviarTexto("------------------------------\r\n");
  2797   006DD2  0EEB               	movlw	low STR_1
  2798   006DD4  6E02               	movwf	UART_EnviarTexto@t^0,c
  2799   006DD6  0E7D               	movlw	high STR_1
  2800   006DD8  6E03               	movwf	(UART_EnviarTexto@t+1)^0,c
  2801   006DDA  ECBB  F037         	call	_UART_EnviarTexto	;wreg free
  2802   006DDE  0012               	return		;funcret
  2803   006DE0                     __end_of_UART_EnviarSeparador:
  2804                           	callstack 0
  2805                           
  2806 ;; *************** function _UART_EnviarTexto *****************
  2807 ;; Defined at:
  2808 ;;		line 342 in file "Final_3ercorte.c"
  2809 ;; Parameters:    Size  Location     Type
  2810 ;;  t               2    1[COMRAM] PTR const unsigned char 
  2811 ;;		 -> STR_40(48), STR_37(9), STR_36(18), STR_35(22), 
  2812 ;;		 -> STR_34(8), STR_33(14), STR_32(9), STR_31(23), 
  2813 ;;		 -> STR_30(23), STR_29(9), STR_28(13), STR_27(31), 
  2814 ;;		 -> STR_26(3), STR_14(38), STR_11(43), STR_8(32), 
  2815 ;;		 -> STR_7(32), STR_6(32), STR_5(32), STR_4(34), 
  2816 ;;		 -> STR_1(33), 
  2817 ;; Auto vars:     Size  Location     Type
  2818 ;;		None
  2819 ;; Return value:  Size  Location     Type
  2820 ;;                  1    wreg      void 
  2821 ;; Registers used:
  2822 ;;		wreg, status,2, status,0, tblptrl, tblptrh, tblptru, cstack
  2823 ;; Tracked objects:
  2824 ;;		On entry : 0/0
  2825 ;;		On exit  : 0/0
  2826 ;;		Unchanged: 0/0
  2827 ;; Data sizes:     COMRAM   BANK0   BANK1   BANK2   BANK3   BANK4   BANK5   BANK6   BANK7
  2828 ;;      Params:         2       0       0       0       0       0       0       0       0
  2829 ;;      Locals:         0       0       0       0       0       0       0       0       0
  2830 ;;      Temps:          0       0       0       0       0       0       0       0       0
  2831 ;;      Totals:         2       0       0       0       0       0       0       0       0
  2832 ;;Total ram usage:        2 bytes
  2833 ;; Hardware stack levels used: 1
  2834 ;; This function calls:
  2835 ;;		_UART_EnviarByte
  2836 ;; This function is called by:
  2837 ;;		_UART_EnviarSeparador
  2838 ;;		_main
  2839 ;; This function uses a non-reentrant model
  2840 ;;
  2841                           
  2842                           	psect	text5
  2843   006F76                     __ptext5:
  2844                           	callstack 0
  2845   006F76                     _UART_EnviarTexto:
  2846                           	callstack 29
  2847   006F76                     
  2848                           ;Final_3ercorte.c: 343:     while(*t) { UART_EnviarByte(*t); t++; }
  2849   006F76  EFC7  F037         	goto	l1666
  2850   006F7A                     l1662:
  2851   006F7A  C002  FFF6         	movff	UART_EnviarTexto@t,tblptrl
  2852   006F7E  C003  FFF7         	movff	UART_EnviarTexto@t+1,tblptrh
  2853   006F82                     	if	0	;tblptru may be non-zero
  2854   006F82                     	endif
  2855   006F82                     	if	0	;tblptru may be non-zero
  2856   006F82                     	endif
  2857   006F82  0008               	tblrd		*
  2858   006F84  50F5               	movf	tablat,w,c
  2859   006F86  EC0B  F037         	call	_UART_EnviarByte
  2860   006F8A  4A02               	infsnz	UART_EnviarTexto@t^0,f,c
  2861   006F8C  2A03               	incf	(UART_EnviarTexto@t+1)^0,f,c
  2862   006F8E                     l1666:
  2863   006F8E  C002  FFF6         	movff	UART_EnviarTexto@t,tblptrl
  2864   006F92  C003  FFF7         	movff	UART_EnviarTexto@t+1,tblptrh
  2865   006F96                     	if	0	;tblptru may be non-zero
  2866   006F96                     	endif
  2867   006F96                     	if	0	;tblptru may be non-zero
  2868   006F96                     	endif
  2869   006F96  0008               	tblrd		*
  2870   006F98  50F5               	movf	tablat,w,c
  2871   006F9A  0900               	iorlw	0
  2872   006F9C  A4D8               	btfss	status,2,c
  2873   006F9E  EFD3  F037         	goto	u601
  2874   006FA2  EFD5  F037         	goto	u600
  2875   006FA6                     u601:
  2876   006FA6  EFBD  F037         	goto	l1662
  2877   006FAA                     u600:
  2878   006FAA  0012               	return		;funcret
  2879   006FAC                     __end_of_UART_EnviarTexto:
  2880                           	callstack 0
  2881                           
  2882 ;; *************** function _UART_EnviarNumero *****************
  2883 ;; Defined at:
  2884 ;;		line 346 in file "Final_3ercorte.c"
  2885 ;; Parameters:    Size  Location     Type
  2886 ;;  n               2    7[COMRAM] unsigned int 
  2887 ;; Auto vars:     Size  Location     Type
  2888 ;;  b               6    9[COMRAM] unsigned char [6]
  2889 ;;  i               2   15[COMRAM] int 
  2890 ;; Return value:  Size  Location     Type
  2891 ;;                  1    wreg      void 
  2892 ;; Registers used:
  2893 ;;		wreg, fsr2l, fsr2h, status,2, status,0, cstack
  2894 ;; Tracked objects:
  2895 ;;		On entry : 0/0
  2896 ;;		On exit  : 0/0
  2897 ;;		Unchanged: 0/0
  2898 ;; Data sizes:     COMRAM   BANK0   BANK1   BANK2   BANK3   BANK4   BANK5   BANK6   BANK7
  2899 ;;      Params:         2       0       0       0       0       0       0       0       0
  2900 ;;      Locals:         8       0       0       0       0       0       0       0       0
  2901 ;;      Temps:          0       0       0       0       0       0       0       0       0
  2902 ;;      Totals:        10       0       0       0       0       0       0       0       0
  2903 ;;Total ram usage:       10 bytes
  2904 ;; Hardware stack levels used: 1
  2905 ;; Hardware stack levels required when called: 1
  2906 ;; This function calls:
  2907 ;;		_UART_EnviarByte
  2908 ;;		___lwdiv
  2909 ;;		___lwmod
  2910 ;; This function is called by:
  2911 ;;		_main
  2912 ;; This function uses a non-reentrant model
  2913 ;;
  2914                           
  2915                           	psect	text6
  2916   007410                     __ptext6:
  2917                           	callstack 0
  2918   007410                     _UART_EnviarNumero:
  2919                           	callstack 29
  2920   007410                     
  2921                           ;Final_3ercorte.c: 347:     char b[6]; int i = 0;
  2922   007410  6A11               	clrf	(UART_EnviarNumero@i+1)^0,c
  2923   007412  0E00               	movlw	0
  2924   007414  6E10               	movwf	UART_EnviarNumero@i^0,c
  2925   007416                     
  2926                           ;Final_3ercorte.c: 348:     if(n == 0) { UART_EnviarByte('0'); return; }
  2927   007416  5008               	movf	UART_EnviarNumero@n^0,w,c
  2928   007418  1009               	iorwf	(UART_EnviarNumero@n+1)^0,w,c
  2929   00741A  A4D8               	btfss	status,2,c
  2930   00741C  EF12  F03A         	goto	u721
  2931   007420  EF14  F03A         	goto	u720
  2932   007424                     u721:
  2933   007424  EF38  F03A         	goto	l1814
  2934   007428                     u720:
  2935   007428  0E30               	movlw	48
  2936   00742A  EC0B  F037         	call	_UART_EnviarByte
  2937   00742E  EF57  F03A         	goto	l160
  2938   007432                     l1808:
  2939   007432  5010               	movf	UART_EnviarNumero@i^0,w,c
  2940   007434  0F0A               	addlw	low UART_EnviarNumero@b
  2941   007436  6ED9               	movwf	fsr2l,c
  2942   007438  6ADA               	clrf	fsr2h,c
  2943   00743A  C008  F001         	movff	UART_EnviarNumero@n,___lwmod@dividend
  2944   00743E  C009  F002         	movff	UART_EnviarNumero@n+1,___lwmod@dividend+1
  2945   007442  6A04               	clrf	(___lwmod@divisor+1)^0,c
  2946   007444  0E0A               	movlw	10
  2947   007446  6E03               	movwf	___lwmod@divisor^0,c
  2948   007448  EC96  F038         	call	___lwmod	;wreg free
  2949   00744C  5001               	movf	?___lwmod^0,w,c
  2950   00744E  0F30               	addlw	48
  2951   007450  6EDF               	movwf	indf2,c
  2952   007452  4A10               	infsnz	UART_EnviarNumero@i^0,f,c
  2953   007454  2A11               	incf	(UART_EnviarNumero@i+1)^0,f,c
  2954   007456  C008  F001         	movff	UART_EnviarNumero@n,___lwdiv@dividend
  2955   00745A  C009  F002         	movff	UART_EnviarNumero@n+1,___lwdiv@dividend+1
  2956   00745E  6A04               	clrf	(___lwdiv@divisor+1)^0,c
  2957   007460  0E0A               	movlw	10
  2958   007462  6E03               	movwf	___lwdiv@divisor^0,c
  2959   007464  EC00  F039         	call	___lwdiv	;wreg free
  2960   007468  C001  F008         	movff	?___lwdiv,UART_EnviarNumero@n
  2961   00746C  C002  F009         	movff	?___lwdiv+1,UART_EnviarNumero@n+1
  2962   007470                     l1814:
  2963   007470  5008               	movf	UART_EnviarNumero@n^0,w,c
  2964   007472  1009               	iorwf	(UART_EnviarNumero@n+1)^0,w,c
  2965   007474  A4D8               	btfss	status,2,c
  2966   007476  EF3F  F03A         	goto	u731
  2967   00747A  EF41  F03A         	goto	u730
  2968   00747E                     u731:
  2969   00747E  EF19  F03A         	goto	l1808
  2970   007482                     u730:
  2971   007482  EF4A  F03A         	goto	l1818
  2972   007486                     l1816:
  2973   007486  5010               	movf	UART_EnviarNumero@i^0,w,c
  2974   007488  0F0A               	addlw	low UART_EnviarNumero@b
  2975   00748A  6ED9               	movwf	fsr2l,c
  2976   00748C  6ADA               	clrf	fsr2h,c
  2977   00748E  50DF               	movf	indf2,w,c
  2978   007490  EC0B  F037         	call	_UART_EnviarByte
  2979   007494                     l1818:
  2980   007494  0610               	decf	UART_EnviarNumero@i^0,f,c
  2981   007496  A0D8               	btfss	status,0,c
  2982   007498  0611               	decf	(UART_EnviarNumero@i+1)^0,f,c
  2983   00749A  2810               	incf	UART_EnviarNumero@i^0,w,c
  2984   00749C  E106               	bnz	u741
  2985   00749E  2811               	incf	(UART_EnviarNumero@i+1)^0,w,c
  2986   0074A0  A4D8               	btfss	status,2,c
  2987   0074A2  EF55  F03A         	goto	u741
  2988   0074A6  EF57  F03A         	goto	u740
  2989   0074AA                     u741:
  2990   0074AA  EF43  F03A         	goto	l1816
  2991   0074AE                     u740:
  2992   0074AE                     l160:
  2993   0074AE  0012               	return		;funcret
  2994   0074B0                     __end_of_UART_EnviarNumero:
  2995                           	callstack 0
  2996                           
  2997 ;; *************** function _UART_EnviarByte *****************
  2998 ;; Defined at:
  2999 ;;		line 337 in file "Final_3ercorte.c"
  3000 ;; Parameters:    Size  Location     Type
  3001 ;;  dato            1    wreg     unsigned char 
  3002 ;; Auto vars:     Size  Location     Type
  3003 ;;  dato            1    0[COMRAM] unsigned char 
  3004 ;; Return value:  Size  Location     Type
  3005 ;;                  1    wreg      void 
  3006 ;; Registers used:
  3007 ;;		wreg
  3008 ;; Tracked objects:
  3009 ;;		On entry : 0/0
  3010 ;;		On exit  : 0/0
  3011 ;;		Unchanged: 0/0
  3012 ;; Data sizes:     COMRAM   BANK0   BANK1   BANK2   BANK3   BANK4   BANK5   BANK6   BANK7
  3013 ;;      Params:         0       0       0       0       0       0       0       0       0
  3014 ;;      Locals:         1       0       0       0       0       0       0       0       0
  3015 ;;      Temps:          0       0       0       0       0       0       0       0       0
  3016 ;;      Totals:         1       0       0       0       0       0       0       0       0
  3017 ;;Total ram usage:        1 bytes
  3018 ;; Hardware stack levels used: 1
  3019 ;; This function calls:
  3020 ;;		Nothing
  3021 ;; This function is called by:
  3022 ;;		_UART_EnviarTexto
  3023 ;;		_UART_EnviarNumero
  3024 ;; This function uses a non-reentrant model
  3025 ;;
  3026                           
  3027                           	psect	text7
  3028   006E16                     __ptext7:
  3029                           	callstack 0
  3030   006E16                     _UART_EnviarByte:
  3031                           	callstack 28
  3032                           
  3033                           ;incstack = 0
  3034                           ;UART_EnviarByte@dato stored from wreg
  3035   006E16  6E01               	movwf	UART_EnviarByte@dato^0,c
  3036   006E18                     l147:
  3037   006E18  A2AC               	btfss	172,1,c	;volatile
  3038   006E1A  EF11  F037         	goto	u41
  3039   006E1E  EF13  F037         	goto	u40
  3040   006E22                     u41:
  3041   006E22  EF0C  F037         	goto	l147
  3042   006E26                     u40:
  3043   006E26                     
  3044                           ;Final_3ercorte.c: 339:     TXREG = dato;
  3045   006E26  C001  FFAD         	movff	UART_EnviarByte@dato,4013	;volatile
  3046   006E2A  0012               	return		;funcret
  3047   006E2C                     __end_of_UART_EnviarByte:
  3048                           	callstack 0
  3049                           
  3050 ;; *************** function _OLED_Str *****************
  3051 ;; Defined at:
  3052 ;;		line 295 in file "Final_3ercorte.c"
  3053 ;; Parameters:    Size  Location     Type
  3054 ;;  s               2    8[COMRAM] PTR const unsigned char 
  3055 ;;		 -> STR_39(15), STR_38(15), STR_25(15), STR_24(15), 
  3056 ;;		 -> STR_23(15), STR_22(3), STR_21(6), STR_20(16), 
  3057 ;;		 -> STR_19(16), STR_18(16), STR_17(5), STR_16(7), 
  3058 ;;		 -> STR_15(17), STR_13(18), STR_12(12), STR_10(16), 
  3059 ;;		 -> STR_9(14), STR_3(11), STR_2(11), 
  3060 ;; Auto vars:     Size  Location     Type
  3061 ;;		None
  3062 ;; Return value:  Size  Location     Type
  3063 ;;                  1    wreg      void 
  3064 ;; Registers used:
  3065 ;;		wreg, status,2, status,0, tblptrl, tblptrh, tblptru, prodl, prodh, cstack
  3066 ;; Tracked objects:
  3067 ;;		On entry : 0/0
  3068 ;;		On exit  : 0/0
  3069 ;;		Unchanged: 0/0
  3070 ;; Data sizes:     COMRAM   BANK0   BANK1   BANK2   BANK3   BANK4   BANK5   BANK6   BANK7
  3071 ;;      Params:         2       0       0       0       0       0       0       0       0
  3072 ;;      Locals:         0       0       0       0       0       0       0       0       0
  3073 ;;      Temps:          0       0       0       0       0       0       0       0       0
  3074 ;;      Totals:         2       0       0       0       0       0       0       0       0
  3075 ;;Total ram usage:        2 bytes
  3076 ;; Hardware stack levels used: 1
  3077 ;; Hardware stack levels required when called: 1
  3078 ;; This function calls:
  3079 ;;		_OLED_Char
  3080 ;; This function is called by:
  3081 ;;		_main
  3082 ;; This function uses a non-reentrant model
  3083 ;;
  3084                           
  3085                           	psect	text8
  3086   006F40                     __ptext8:
  3087                           	callstack 0
  3088   006F40                     _OLED_Str:
  3089                           	callstack 29
  3090   006F40  EFAC  F037         	goto	l1768
  3091   006F44                     l1764:
  3092   006F44  C009  FFF6         	movff	OLED_Str@s,tblptrl
  3093   006F48  C00A  FFF7         	movff	OLED_Str@s+1,tblptrh
  3094   006F4C                     	if	0	;tblptru may be non-zero
  3095   006F4C                     	endif
  3096   006F4C                     	if	0	;tblptru may be non-zero
  3097   006F4C                     	endif
  3098   006F4C  0008               	tblrd		*
  3099   006F4E  50F5               	movf	tablat,w,c
  3100   006F50  EC39  F039         	call	_OLED_Char
  3101   006F54  4A09               	infsnz	OLED_Str@s^0,f,c
  3102   006F56  2A0A               	incf	(OLED_Str@s+1)^0,f,c
  3103   006F58                     l1768:
  3104   006F58  C009  FFF6         	movff	OLED_Str@s,tblptrl
  3105   006F5C  C00A  FFF7         	movff	OLED_Str@s+1,tblptrh
  3106   006F60                     	if	0	;tblptru may be non-zero
  3107   006F60                     	endif
  3108   006F60                     	if	0	;tblptru may be non-zero
  3109   006F60                     	endif
  3110   006F60  0008               	tblrd		*
  3111   006F62  50F5               	movf	tablat,w,c
  3112   006F64  0900               	iorlw	0
  3113   006F66  A4D8               	btfss	status,2,c
  3114   006F68  EFB8  F037         	goto	u681
  3115   006F6C  EFBA  F037         	goto	u680
  3116   006F70                     u681:
  3117   006F70  EFA2  F037         	goto	l1764
  3118   006F74                     u680:
  3119   006F74  0012               	return		;funcret
  3120   006F76                     __end_of_OLED_Str:
  3121                           	callstack 0
  3122                           
  3123 ;; *************** function _OLED_Num *****************
  3124 ;; Defined at:
  3125 ;;		line 297 in file "Final_3ercorte.c"
  3126 ;; Parameters:    Size  Location     Type
  3127 ;;  n               2    8[COMRAM] unsigned int 
  3128 ;; Auto vars:     Size  Location     Type
  3129 ;;  b               6   10[COMRAM] unsigned char [6]
  3130 ;;  i               2   16[COMRAM] int 
  3131 ;; Return value:  Size  Location     Type
  3132 ;;                  1    wreg      void 
  3133 ;; Registers used:
  3134 ;;		wreg, fsr2l, fsr2h, status,2, status,0, tblptrl, tblptrh, tblptru, prodl, prodh, cstack
  3135 ;; Tracked objects:
  3136 ;;		On entry : 0/0
  3137 ;;		On exit  : 0/0
  3138 ;;		Unchanged: 0/0
  3139 ;; Data sizes:     COMRAM   BANK0   BANK1   BANK2   BANK3   BANK4   BANK5   BANK6   BANK7
  3140 ;;      Params:         2       0       0       0       0       0       0       0       0
  3141 ;;      Locals:         8       0       0       0       0       0       0       0       0
  3142 ;;      Temps:          0       0       0       0       0       0       0       0       0
  3143 ;;      Totals:        10       0       0       0       0       0       0       0       0
  3144 ;;Total ram usage:       10 bytes
  3145 ;; Hardware stack levels used: 1
  3146 ;; Hardware stack levels required when called: 2
  3147 ;; This function calls:
  3148 ;;		_OLED_Char
  3149 ;;		___lwdiv
  3150 ;;		___lwmod
  3151 ;; This function is called by:
  3152 ;;		_main
  3153 ;; This function uses a non-reentrant model
  3154 ;;
  3155                           
  3156                           	psect	text9
  3157   007370                     __ptext9:
  3158                           	callstack 0
  3159   007370                     _OLED_Num:
  3160                           	callstack 28
  3161   007370                     
  3162                           ;Final_3ercorte.c: 298:     char b[6]; int i = 0;
  3163   007370  6A12               	clrf	(OLED_Num@i+1)^0,c
  3164   007372  0E00               	movlw	0
  3165   007374  6E11               	movwf	OLED_Num@i^0,c
  3166   007376                     
  3167                           ;Final_3ercorte.c: 299:     if(n == 0) { OLED_Char('0'); return; }
  3168   007376  5009               	movf	OLED_Num@n^0,w,c
  3169   007378  100A               	iorwf	(OLED_Num@n+1)^0,w,c
  3170   00737A  A4D8               	btfss	status,2,c
  3171   00737C  EFC2  F039         	goto	u691
  3172   007380  EFC4  F039         	goto	u690
  3173   007384                     u691:
  3174   007384  EFE8  F039         	goto	l1784
  3175   007388                     u690:
  3176   007388  0E30               	movlw	48
  3177   00738A  EC39  F039         	call	_OLED_Char
  3178   00738E  EF07  F03A         	goto	l125
  3179   007392                     l1778:
  3180   007392  5011               	movf	OLED_Num@i^0,w,c
  3181   007394  0F0B               	addlw	low OLED_Num@b
  3182   007396  6ED9               	movwf	fsr2l,c
  3183   007398  6ADA               	clrf	fsr2h,c
  3184   00739A  C009  F001         	movff	OLED_Num@n,___lwmod@dividend
  3185   00739E  C00A  F002         	movff	OLED_Num@n+1,___lwmod@dividend+1
  3186   0073A2  6A04               	clrf	(___lwmod@divisor+1)^0,c
  3187   0073A4  0E0A               	movlw	10
  3188   0073A6  6E03               	movwf	___lwmod@divisor^0,c
  3189   0073A8  EC96  F038         	call	___lwmod	;wreg free
  3190   0073AC  5001               	movf	?___lwmod^0,w,c
  3191   0073AE  0F30               	addlw	48
  3192   0073B0  6EDF               	movwf	indf2,c
  3193   0073B2  4A11               	infsnz	OLED_Num@i^0,f,c
  3194   0073B4  2A12               	incf	(OLED_Num@i+1)^0,f,c
  3195   0073B6  C009  F001         	movff	OLED_Num@n,___lwdiv@dividend
  3196   0073BA  C00A  F002         	movff	OLED_Num@n+1,___lwdiv@dividend+1
  3197   0073BE  6A04               	clrf	(___lwdiv@divisor+1)^0,c
  3198   0073C0  0E0A               	movlw	10
  3199   0073C2  6E03               	movwf	___lwdiv@divisor^0,c
  3200   0073C4  EC00  F039         	call	___lwdiv	;wreg free
  3201   0073C8  C001  F009         	movff	?___lwdiv,OLED_Num@n
  3202   0073CC  C002  F00A         	movff	?___lwdiv+1,OLED_Num@n+1
  3203   0073D0                     l1784:
  3204   0073D0  5009               	movf	OLED_Num@n^0,w,c
  3205   0073D2  100A               	iorwf	(OLED_Num@n+1)^0,w,c
  3206   0073D4  A4D8               	btfss	status,2,c
  3207   0073D6  EFEF  F039         	goto	u701
  3208   0073DA  EFF1  F039         	goto	u700
  3209   0073DE                     u701:
  3210   0073DE  EFC9  F039         	goto	l1778
  3211   0073E2                     u700:
  3212   0073E2  EFFA  F039         	goto	l1788
  3213   0073E6                     l1786:
  3214   0073E6  5011               	movf	OLED_Num@i^0,w,c
  3215   0073E8  0F0B               	addlw	low OLED_Num@b
  3216   0073EA  6ED9               	movwf	fsr2l,c
  3217   0073EC  6ADA               	clrf	fsr2h,c
  3218   0073EE  50DF               	movf	indf2,w,c
  3219   0073F0  EC39  F039         	call	_OLED_Char
  3220   0073F4                     l1788:
  3221   0073F4  0611               	decf	OLED_Num@i^0,f,c
  3222   0073F6  A0D8               	btfss	status,0,c
  3223   0073F8  0612               	decf	(OLED_Num@i+1)^0,f,c
  3224   0073FA  2811               	incf	OLED_Num@i^0,w,c
  3225   0073FC  E106               	bnz	u711
  3226   0073FE  2812               	incf	(OLED_Num@i+1)^0,w,c
  3227   007400  A4D8               	btfss	status,2,c
  3228   007402  EF05  F03A         	goto	u711
  3229   007406  EF07  F03A         	goto	u710
  3230   00740A                     u711:
  3231   00740A  EFF3  F039         	goto	l1786
  3232   00740E                     u710:
  3233   00740E                     l125:
  3234   00740E  0012               	return		;funcret
  3235   007410                     __end_of_OLED_Num:
  3236                           	callstack 0
  3237                           
  3238 ;; *************** function ___lwmod *****************
  3239 ;; Defined at:
  3240 ;;		line 7 in file "C:\Program Files\Microchip\xc8\v3.10\pic\sources\c99\common\lwmod.c"
  3241 ;; Parameters:    Size  Location     Type
  3242 ;;  dividend        2    0[COMRAM] unsigned int 
  3243 ;;  divisor         2    2[COMRAM] unsigned int 
  3244 ;; Auto vars:     Size  Location     Type
  3245 ;;  counter         1    4[COMRAM] unsigned char 
  3246 ;; Return value:  Size  Location     Type
  3247 ;;                  2    0[COMRAM] unsigned int 
  3248 ;; Registers used:
  3249 ;;		wreg, status,2, status,0
  3250 ;; Tracked objects:
  3251 ;;		On entry : 0/0
  3252 ;;		On exit  : 0/0
  3253 ;;		Unchanged: 0/0
  3254 ;; Data sizes:     COMRAM   BANK0   BANK1   BANK2   BANK3   BANK4   BANK5   BANK6   BANK7
  3255 ;;      Params:         4       0       0       0       0       0       0       0       0
  3256 ;;      Locals:         1       0       0       0       0       0       0       0       0
  3257 ;;      Temps:          0       0       0       0       0       0       0       0       0
  3258 ;;      Totals:         5       0       0       0       0       0       0       0       0
  3259 ;;Total ram usage:        5 bytes
  3260 ;; Hardware stack levels used: 1
  3261 ;; This function calls:
  3262 ;;		Nothing
  3263 ;; This function is called by:
  3264 ;;		_OLED_Num
  3265 ;;		_UART_EnviarNumero
  3266 ;; This function uses a non-reentrant model
  3267 ;;
  3268                           
  3269                           	psect	text10
  3270   00712C                     __ptext10:
  3271                           	callstack 0
  3272   00712C                     ___lwmod:
  3273                           	callstack 29
  3274   00712C  5003               	movf	___lwmod@divisor^0,w,c
  3275   00712E  1004               	iorwf	(___lwmod@divisor+1)^0,w,c
  3276   007130  B4D8               	btfsc	status,2,c
  3277   007132  EF9D  F038         	goto	u641
  3278   007136  EF9F  F038         	goto	u640
  3279   00713A                     u641:
  3280   00713A  EFC3  F038         	goto	l830
  3281   00713E                     u640:
  3282   00713E  0E01               	movlw	1
  3283   007140  6E05               	movwf	___lwmod@counter^0,c
  3284   007142  EFA7  F038         	goto	l1696
  3285   007146                     l1694:
  3286   007146  90D8               	bcf	status,0,c
  3287   007148  3603               	rlcf	___lwmod@divisor^0,f,c
  3288   00714A  3604               	rlcf	(___lwmod@divisor+1)^0,f,c
  3289   00714C  2A05               	incf	___lwmod@counter^0,f,c
  3290   00714E                     l1696:
  3291   00714E  AE04               	btfss	(___lwmod@divisor+1)^0,7,c
  3292   007150  EFAC  F038         	goto	u651
  3293   007154  EFAE  F038         	goto	u650
  3294   007158                     u651:
  3295   007158  EFA3  F038         	goto	l1694
  3296   00715C                     u650:
  3297   00715C                     l1698:
  3298   00715C  5003               	movf	___lwmod@divisor^0,w,c
  3299   00715E  5C01               	subwf	___lwmod@dividend^0,w,c
  3300   007160  5004               	movf	(___lwmod@divisor+1)^0,w,c
  3301   007162  5802               	subwfb	(___lwmod@dividend+1)^0,w,c
  3302   007164  A0D8               	btfss	status,0,c
  3303   007166  EFB7  F038         	goto	u661
  3304   00716A  EFB9  F038         	goto	u660
  3305   00716E                     u661:
  3306   00716E  EFBD  F038         	goto	l1702
  3307   007172                     u660:
  3308   007172  5003               	movf	___lwmod@divisor^0,w,c
  3309   007174  5E01               	subwf	___lwmod@dividend^0,f,c
  3310   007176  5004               	movf	(___lwmod@divisor+1)^0,w,c
  3311   007178  5A02               	subwfb	(___lwmod@dividend+1)^0,f,c
  3312   00717A                     l1702:
  3313   00717A  90D8               	bcf	status,0,c
  3314   00717C  3204               	rrcf	(___lwmod@divisor+1)^0,f,c
  3315   00717E  3203               	rrcf	___lwmod@divisor^0,f,c
  3316   007180  2E05               	decfsz	___lwmod@counter^0,f,c
  3317   007182  EFAE  F038         	goto	l1698
  3318   007186                     l830:
  3319   007186  C001  F001         	movff	___lwmod@dividend,?___lwmod
  3320   00718A  C002  F002         	movff	___lwmod@dividend+1,?___lwmod+1
  3321   00718E  0012               	return		;funcret
  3322   007190                     __end_of___lwmod:
  3323                           	callstack 0
  3324                           
  3325 ;; *************** function ___lwdiv *****************
  3326 ;; Defined at:
  3327 ;;		line 7 in file "C:\Program Files\Microchip\xc8\v3.10\pic\sources\c99\common\lwdiv.c"
  3328 ;; Parameters:    Size  Location     Type
  3329 ;;  dividend        2    0[COMRAM] unsigned int 
  3330 ;;  divisor         2    2[COMRAM] unsigned int 
  3331 ;; Auto vars:     Size  Location     Type
  3332 ;;  quotient        2    4[COMRAM] unsigned int 
  3333 ;;  counter         1    6[COMRAM] unsigned char 
  3334 ;; Return value:  Size  Location     Type
  3335 ;;                  2    0[COMRAM] unsigned int 
  3336 ;; Registers used:
  3337 ;;		wreg, status,2, status,0
  3338 ;; Tracked objects:
  3339 ;;		On entry : 0/0
  3340 ;;		On exit  : 0/0
  3341 ;;		Unchanged: 0/0
  3342 ;; Data sizes:     COMRAM   BANK0   BANK1   BANK2   BANK3   BANK4   BANK5   BANK6   BANK7
  3343 ;;      Params:         4       0       0       0       0       0       0       0       0
  3344 ;;      Locals:         3       0       0       0       0       0       0       0       0
  3345 ;;      Temps:          0       0       0       0       0       0       0       0       0
  3346 ;;      Totals:         7       0       0       0       0       0       0       0       0
  3347 ;;Total ram usage:        7 bytes
  3348 ;; Hardware stack levels used: 1
  3349 ;; This function calls:
  3350 ;;		Nothing
  3351 ;; This function is called by:
  3352 ;;		_OLED_Num
  3353 ;;		_UART_EnviarNumero
  3354 ;; This function uses a non-reentrant model
  3355 ;;
  3356                           
  3357                           	psect	text11
  3358   007200                     __ptext11:
  3359                           	callstack 0
  3360   007200                     ___lwdiv:
  3361                           	callstack 29
  3362   007200  6A06               	clrf	(___lwdiv@quotient+1)^0,c
  3363   007202  0E00               	movlw	0
  3364   007204  6E05               	movwf	___lwdiv@quotient^0,c
  3365   007206  5003               	movf	___lwdiv@divisor^0,w,c
  3366   007208  1004               	iorwf	(___lwdiv@divisor+1)^0,w,c
  3367   00720A  B4D8               	btfsc	status,2,c
  3368   00720C  EF0A  F039         	goto	u611
  3369   007210  EF0C  F039         	goto	u610
  3370   007214                     u611:
  3371   007214  EF34  F039         	goto	l820
  3372   007218                     u610:
  3373   007218  0E01               	movlw	1
  3374   00721A  6E07               	movwf	___lwdiv@counter^0,c
  3375   00721C  EF14  F039         	goto	l1676
  3376   007220                     l1674:
  3377   007220  90D8               	bcf	status,0,c
  3378   007222  3603               	rlcf	___lwdiv@divisor^0,f,c
  3379   007224  3604               	rlcf	(___lwdiv@divisor+1)^0,f,c
  3380   007226  2A07               	incf	___lwdiv@counter^0,f,c
  3381   007228                     l1676:
  3382   007228  AE04               	btfss	(___lwdiv@divisor+1)^0,7,c
  3383   00722A  EF19  F039         	goto	u621
  3384   00722E  EF1B  F039         	goto	u620
  3385   007232                     u621:
  3386   007232  EF10  F039         	goto	l1674
  3387   007236                     u620:
  3388   007236                     l1678:
  3389   007236  90D8               	bcf	status,0,c
  3390   007238  3605               	rlcf	___lwdiv@quotient^0,f,c
  3391   00723A  3606               	rlcf	(___lwdiv@quotient+1)^0,f,c
  3392   00723C  5003               	movf	___lwdiv@divisor^0,w,c
  3393   00723E  5C01               	subwf	___lwdiv@dividend^0,w,c
  3394   007240  5004               	movf	(___lwdiv@divisor+1)^0,w,c
  3395   007242  5802               	subwfb	(___lwdiv@dividend+1)^0,w,c
  3396   007244  A0D8               	btfss	status,0,c
  3397   007246  EF27  F039         	goto	u631
  3398   00724A  EF29  F039         	goto	u630
  3399   00724E                     u631:
  3400   00724E  EF2E  F039         	goto	l1686
  3401   007252                     u630:
  3402   007252  5003               	movf	___lwdiv@divisor^0,w,c
  3403   007254  5E01               	subwf	___lwdiv@dividend^0,f,c
  3404   007256  5004               	movf	(___lwdiv@divisor+1)^0,w,c
  3405   007258  5A02               	subwfb	(___lwdiv@dividend+1)^0,f,c
  3406   00725A  8005               	bsf	___lwdiv@quotient^0,0,c
  3407   00725C                     l1686:
  3408   00725C  90D8               	bcf	status,0,c
  3409   00725E  3204               	rrcf	(___lwdiv@divisor+1)^0,f,c
  3410   007260  3203               	rrcf	___lwdiv@divisor^0,f,c
  3411   007262  2E07               	decfsz	___lwdiv@counter^0,f,c
  3412   007264  EF1B  F039         	goto	l1678
  3413   007268                     l820:
  3414   007268  C005  F001         	movff	___lwdiv@quotient,?___lwdiv
  3415   00726C  C006  F002         	movff	___lwdiv@quotient+1,?___lwdiv+1
  3416   007270  0012               	return		;funcret
  3417   007272                     __end_of___lwdiv:
  3418                           	callstack 0
  3419                           
  3420 ;; *************** function _OLED_Char *****************
  3421 ;; Defined at:
  3422 ;;		line 288 in file "Final_3ercorte.c"
  3423 ;; Parameters:    Size  Location     Type
  3424 ;;  c               1    wreg     unsigned char 
  3425 ;; Auto vars:     Size  Location     Type
  3426 ;;  c               1    6[COMRAM] unsigned char 
  3427 ;;  i               1    7[COMRAM] unsigned char 
  3428 ;; Return value:  Size  Location     Type
  3429 ;;                  1    wreg      void 
  3430 ;; Registers used:
  3431 ;;		wreg, status,2, status,0, tblptrl, tblptrh, tblptru, prodl, prodh, cstack
  3432 ;; Tracked objects:
  3433 ;;		On entry : 0/0
  3434 ;;		On exit  : 0/0
  3435 ;;		Unchanged: 0/0
  3436 ;; Data sizes:     COMRAM   BANK0   BANK1   BANK2   BANK3   BANK4   BANK5   BANK6   BANK7
  3437 ;;      Params:         0       0       0       0       0       0       0       0       0
  3438 ;;      Locals:         2       0       0       0       0       0       0       0       0
  3439 ;;      Temps:          4       0       0       0       0       0       0       0       0
  3440 ;;      Totals:         6       0       0       0       0       0       0       0       0
  3441 ;;Total ram usage:        6 bytes
  3442 ;; Hardware stack levels used: 1
  3443 ;; This function calls:
  3444 ;;		_OLED_Data
  3445 ;; This function is called by:
  3446 ;;		_OLED_Str
  3447 ;;		_OLED_Num
  3448 ;; This function uses a non-reentrant model
  3449 ;;
  3450                           
  3451                           	psect	text12
  3452   007272                     __ptext12:
  3453                           	callstack 0
  3454   007272                     _OLED_Char:
  3455                           	callstack 29
  3456                           
  3457                           ;incstack = 0
  3458                           ;OLED_Char@c stored from wreg
  3459   007272  6E07               	movwf	OLED_Char@c^0,c
  3460   007274                     
  3461                           ;Final_3ercorte.c: 289:     unsigned char i;;Final_3ercorte.c: 290:     if(c < 32 || c >
      +                           90) c = 32;
  3462   007274  0E1F               	movlw	31
  3463   007276  6407               	cpfsgt	OLED_Char@c^0,c
  3464   007278  EF40  F039         	goto	u151
  3465   00727C  EF42  F039         	goto	u150
  3466   007280                     u151:
  3467   007280  EF4A  F039         	goto	l1116
  3468   007284                     u150:
  3469   007284  0E5A               	movlw	90
  3470   007286  6407               	cpfsgt	OLED_Char@c^0,c
  3471   007288  EF48  F039         	goto	u161
  3472   00728C  EF4A  F039         	goto	u160
  3473   007290                     u161:
  3474   007290  EF4C  F039         	goto	l1118
  3475   007294                     u160:
  3476   007294                     l1116:
  3477   007294  0E20               	movlw	32
  3478   007296  6E07               	movwf	OLED_Char@c^0,c
  3479   007298                     l1118:
  3480                           
  3481                           ;Final_3ercorte.c: 291:     for(i = 0; i < 5; i++) OLED_Data(font5x8[c-32][i]);
  3482   007298  6A08               	clrf	OLED_Char@i^0,c
  3483   00729A                     l1124:
  3484   00729A  5007               	movf	OLED_Char@c^0,w,c
  3485   00729C  0D05               	mullw	5
  3486   00729E  0E21               	movlw	low _font5x8
  3487   0072A0  24F3               	addwf	243,w,c
  3488   0072A2  6E03               	movwf	??_OLED_Char^0,c
  3489   0072A4  0E7C               	movlw	high _font5x8
  3490   0072A6  20F4               	addwfc	prodh,w,c
  3491   0072A8  6E04               	movwf	(??_OLED_Char+1)^0,c
  3492   0072AA  5008               	movf	OLED_Char@i^0,w,c
  3493   0072AC  2603               	addwf	??_OLED_Char^0,f,c
  3494   0072AE  0E00               	movlw	0
  3495   0072B0  2204               	addwfc	(??_OLED_Char+1)^0,f,c
  3496   0072B2  0E60               	movlw	96
  3497   0072B4  2403               	addwf	??_OLED_Char^0,w,c
  3498   0072B6  6E05               	movwf	(??_OLED_Char+2)^0,c
  3499   0072B8  0EFF               	movlw	255
  3500   0072BA  2004               	addwfc	(??_OLED_Char+1)^0,w,c
  3501   0072BC  6E06               	movwf	(??_OLED_Char+3)^0,c
  3502   0072BE  C005  FFF6         	movff	??_OLED_Char+2,tblptrl
  3503   0072C2  C006  FFF7         	movff	??_OLED_Char+3,tblptrh
  3504   0072C6                     	if	0	;tblptru may be non-zero
  3505   0072C6                     	endif
  3506   0072C6                     	if	0	;tblptru may be non-zero
  3507   0072C6                     	endif
  3508   0072C6  0008               	tblrd		*
  3509   0072C8  50F5               	movf	tablat,w,c
  3510   0072CA  EC34  F037         	call	_OLED_Data
  3511   0072CE  2A08               	incf	OLED_Char@i^0,f,c
  3512   0072D0  0E04               	movlw	4
  3513   0072D2  6408               	cpfsgt	OLED_Char@i^0,c
  3514   0072D4  EF6E  F039         	goto	u171
  3515   0072D8  EF70  F039         	goto	u170
  3516   0072DC                     u171:
  3517   0072DC  EF4D  F039         	goto	l1124
  3518   0072E0                     u170:
  3519   0072E0                     
  3520                           ;Final_3ercorte.c: 292:     OLED_Data(0x00);
  3521   0072E0  0E00               	movlw	0
  3522   0072E2  EC34  F037         	call	_OLED_Data
  3523   0072E6  0012               	return		;funcret
  3524   0072E8                     __end_of_OLED_Char:
  3525                           	callstack 0
  3526                           
  3527 ;; *************** function _OLED_Init *****************
  3528 ;; Defined at:
  3529 ;;		line 312 in file "Final_3ercorte.c"
  3530 ;; Parameters:    Size  Location     Type
  3531 ;;		None
  3532 ;; Auto vars:     Size  Location     Type
  3533 ;;		None
  3534 ;; Return value:  Size  Location     Type
  3535 ;;                  1    wreg      void 
  3536 ;; Registers used:
  3537 ;;		wreg, status,2, status,0, cstack
  3538 ;; Tracked objects:
  3539 ;;		On entry : 0/0
  3540 ;;		On exit  : 0/0
  3541 ;;		Unchanged: 0/0
  3542 ;; Data sizes:     COMRAM   BANK0   BANK1   BANK2   BANK3   BANK4   BANK5   BANK6   BANK7
  3543 ;;      Params:         0       0       0       0       0       0       0       0       0
  3544 ;;      Locals:         0       0       0       0       0       0       0       0       0
  3545 ;;      Temps:          2       0       0       0       0       0       0       0       0
  3546 ;;      Totals:         2       0       0       0       0       0       0       0       0
  3547 ;;Total ram usage:        2 bytes
  3548 ;; Hardware stack levels used: 1
  3549 ;; Hardware stack levels required when called: 1
  3550 ;; This function calls:
  3551 ;;		_OLED_Clear
  3552 ;;		_OLED_Cmd
  3553 ;; This function is called by:
  3554 ;;		_main
  3555 ;; This function uses a non-reentrant model
  3556 ;;
  3557                           
  3558                           	psect	text13
  3559   006F10                     __ptext13:
  3560                           	callstack 0
  3561   006F10                     _OLED_Init:
  3562                           	callstack 29
  3563   006F10                     
  3564                           ;Final_3ercorte.c: 313:     _delay((unsigned long)((150)*(8000000/4000.0)));
  3565   006F10  0E02               	movlw	2
  3566   006F12  6E09               	movwf	(??_OLED_Init+1)^0,c
  3567   006F14  0E86               	movlw	134
  3568   006F16  6E08               	movwf	??_OLED_Init^0,c
  3569   006F18  0E99               	movlw	153
  3570   006F1A                     u1057:
  3571   006F1A  2EE8               	decfsz	wreg,f,c
  3572   006F1C  D7FE               	bra	u1057
  3573   006F1E  2E08               	decfsz	??_OLED_Init^0,f,c
  3574   006F20  D7FC               	bra	u1057
  3575   006F22  2E09               	decfsz	(??_OLED_Init+1)^0,f,c
  3576   006F24  D7FA               	bra	u1057
  3577   006F26  0000               	nop	
  3578   006F28                     
  3579                           ;Final_3ercorte.c: 314:     OLED_Cmd(0xAE);
  3580   006F28  0EAE               	movlw	174
  3581   006F2A  EC43  F037         	call	_OLED_Cmd
  3582   006F2E                     
  3583                           ;Final_3ercorte.c: 315:     OLED_Cmd(0xA6);
  3584   006F2E  0EA6               	movlw	166
  3585   006F30  EC43  F037         	call	_OLED_Cmd
  3586   006F34                     
  3587                           ;Final_3ercorte.c: 316:     OLED_Cmd(0xAF);
  3588   006F34  0EAF               	movlw	175
  3589   006F36  EC43  F037         	call	_OLED_Cmd
  3590   006F3A                     
  3591                           ;Final_3ercorte.c: 317:     OLED_Clear();
  3592   006F3A  EC1A  F038         	call	_OLED_Clear	;wreg free
  3593   006F3E  0012               	return		;funcret
  3594   006F40                     __end_of_OLED_Init:
  3595                           	callstack 0
  3596                           
  3597 ;; *************** function _OLED_Clear *****************
  3598 ;; Defined at:
  3599 ;;		line 304 in file "Final_3ercorte.c"
  3600 ;; Parameters:    Size  Location     Type
  3601 ;;		None
  3602 ;; Auto vars:     Size  Location     Type
  3603 ;;  j               2    4[COMRAM] int 
  3604 ;;  i               1    6[COMRAM] unsigned char 
  3605 ;; Return value:  Size  Location     Type
  3606 ;;                  1    wreg      void 
  3607 ;; Registers used:
  3608 ;;		wreg, status,2, status,0, cstack
  3609 ;; Tracked objects:
  3610 ;;		On entry : 0/0
  3611 ;;		On exit  : 0/0
  3612 ;;		Unchanged: 0/0
  3613 ;; Data sizes:     COMRAM   BANK0   BANK1   BANK2   BANK3   BANK4   BANK5   BANK6   BANK7
  3614 ;;      Params:         0       0       0       0       0       0       0       0       0
  3615 ;;      Locals:         3       0       0       0       0       0       0       0       0
  3616 ;;      Temps:          0       0       0       0       0       0       0       0       0
  3617 ;;      Totals:         3       0       0       0       0       0       0       0       0
  3618 ;;Total ram usage:        3 bytes
  3619 ;; Hardware stack levels used: 1
  3620 ;; This function calls:
  3621 ;;		_OLED_Data
  3622 ;;		_OLED_SetCursor
  3623 ;; This function is called by:
  3624 ;;		_OLED_Init
  3625 ;;		_main
  3626 ;; This function uses a non-reentrant model
  3627 ;;
  3628                           
  3629                           	psect	text14
  3630   007034                     __ptext14:
  3631                           	callstack 0
  3632   007034                     _OLED_Clear:
  3633                           	callstack 29
  3634   007034                     
  3635                           ;Final_3ercorte.c: 305:     unsigned char i; int j;;Final_3ercorte.c: 306:     for(i = 0
      +                          ; i < 8; i++) {
  3636   007034  6A07               	clrf	OLED_Clear@i^0,c
  3637   007036                     l1642:
  3638                           
  3639                           ;Final_3ercorte.c: 307:         OLED_SetCursor(i, 0);
  3640   007036  0E00               	movlw	0
  3641   007038  6E03               	movwf	OLED_SetCursor@c^0,c
  3642   00703A  5007               	movf	OLED_Clear@i^0,w,c
  3643   00703C  EC52  F037         	call	_OLED_SetCursor
  3644   007040                     
  3645                           ;Final_3ercorte.c: 308:         for(j = 0; j < 128; j++) OLED_Data(0x00);
  3646   007040  6A06               	clrf	(OLED_Clear@j+1)^0,c
  3647   007042  0E00               	movlw	0
  3648   007044  6E05               	movwf	OLED_Clear@j^0,c
  3649   007046                     l1650:
  3650   007046  0E00               	movlw	0
  3651   007048  EC34  F037         	call	_OLED_Data
  3652   00704C  4A05               	infsnz	OLED_Clear@j^0,f,c
  3653   00704E  2A06               	incf	(OLED_Clear@j+1)^0,f,c
  3654   007050  BE06               	btfsc	(OLED_Clear@j+1)^0,7,c
  3655   007052  EF34  F038         	goto	u581
  3656   007056  5006               	movf	(OLED_Clear@j+1)^0,w,c
  3657   007058  E109               	bnz	u580
  3658   00705A  0E80               	movlw	128
  3659   00705C  5C05               	subwf	OLED_Clear@j^0,w,c
  3660   00705E  A0D8               	btfss	status,0,c
  3661   007060  EF34  F038         	goto	u581
  3662   007064  EF36  F038         	goto	u580
  3663   007068                     u581:
  3664   007068  EF23  F038         	goto	l1650
  3665   00706C                     u580:
  3666   00706C                     
  3667                           ;Final_3ercorte.c: 309:     }
  3668   00706C  2A07               	incf	OLED_Clear@i^0,f,c
  3669   00706E  0E07               	movlw	7
  3670   007070  6407               	cpfsgt	OLED_Clear@i^0,c
  3671   007072  EF3D  F038         	goto	u591
  3672   007076  EF3F  F038         	goto	u590
  3673   00707A                     u591:
  3674   00707A  EF1B  F038         	goto	l1642
  3675   00707E                     u590:
  3676   00707E  0012               	return		;funcret
  3677   007080                     __end_of_OLED_Clear:
  3678                           	callstack 0
  3679                           
  3680 ;; *************** function _OLED_SetCursor *****************
  3681 ;; Defined at:
  3682 ;;		line 286 in file "Final_3ercorte.c"
  3683 ;; Parameters:    Size  Location     Type
  3684 ;;  p               1    wreg     unsigned char 
  3685 ;;  c               1    2[COMRAM] unsigned char 
  3686 ;; Auto vars:     Size  Location     Type
  3687 ;;  p               1    3[COMRAM] unsigned char 
  3688 ;; Return value:  Size  Location     Type
  3689 ;;                  1    wreg      void 
  3690 ;; Registers used:
  3691 ;;		wreg, status,2, status,0, cstack
  3692 ;; Tracked objects:
  3693 ;;		On entry : 0/0
  3694 ;;		On exit  : 0/0
  3695 ;;		Unchanged: 0/0
  3696 ;; Data sizes:     COMRAM   BANK0   BANK1   BANK2   BANK3   BANK4   BANK5   BANK6   BANK7
  3697 ;;      Params:         1       0       0       0       0       0       0       0       0
  3698 ;;      Locals:         1       0       0       0       0       0       0       0       0
  3699 ;;      Temps:          0       0       0       0       0       0       0       0       0
  3700 ;;      Totals:         2       0       0       0       0       0       0       0       0
  3701 ;;Total ram usage:        2 bytes
  3702 ;; Hardware stack levels used: 1
  3703 ;; This function calls:
  3704 ;;		_OLED_Cmd
  3705 ;; This function is called by:
  3706 ;;		_OLED_Clear
  3707 ;;		_main
  3708 ;; This function uses a non-reentrant model
  3709 ;;
  3710                           
  3711                           	psect	text15
  3712   006EA4                     __ptext15:
  3713                           	callstack 0
  3714   006EA4                     _OLED_SetCursor:
  3715                           	callstack 28
  3716                           
  3717                           ;incstack = 0
  3718                           ;OLED_SetCursor@p stored from wreg
  3719   006EA4  6E04               	movwf	OLED_SetCursor@p^0,c
  3720   006EA6  5004               	movf	OLED_SetCursor@p^0,w,c
  3721   006EA8  0FB0               	addlw	176
  3722   006EAA  EC43  F037         	call	_OLED_Cmd
  3723   006EAE  5003               	movf	OLED_SetCursor@c^0,w,c
  3724   006EB0  0B0F               	andlw	15
  3725   006EB2  EC43  F037         	call	_OLED_Cmd
  3726   006EB6  3803               	swapf	OLED_SetCursor@c^0,w,c
  3727   006EB8  0B0F               	andlw	15
  3728   006EBA  0910               	iorlw	16
  3729   006EBC  EC43  F037         	call	_OLED_Cmd
  3730   006EC0  0012               	return		;funcret
  3731   006EC2                     __end_of_OLED_SetCursor:
  3732                           	callstack 0
  3733                           
  3734 ;; *************** function _OLED_Cmd *****************
  3735 ;; Defined at:
  3736 ;;		line 284 in file "Final_3ercorte.c"
  3737 ;; Parameters:    Size  Location     Type
  3738 ;;  c               1    wreg     unsigned char 
  3739 ;; Auto vars:     Size  Location     Type
  3740 ;;  c               1    1[COMRAM] unsigned char 
  3741 ;; Return value:  Size  Location     Type
  3742 ;;                  1    wreg      void 
  3743 ;; Registers used:
  3744 ;;		wreg, status,2, cstack
  3745 ;; Tracked objects:
  3746 ;;		On entry : 0/0
  3747 ;;		On exit  : 0/0
  3748 ;;		Unchanged: 0/0
  3749 ;; Data sizes:     COMRAM   BANK0   BANK1   BANK2   BANK3   BANK4   BANK5   BANK6   BANK7
  3750 ;;      Params:         0       0       0       0       0       0       0       0       0
  3751 ;;      Locals:         1       0       0       0       0       0       0       0       0
  3752 ;;      Temps:          0       0       0       0       0       0       0       0       0
  3753 ;;      Totals:         1       0       0       0       0       0       0       0       0
  3754 ;;Total ram usage:        1 bytes
  3755 ;; Hardware stack levels used: 1
  3756 ;; This function calls:
  3757 ;;		_I2C_Start
  3758 ;;		_I2C_Stop
  3759 ;;		_I2C_Write
  3760 ;; This function is called by:
  3761 ;;		_OLED_SetCursor
  3762 ;;		_OLED_Init
  3763 ;; This function uses a non-reentrant model
  3764 ;;
  3765                           
  3766                           	psect	text16
  3767   006E86                     __ptext16:
  3768                           	callstack 0
  3769   006E86                     _OLED_Cmd:
  3770                           	callstack 27
  3771                           
  3772                           ;incstack = 0
  3773                           ;OLED_Cmd@c stored from wreg
  3774   006E86  6E02               	movwf	OLED_Cmd@c^0,c
  3775   006E88  ECF9  F036         	call	_I2C_Start	;wreg free
  3776   006E8C  0E78               	movlw	120
  3777   006E8E  EC16  F037         	call	_I2C_Write
  3778   006E92  0E00               	movlw	0
  3779   006E94  EC16  F037         	call	_I2C_Write
  3780   006E98  5002               	movf	OLED_Cmd@c^0,w,c
  3781   006E9A  EC16  F037         	call	_I2C_Write
  3782   006E9E  EC02  F037         	call	_I2C_Stop	;wreg free
  3783   006EA2  0012               	return		;funcret
  3784   006EA4                     __end_of_OLED_Cmd:
  3785                           	callstack 0
  3786                           
  3787 ;; *************** function _OLED_Data *****************
  3788 ;; Defined at:
  3789 ;;		line 285 in file "Final_3ercorte.c"
  3790 ;; Parameters:    Size  Location     Type
  3791 ;;  d               1    wreg     unsigned char 
  3792 ;; Auto vars:     Size  Location     Type
  3793 ;;  d               1    1[COMRAM] unsigned char 
  3794 ;; Return value:  Size  Location     Type
  3795 ;;                  1    wreg      void 
  3796 ;; Registers used:
  3797 ;;		wreg, status,2, cstack
  3798 ;; Tracked objects:
  3799 ;;		On entry : 0/0
  3800 ;;		On exit  : 0/0
  3801 ;;		Unchanged: 0/0
  3802 ;; Data sizes:     COMRAM   BANK0   BANK1   BANK2   BANK3   BANK4   BANK5   BANK6   BANK7
  3803 ;;      Params:         0       0       0       0       0       0       0       0       0
  3804 ;;      Locals:         1       0       0       0       0       0       0       0       0
  3805 ;;      Temps:          0       0       0       0       0       0       0       0       0
  3806 ;;      Totals:         1       0       0       0       0       0       0       0       0
  3807 ;;Total ram usage:        1 bytes
  3808 ;; Hardware stack levels used: 1
  3809 ;; This function calls:
  3810 ;;		_I2C_Start
  3811 ;;		_I2C_Stop
  3812 ;;		_I2C_Write
  3813 ;; This function is called by:
  3814 ;;		_OLED_Char
  3815 ;;		_OLED_Clear
  3816 ;; This function uses a non-reentrant model
  3817 ;;
  3818                           
  3819                           	psect	text17
  3820   006E68                     __ptext17:
  3821                           	callstack 0
  3822   006E68                     _OLED_Data:
  3823                           	callstack 28
  3824                           
  3825                           ;incstack = 0
  3826                           ;OLED_Data@d stored from wreg
  3827   006E68  6E02               	movwf	OLED_Data@d^0,c
  3828   006E6A  ECF9  F036         	call	_I2C_Start	;wreg free
  3829   006E6E  0E78               	movlw	120
  3830   006E70  EC16  F037         	call	_I2C_Write
  3831   006E74  0E40               	movlw	64
  3832   006E76  EC16  F037         	call	_I2C_Write
  3833   006E7A  5002               	movf	OLED_Data@d^0,w,c
  3834   006E7C  EC16  F037         	call	_I2C_Write
  3835   006E80  EC02  F037         	call	_I2C_Stop	;wreg free
  3836   006E84  0012               	return		;funcret
  3837   006E86                     __end_of_OLED_Data:
  3838                           	callstack 0
  3839                           
  3840 ;; *************** function _MAX30102_Init *****************
  3841 ;; Defined at:
  3842 ;;		line 187 in file "Final_3ercorte.c"
  3843 ;; Parameters:    Size  Location     Type
  3844 ;;		None
  3845 ;; Auto vars:     Size  Location     Type
  3846 ;;		None
  3847 ;; Return value:  Size  Location     Type
  3848 ;;                  1    wreg      void 
  3849 ;; Registers used:
  3850 ;;		wreg, status,2, cstack
  3851 ;; Tracked objects:
  3852 ;;		On entry : 0/0
  3853 ;;		On exit  : 0/0
  3854 ;;		Unchanged: 0/0
  3855 ;; Data sizes:     COMRAM   BANK0   BANK1   BANK2   BANK3   BANK4   BANK5   BANK6   BANK7
  3856 ;;      Params:         0       0       0       0       0       0       0       0       0
  3857 ;;      Locals:         0       0       0       0       0       0       0       0       0
  3858 ;;      Temps:          1       0       0       0       0       0       0       0       0
  3859 ;;      Totals:         1       0       0       0       0       0       0       0       0
  3860 ;;Total ram usage:        1 bytes
  3861 ;; Hardware stack levels used: 1
  3862 ;; Hardware stack levels required when called: 2
  3863 ;; This function calls:
  3864 ;;		_MAX30102_WriteReg
  3865 ;; This function is called by:
  3866 ;;		_main
  3867 ;; This function uses a non-reentrant model
  3868 ;;
  3869                           
  3870                           	psect	text18
  3871   006FE8                     __ptext18:
  3872                           	callstack 0
  3873   006FE8                     _MAX30102_Init:
  3874                           	callstack 28
  3875   006FE8                     
  3876                           ;Final_3ercorte.c: 188:     MAX30102_WriteReg(0x09, 0x40);
  3877   006FE8  0E40               	movlw	64
  3878   006FEA  6E02               	movwf	MAX30102_WriteReg@val^0,c
  3879   006FEC  0E09               	movlw	9
  3880   006FEE  EC25  F037         	call	_MAX30102_WriteReg
  3881   006FF2                     
  3882                           ;Final_3ercorte.c: 189:     _delay((unsigned long)((50)*(8000000/4000.0)));
  3883   006FF2  0E82               	movlw	130
  3884   006FF4  6E04               	movwf	??_MAX30102_Init^0,c
  3885   006FF6  0EDE               	movlw	222
  3886   006FF8                     u1067:
  3887   006FF8  2EE8               	decfsz	wreg,f,c
  3888   006FFA  D7FE               	bra	u1067
  3889   006FFC  2E04               	decfsz	??_MAX30102_Init^0,f,c
  3890   006FFE  D7FC               	bra	u1067
  3891   007000                     
  3892                           ;Final_3ercorte.c: 190:     MAX30102_WriteReg(0x09, 0x02);
  3893   007000  0E02               	movlw	2
  3894   007002  6E02               	movwf	MAX30102_WriteReg@val^0,c
  3895   007004  0E09               	movlw	9
  3896   007006  EC25  F037         	call	_MAX30102_WriteReg
  3897   00700A                     
  3898                           ;Final_3ercorte.c: 191:     MAX30102_WriteReg(0x0A, 0x27);
  3899   00700A  0E27               	movlw	39
  3900   00700C  6E02               	movwf	MAX30102_WriteReg@val^0,c
  3901   00700E  0E0A               	movlw	10
  3902   007010  EC25  F037         	call	_MAX30102_WriteReg
  3903   007014                     
  3904                           ;Final_3ercorte.c: 192:     MAX30102_WriteReg(0x0C, 0x24);
  3905   007014  0E24               	movlw	36
  3906   007016  6E02               	movwf	MAX30102_WriteReg@val^0,c
  3907   007018  0E0C               	movlw	12
  3908   00701A  EC25  F037         	call	_MAX30102_WriteReg
  3909   00701E                     
  3910                           ;Final_3ercorte.c: 193:     MAX30102_WriteReg(0x04, 0x00);
  3911   00701E  0E00               	movlw	0
  3912   007020  6E02               	movwf	MAX30102_WriteReg@val^0,c
  3913   007022  0E04               	movlw	4
  3914   007024  EC25  F037         	call	_MAX30102_WriteReg
  3915   007028                     
  3916                           ;Final_3ercorte.c: 194:     MAX30102_WriteReg(0x06, 0x00);
  3917   007028  0E00               	movlw	0
  3918   00702A  6E02               	movwf	MAX30102_WriteReg@val^0,c
  3919   00702C  0E06               	movlw	6
  3920   00702E  EC25  F037         	call	_MAX30102_WriteReg
  3921   007032  0012               	return		;funcret
  3922   007034                     __end_of_MAX30102_Init:
  3923                           	callstack 0
  3924                           
  3925 ;; *************** function _MAX30102_WriteReg *****************
  3926 ;; Defined at:
  3927 ;;		line 176 in file "Final_3ercorte.c"
  3928 ;; Parameters:    Size  Location     Type
  3929 ;;  reg             1    wreg     unsigned char 
  3930 ;;  val             1    1[COMRAM] unsigned char 
  3931 ;; Auto vars:     Size  Location     Type
  3932 ;;  reg             1    2[COMRAM] unsigned char 
  3933 ;; Return value:  Size  Location     Type
  3934 ;;                  1    wreg      void 
  3935 ;; Registers used:
  3936 ;;		wreg, status,2, cstack
  3937 ;; Tracked objects:
  3938 ;;		On entry : 0/0
  3939 ;;		On exit  : 0/0
  3940 ;;		Unchanged: 0/0
  3941 ;; Data sizes:     COMRAM   BANK0   BANK1   BANK2   BANK3   BANK4   BANK5   BANK6   BANK7
  3942 ;;      Params:         1       0       0       0       0       0       0       0       0
  3943 ;;      Locals:         1       0       0       0       0       0       0       0       0
  3944 ;;      Temps:          0       0       0       0       0       0       0       0       0
  3945 ;;      Totals:         2       0       0       0       0       0       0       0       0
  3946 ;;Total ram usage:        2 bytes
  3947 ;; Hardware stack levels used: 1
  3948 ;; Hardware stack levels required when called: 1
  3949 ;; This function calls:
  3950 ;;		_I2C_Start
  3951 ;;		_I2C_Stop
  3952 ;;		_I2C_Write
  3953 ;; This function is called by:
  3954 ;;		_MAX30102_Init
  3955 ;; This function uses a non-reentrant model
  3956 ;;
  3957                           
  3958                           	psect	text19
  3959   006E4A                     __ptext19:
  3960                           	callstack 0
  3961   006E4A                     _MAX30102_WriteReg:
  3962                           	callstack 28
  3963                           
  3964                           ;incstack = 0
  3965                           ;MAX30102_WriteReg@reg stored from wreg
  3966   006E4A  6E03               	movwf	MAX30102_WriteReg@reg^0,c
  3967   006E4C                     
  3968                           ;Final_3ercorte.c: 177:     I2C_Start();
  3969   006E4C  ECF9  F036         	call	_I2C_Start	;wreg free
  3970   006E50                     
  3971                           ;Final_3ercorte.c: 178:     I2C_Write(0xAE);
  3972   006E50  0EAE               	movlw	174
  3973   006E52  EC16  F037         	call	_I2C_Write
  3974   006E56                     
  3975                           ;Final_3ercorte.c: 179:     I2C_Write(reg);
  3976   006E56  5003               	movf	MAX30102_WriteReg@reg^0,w,c
  3977   006E58  EC16  F037         	call	_I2C_Write
  3978   006E5C                     
  3979                           ;Final_3ercorte.c: 180:     I2C_Write(val);
  3980   006E5C  5002               	movf	MAX30102_WriteReg@val^0,w,c
  3981   006E5E  EC16  F037         	call	_I2C_Write
  3982   006E62                     
  3983                           ;Final_3ercorte.c: 181:     I2C_Stop();
  3984   006E62  EC02  F037         	call	_I2C_Stop	;wreg free
  3985   006E66  0012               	return		;funcret
  3986   006E68                     __end_of_MAX30102_WriteReg:
  3987                           	callstack 0
  3988                           
  3989 ;; *************** function _MAX30102_GetRawData *****************
  3990 ;; Defined at:
  3991 ;;		line 201 in file "Final_3ercorte.c"
  3992 ;; Parameters:    Size  Location     Type
  3993 ;;		None
  3994 ;; Auto vars:     Size  Location     Type
  3995 ;;  l               1   25[COMRAM] unsigned char 
  3996 ;;  h               1   24[COMRAM] unsigned char 
  3997 ;;  m               1   23[COMRAM] unsigned char 
  3998 ;; Return value:  Size  Location     Type
  3999 ;;                  4    3[COMRAM] unsigned long 
  4000 ;; Registers used:
  4001 ;;		wreg, status,2, status,0, cstack
  4002 ;; Tracked objects:
  4003 ;;		On entry : 0/0
  4004 ;;		On exit  : 0/0
  4005 ;;		Unchanged: 0/0
  4006 ;; Data sizes:     COMRAM   BANK0   BANK1   BANK2   BANK3   BANK4   BANK5   BANK6   BANK7
  4007 ;;      Params:         4       0       0       0       0       0       0       0       0
  4008 ;;      Locals:         3       0       0       0       0       0       0       0       0
  4009 ;;      Temps:         16       0       0       0       0       0       0       0       0
  4010 ;;      Totals:        23       0       0       0       0       0       0       0       0
  4011 ;;Total ram usage:       23 bytes
  4012 ;; Hardware stack levels used: 1
  4013 ;; Hardware stack levels required when called: 1
  4014 ;; This function calls:
  4015 ;;		_I2C_Read
  4016 ;;		_I2C_Start
  4017 ;;		_I2C_Stop
  4018 ;;		_I2C_Write
  4019 ;; This function is called by:
  4020 ;;		_main
  4021 ;; This function uses a non-reentrant model
  4022 ;;
  4023                           
  4024                           	psect	text20
  4025   007554                     __ptext20:
  4026                           	callstack 0
  4027   007554                     _MAX30102_GetRawData:
  4028                           	callstack 29
  4029   007554                     
  4030                           ;Final_3ercorte.c: 202:     unsigned char m, h, l;;Final_3ercorte.c: 203:     I2C_Start(
      +                          ); I2C_Write(0xAE); I2C_Write(0x07); I2C_Stop();
  4031   007554  ECF9  F036         	call	_I2C_Start	;wreg free
  4032   007558  0EAE               	movlw	174
  4033   00755A  EC16  F037         	call	_I2C_Write
  4034   00755E  0E07               	movlw	7
  4035   007560  EC16  F037         	call	_I2C_Write
  4036   007564  EC02  F037         	call	_I2C_Stop	;wreg free
  4037                           
  4038                           ;Final_3ercorte.c: 204:     I2C_Start(); I2C_Write(0xAE | 0x01);
  4039   007568  ECF9  F036         	call	_I2C_Start	;wreg free
  4040   00756C  0EAF               	movlw	175
  4041   00756E  EC16  F037         	call	_I2C_Write
  4042   007572                     
  4043                           ;Final_3ercorte.c: 205:     m = I2C_Read(1); h = I2C_Read(1); l = I2C_Read(0);
  4044   007572  0E01               	movlw	1
  4045   007574  EC40  F038         	call	_I2C_Read
  4046   007578  6E18               	movwf	MAX30102_GetRawData@m^0,c
  4047   00757A  0E01               	movlw	1
  4048   00757C  EC40  F038         	call	_I2C_Read
  4049   007580  6E19               	movwf	MAX30102_GetRawData@h^0,c
  4050   007582  0E00               	movlw	0
  4051   007584  EC40  F038         	call	_I2C_Read
  4052   007588  6E1A               	movwf	MAX30102_GetRawData@l^0,c
  4053   00758A                     
  4054                           ;Final_3ercorte.c: 206:     I2C_Stop();
  4055   00758A  EC02  F037         	call	_I2C_Stop	;wreg free
  4056   00758E                     
  4057                           ;Final_3ercorte.c: 207:     return ((unsigned long)m << 16 | (unsigned long)h << 8 | l) 
      +                          & 0x03FFFF;
  4058   00758E  C019  F008         	movff	MAX30102_GetRawData@h,??_MAX30102_GetRawData
  4059   007592  6A09               	clrf	(??_MAX30102_GetRawData+1)^0,c
  4060   007594  6A0A               	clrf	(??_MAX30102_GetRawData+2)^0,c
  4061   007596  6A0B               	clrf	(??_MAX30102_GetRawData+3)^0,c
  4062   007598  C00A  F00B         	movff	??_MAX30102_GetRawData+2,??_MAX30102_GetRawData+3
  4063   00759C  C009  F00A         	movff	??_MAX30102_GetRawData+1,??_MAX30102_GetRawData+2
  4064   0075A0  C008  F009         	movff	??_MAX30102_GetRawData,??_MAX30102_GetRawData+1
  4065   0075A4  6A08               	clrf	??_MAX30102_GetRawData^0,c
  4066   0075A6  C018  F00C         	movff	MAX30102_GetRawData@m,??_MAX30102_GetRawData+4
  4067   0075AA  6A0D               	clrf	(??_MAX30102_GetRawData+5)^0,c
  4068   0075AC  6A0E               	clrf	(??_MAX30102_GetRawData+6)^0,c
  4069   0075AE  6A0F               	clrf	(??_MAX30102_GetRawData+7)^0,c
  4070   0075B0  C00D  F00F         	movff	??_MAX30102_GetRawData+5,??_MAX30102_GetRawData+7
  4071   0075B4  C00C  F00E         	movff	??_MAX30102_GetRawData+4,??_MAX30102_GetRawData+6
  4072   0075B8  6A0D               	clrf	(??_MAX30102_GetRawData+5)^0,c
  4073   0075BA  6A0C               	clrf	(??_MAX30102_GetRawData+4)^0,c
  4074   0075BC  5008               	movf	??_MAX30102_GetRawData^0,w,c
  4075   0075BE  100C               	iorwf	(??_MAX30102_GetRawData+4)^0,w,c
  4076   0075C0  6E10               	movwf	(??_MAX30102_GetRawData+8)^0,c
  4077   0075C2  5009               	movf	(??_MAX30102_GetRawData+1)^0,w,c
  4078   0075C4  100D               	iorwf	(??_MAX30102_GetRawData+5)^0,w,c
  4079   0075C6  6E11               	movwf	(??_MAX30102_GetRawData+9)^0,c
  4080   0075C8  500A               	movf	(??_MAX30102_GetRawData+2)^0,w,c
  4081   0075CA  100E               	iorwf	(??_MAX30102_GetRawData+6)^0,w,c
  4082   0075CC  6E12               	movwf	(??_MAX30102_GetRawData+10)^0,c
  4083   0075CE  500B               	movf	(??_MAX30102_GetRawData+3)^0,w,c
  4084   0075D0  100F               	iorwf	(??_MAX30102_GetRawData+7)^0,w,c
  4085   0075D2  6E13               	movwf	(??_MAX30102_GetRawData+11)^0,c
  4086   0075D4  501A               	movf	MAX30102_GetRawData@l^0,w,c
  4087   0075D6  1010               	iorwf	(??_MAX30102_GetRawData+8)^0,w,c
  4088   0075D8  6E14               	movwf	(??_MAX30102_GetRawData+12)^0,c
  4089   0075DA  5011               	movf	(??_MAX30102_GetRawData+9)^0,w,c
  4090   0075DC  6E15               	movwf	(??_MAX30102_GetRawData+13)^0,c
  4091   0075DE  5012               	movf	(??_MAX30102_GetRawData+10)^0,w,c
  4092   0075E0  6E16               	movwf	(??_MAX30102_GetRawData+14)^0,c
  4093   0075E2  5013               	movf	(??_MAX30102_GetRawData+11)^0,w,c
  4094   0075E4  6E17               	movwf	(??_MAX30102_GetRawData+15)^0,c
  4095   0075E6  0EFF               	movlw	255
  4096   0075E8  1414               	andwf	(??_MAX30102_GetRawData+12)^0,w,c
  4097   0075EA  6E04               	movwf	?_MAX30102_GetRawData^0,c
  4098   0075EC  0EFF               	movlw	255
  4099   0075EE  1415               	andwf	(??_MAX30102_GetRawData+13)^0,w,c
  4100   0075F0  6E05               	movwf	(?_MAX30102_GetRawData+1)^0,c
  4101   0075F2  0E03               	movlw	3
  4102   0075F4  1416               	andwf	(??_MAX30102_GetRawData+14)^0,w,c
  4103   0075F6  6E06               	movwf	(?_MAX30102_GetRawData+2)^0,c
  4104   0075F8  0E00               	movlw	0
  4105   0075FA  1417               	andwf	(??_MAX30102_GetRawData+15)^0,w,c
  4106   0075FC  6E07               	movwf	(?_MAX30102_GetRawData+3)^0,c
  4107   0075FE  0012               	return		;funcret
  4108   007600                     __end_of_MAX30102_GetRawData:
  4109                           	callstack 0
  4110                           
  4111 ;; *************** function _I2C_Write *****************
  4112 ;; Defined at:
  4113 ;;		line 155 in file "Final_3ercorte.c"
  4114 ;; Parameters:    Size  Location     Type
  4115 ;;  d               1    wreg     unsigned char 
  4116 ;; Auto vars:     Size  Location     Type
  4117 ;;  d               1    0[COMRAM] unsigned char 
  4118 ;; Return value:  Size  Location     Type
  4119 ;;                  1    wreg      void 
  4120 ;; Registers used:
  4121 ;;		wreg, status,2, cstack
  4122 ;; Tracked objects:
  4123 ;;		On entry : 0/0
  4124 ;;		On exit  : 0/0
  4125 ;;		Unchanged: 0/0
  4126 ;; Data sizes:     COMRAM   BANK0   BANK1   BANK2   BANK3   BANK4   BANK5   BANK6   BANK7
  4127 ;;      Params:         0       0       0       0       0       0       0       0       0
  4128 ;;      Locals:         1       0       0       0       0       0       0       0       0
  4129 ;;      Temps:          0       0       0       0       0       0       0       0       0
  4130 ;;      Totals:         1       0       0       0       0       0       0       0       0
  4131 ;;Total ram usage:        1 bytes
  4132 ;; Hardware stack levels used: 1
  4133 ;; This function calls:
  4134 ;;		Nothing
  4135 ;; This function is called by:
  4136 ;;		_MAX30102_WriteReg
  4137 ;;		_MAX30102_GetRawData
  4138 ;;		_OLED_Cmd
  4139 ;;		_OLED_Data
  4140 ;; This function uses a non-reentrant model
  4141 ;;
  4142                           
  4143                           	psect	text21
  4144   006E2C                     __ptext21:
  4145                           	callstack 0
  4146   006E2C                     _I2C_Write:
  4147                           	callstack 26
  4148                           
  4149                           ;incstack = 0
  4150                           ;I2C_Write@d stored from wreg
  4151   006E2C  6E01               	movwf	I2C_Write@d^0,c
  4152   006E2E                     
  4153                           ;Final_3ercorte.c: 156:     SSPBUF = d;
  4154   006E2E  C001  FFC9         	movff	I2C_Write@d,4041	;volatile
  4155   006E32                     l56:
  4156   006E32  B0C7               	btfsc	199,0,c	;volatile
  4157   006E34  EF1E  F037         	goto	u31
  4158   006E38  EF20  F037         	goto	u30
  4159   006E3C                     u31:
  4160   006E3C  EF19  F037         	goto	l56
  4161   006E40                     u30:
  4162   006E40                     
  4163                           ;Final_3ercorte.c: 158:     _delay((unsigned long)((5)*(8000000/4000000.0)));
  4164   006E40  0E03               	movlw	3
  4165   006E42                     u1077:
  4166   006E42  2EE8               	decfsz	wreg,f,c
  4167   006E44  D7FE               	bra	u1077
  4168   006E46  0000               	nop	
  4169   006E48  0012               	return		;funcret
  4170   006E4A                     __end_of_I2C_Write:
  4171                           	callstack 0
  4172                           
  4173 ;; *************** function _I2C_Stop *****************
  4174 ;; Defined at:
  4175 ;;		line 153 in file "Final_3ercorte.c"
  4176 ;; Parameters:    Size  Location     Type
  4177 ;;		None
  4178 ;; Auto vars:     Size  Location     Type
  4179 ;;		None
  4180 ;; Return value:  Size  Location     Type
  4181 ;;                  1    wreg      void 
  4182 ;; Registers used:
  4183 ;;		None
  4184 ;; Tracked objects:
  4185 ;;		On entry : 0/0
  4186 ;;		On exit  : 0/0
  4187 ;;		Unchanged: 0/0
  4188 ;; Data sizes:     COMRAM   BANK0   BANK1   BANK2   BANK3   BANK4   BANK5   BANK6   BANK7
  4189 ;;      Params:         0       0       0       0       0       0       0       0       0
  4190 ;;      Locals:         0       0       0       0       0       0       0       0       0
  4191 ;;      Temps:          0       0       0       0       0       0       0       0       0
  4192 ;;      Totals:         0       0       0       0       0       0       0       0       0
  4193 ;;Total ram usage:        0 bytes
  4194 ;; Hardware stack levels used: 1
  4195 ;; This function calls:
  4196 ;;		Nothing
  4197 ;; This function is called by:
  4198 ;;		_MAX30102_WriteReg
  4199 ;;		_MAX30102_GetRawData
  4200 ;;		_OLED_Cmd
  4201 ;;		_OLED_Data
  4202 ;; This function uses a non-reentrant model
  4203 ;;
  4204                           
  4205                           	psect	text22
  4206   006E04                     __ptext22:
  4207                           	callstack 0
  4208   006E04                     _I2C_Stop:
  4209                           	callstack 26
  4210   006E04  84C5               	bsf	197,2,c	;volatile
  4211   006E06                     l50:
  4212   006E06  B4C5               	btfsc	197,2,c	;volatile
  4213   006E08  EF08  F037         	goto	u21
  4214   006E0C  EF0A  F037         	goto	u20
  4215   006E10                     u21:
  4216   006E10  EF03  F037         	goto	l50
  4217   006E14                     u20:
  4218   006E14  0012               	return		;funcret
  4219   006E16                     __end_of_I2C_Stop:
  4220                           	callstack 0
  4221                           
  4222 ;; *************** function _I2C_Start *****************
  4223 ;; Defined at:
  4224 ;;		line 152 in file "Final_3ercorte.c"
  4225 ;; Parameters:    Size  Location     Type
  4226 ;;		None
  4227 ;; Auto vars:     Size  Location     Type
  4228 ;;		None
  4229 ;; Return value:  Size  Location     Type
  4230 ;;                  1    wreg      void 
  4231 ;; Registers used:
  4232 ;;		None
  4233 ;; Tracked objects:
  4234 ;;		On entry : 0/0
  4235 ;;		On exit  : 0/0
  4236 ;;		Unchanged: 0/0
  4237 ;; Data sizes:     COMRAM   BANK0   BANK1   BANK2   BANK3   BANK4   BANK5   BANK6   BANK7
  4238 ;;      Params:         0       0       0       0       0       0       0       0       0
  4239 ;;      Locals:         0       0       0       0       0       0       0       0       0
  4240 ;;      Temps:          0       0       0       0       0       0       0       0       0
  4241 ;;      Totals:         0       0       0       0       0       0       0       0       0
  4242 ;;Total ram usage:        0 bytes
  4243 ;; Hardware stack levels used: 1
  4244 ;; This function calls:
  4245 ;;		Nothing
  4246 ;; This function is called by:
  4247 ;;		_MAX30102_WriteReg
  4248 ;;		_MAX30102_GetRawData
  4249 ;;		_OLED_Cmd
  4250 ;;		_OLED_Data
  4251 ;; This function uses a non-reentrant model
  4252 ;;
  4253                           
  4254                           	psect	text23
  4255   006DF2                     __ptext23:
  4256                           	callstack 0
  4257   006DF2                     _I2C_Start:
  4258                           	callstack 26
  4259   006DF2  80C5               	bsf	197,0,c	;volatile
  4260   006DF4                     l44:
  4261   006DF4  B0C5               	btfsc	197,0,c	;volatile
  4262   006DF6  EFFF  F036         	goto	u11
  4263   006DFA  EF01  F037         	goto	u10
  4264   006DFE                     u11:
  4265   006DFE  EFFA  F036         	goto	l44
  4266   006E02                     u10:
  4267   006E02  0012               	return		;funcret
  4268   006E04                     __end_of_I2C_Start:
  4269                           	callstack 0
  4270                           
  4271 ;; *************** function _I2C_Read *****************
  4272 ;; Defined at:
  4273 ;;		line 161 in file "Final_3ercorte.c"
  4274 ;; Parameters:    Size  Location     Type
  4275 ;;  ack             1    wreg     unsigned char 
  4276 ;; Auto vars:     Size  Location     Type
  4277 ;;  ack             1    1[COMRAM] unsigned char 
  4278 ;;  t               1    2[COMRAM] unsigned char 
  4279 ;; Return value:  Size  Location     Type
  4280 ;;                  1    wreg      unsigned char 
  4281 ;; Registers used:
  4282 ;;		wreg, status,2, status,0
  4283 ;; Tracked objects:
  4284 ;;		On entry : 0/0
  4285 ;;		On exit  : 0/0
  4286 ;;		Unchanged: 0/0
  4287 ;; Data sizes:     COMRAM   BANK0   BANK1   BANK2   BANK3   BANK4   BANK5   BANK6   BANK7
  4288 ;;      Params:         0       0       0       0       0       0       0       0       0
  4289 ;;      Locals:         2       0       0       0       0       0       0       0       0
  4290 ;;      Temps:          1       0       0       0       0       0       0       0       0
  4291 ;;      Totals:         3       0       0       0       0       0       0       0       0
  4292 ;;Total ram usage:        3 bytes
  4293 ;; Hardware stack levels used: 1
  4294 ;; This function calls:
  4295 ;;		Nothing
  4296 ;; This function is called by:
  4297 ;;		_MAX30102_GetRawData
  4298 ;; This function uses a non-reentrant model
  4299 ;;
  4300                           
  4301                           	psect	text24
  4302   007080                     __ptext24:
  4303                           	callstack 0
  4304   007080                     _I2C_Read:
  4305                           	callstack 29
  4306                           
  4307                           ;incstack = 0
  4308                           ;I2C_Read@ack stored from wreg
  4309   007080  6E02               	movwf	I2C_Read@ack^0,c
  4310   007082                     
  4311                           ;Final_3ercorte.c: 162:     unsigned char t;;Final_3ercorte.c: 163:     SSPCON2bits.RCEN
      +                           = 1;
  4312   007082  86C5               	bsf	197,3,c	;volatile
  4313   007084                     l62:
  4314   007084  A0C7               	btfss	199,0,c	;volatile
  4315   007086  EF47  F038         	goto	u51
  4316   00708A  EF49  F038         	goto	u50
  4317   00708E                     u51:
  4318   00708E  EF42  F038         	goto	l62
  4319   007092                     u50:
  4320   007092                     
  4321                           ;Final_3ercorte.c: 165:     t = SSPBUF;
  4322   007092  CFC9 F003          	movff	4041,I2C_Read@t	;volatile
  4323   007096                     
  4324                           ;Final_3ercorte.c: 166:     SSPCON2bits.ACKDT = ack ? 0 : 1;
  4325   007096  5002               	movf	I2C_Read@ack^0,w,c
  4326   007098  B4D8               	btfsc	status,2,c
  4327   00709A  EF51  F038         	goto	u61
  4328   00709E  EF55  F038         	goto	u60
  4329   0070A2                     u61:
  4330   0070A2  6A01               	clrf	??_I2C_Read^0,c
  4331   0070A4  2A01               	incf	??_I2C_Read^0,f,c
  4332   0070A6  EF56  F038         	goto	u78
  4333   0070AA                     u60:
  4334   0070AA  6A01               	clrf	??_I2C_Read^0,c
  4335   0070AC                     u78:
  4336   0070AC  3A01               	swapf	??_I2C_Read^0,f,c
  4337   0070AE  4601               	rlncf	??_I2C_Read^0,f,c
  4338   0070B0  50C5               	movf	197,w,c	;volatile
  4339   0070B2  1801               	xorwf	??_I2C_Read^0,w,c
  4340   0070B4  0BDF               	andlw	-33
  4341   0070B6  1801               	xorwf	??_I2C_Read^0,w,c
  4342   0070B8  6EC5               	movwf	197,c	;volatile
  4343   0070BA                     
  4344                           ;Final_3ercorte.c: 167:     SSPCON2bits.ACKEN = 1;
  4345   0070BA  88C5               	bsf	197,4,c	;volatile
  4346   0070BC                     l65:
  4347   0070BC  B8C5               	btfsc	197,4,c	;volatile
  4348   0070BE  EF63  F038         	goto	u81
  4349   0070C2  EF65  F038         	goto	u80
  4350   0070C6                     u81:
  4351   0070C6  EF5E  F038         	goto	l65
  4352   0070CA                     u80:
  4353   0070CA                     
  4354                           ;Final_3ercorte.c: 169:     return t;
  4355   0070CA  5003               	movf	I2C_Read@t^0,w,c
  4356   0070CC  0012               	return		;funcret
  4357   0070CE                     __end_of_I2C_Read:
  4358                           	callstack 0
  4359                           
  4360 ;; *************** function _I2C_Init *****************
  4361 ;; Defined at:
  4362 ;;		line 144 in file "Final_3ercorte.c"
  4363 ;; Parameters:    Size  Location     Type
  4364 ;;		None
  4365 ;; Auto vars:     Size  Location     Type
  4366 ;;		None
  4367 ;; Return value:  Size  Location     Type
  4368 ;;                  1    wreg      void 
  4369 ;; Registers used:
  4370 ;;		wreg, status,2
  4371 ;; Tracked objects:
  4372 ;;		On entry : 0/0
  4373 ;;		On exit  : 0/0
  4374 ;;		Unchanged: 0/0
  4375 ;; Data sizes:     COMRAM   BANK0   BANK1   BANK2   BANK3   BANK4   BANK5   BANK6   BANK7
  4376 ;;      Params:         0       0       0       0       0       0       0       0       0
  4377 ;;      Locals:         0       0       0       0       0       0       0       0       0
  4378 ;;      Temps:          0       0       0       0       0       0       0       0       0
  4379 ;;      Totals:         0       0       0       0       0       0       0       0       0
  4380 ;;Total ram usage:        0 bytes
  4381 ;; Hardware stack levels used: 1
  4382 ;; This function calls:
  4383 ;;		Nothing
  4384 ;; This function is called by:
  4385 ;;		_main
  4386 ;; This function uses a non-reentrant model
  4387 ;;
  4388                           
  4389                           	psect	text25
  4390   006DE0                     __ptext25:
  4391                           	callstack 0
  4392   006DE0                     _I2C_Init:
  4393                           	callstack 30
  4394   006DE0                     
  4395                           ;Final_3ercorte.c: 145:     TRISBbits.TRISB0 = 1;
  4396   006DE0  8093               	bsf	147,0,c	;volatile
  4397                           
  4398                           ;Final_3ercorte.c: 146:     TRISBbits.TRISB1 = 1;
  4399   006DE2  8293               	bsf	147,1,c	;volatile
  4400   006DE4                     
  4401                           ;Final_3ercorte.c: 147:     SSPSTAT = 0x80;
  4402   006DE4  0E80               	movlw	128
  4403   006DE6  6EC7               	movwf	199,c	;volatile
  4404                           
  4405                           ;Final_3ercorte.c: 148:     SSPCON1 = 0x28;
  4406   006DE8  0E28               	movlw	40
  4407   006DEA  6EC6               	movwf	198,c	;volatile
  4408                           
  4409                           ;Final_3ercorte.c: 149:     SSPADD = 19;
  4410   006DEC  0E13               	movlw	19
  4411   006DEE  6EC8               	movwf	200,c	;volatile
  4412   006DF0  0012               	return		;funcret
  4413   006DF2                     __end_of_I2C_Init:
  4414                           	callstack 0
  4415                           
  4416 ;; *************** function _DS18B20_ReadTemp *****************
  4417 ;; Defined at:
  4418 ;;		line 249 in file "Final_3ercorte.c"
  4419 ;; Parameters:    Size  Location     Type
  4420 ;;		None
  4421 ;; Auto vars:     Size  Location     Type
  4422 ;;  alto            1   10[COMRAM] unsigned char 
  4423 ;;  bajo            1    9[COMRAM] unsigned char 
  4424 ;; Return value:  Size  Location     Type
  4425 ;;                  2    4[COMRAM] unsigned int 
  4426 ;; Registers used:
  4427 ;;		wreg, status,2, status,0, cstack
  4428 ;; Tracked objects:
  4429 ;;		On entry : 0/0
  4430 ;;		On exit  : 0/0
  4431 ;;		Unchanged: 0/0
  4432 ;; Data sizes:     COMRAM   BANK0   BANK1   BANK2   BANK3   BANK4   BANK5   BANK6   BANK7
  4433 ;;      Params:         2       0       0       0       0       0       0       0       0
  4434 ;;      Locals:         2       0       0       0       0       0       0       0       0
  4435 ;;      Temps:          3       0       0       0       0       0       0       0       0
  4436 ;;      Totals:         7       0       0       0       0       0       0       0       0
  4437 ;;Total ram usage:        7 bytes
  4438 ;; Hardware stack levels used: 1
  4439 ;; Hardware stack levels required when called: 1
  4440 ;; This function calls:
  4441 ;;		_DS18B20_ReadByte
  4442 ;;		_DS18B20_Reset
  4443 ;;		_DS18B20_WriteByte
  4444 ;; This function is called by:
  4445 ;;		_main
  4446 ;; This function uses a non-reentrant model
  4447 ;;
  4448                           
  4449                           	psect	text26
  4450   007190                     __ptext26:
  4451                           	callstack 0
  4452   007190                     _DS18B20_ReadTemp:
  4453                           	callstack 29
  4454   007190                     
  4455                           ;Final_3ercorte.c: 250:     unsigned char bajo, alto;;Final_3ercorte.c: 251:     DS18B20
      +                          _Reset();
  4456   007190  EC72  F037         	call	_DS18B20_Reset	;wreg free
  4457   007194                     
  4458                           ;Final_3ercorte.c: 252:     DS18B20_WriteByte(0xCC);
  4459   007194  0ECC               	movlw	204
  4460   007196  ECD6  F037         	call	_DS18B20_WriteByte
  4461   00719A                     
  4462                           ;Final_3ercorte.c: 253:     DS18B20_WriteByte(0x44);
  4463   00719A  0E44               	movlw	68
  4464   00719C  ECD6  F037         	call	_DS18B20_WriteByte
  4465   0071A0                     
  4466                           ;Final_3ercorte.c: 254:     _delay((unsigned long)((750)*(8000000/4000.0)));
  4467   0071A0  0E08               	movlw	8
  4468   0071A2  6E08               	movwf	(??_DS18B20_ReadTemp+1)^0,c
  4469   0071A4  0E9D               	movlw	157
  4470   0071A6  6E07               	movwf	??_DS18B20_ReadTemp^0,c
  4471   0071A8  0E06               	movlw	6
  4472   0071AA                     u1087:
  4473   0071AA  2EE8               	decfsz	wreg,f,c
  4474   0071AC  D7FE               	bra	u1087
  4475   0071AE  2E07               	decfsz	??_DS18B20_ReadTemp^0,f,c
  4476   0071B0  D7FC               	bra	u1087
  4477   0071B2  2E08               	decfsz	(??_DS18B20_ReadTemp+1)^0,f,c
  4478   0071B4  D7FA               	bra	u1087
  4479   0071B6                     
  4480                           ;Final_3ercorte.c: 255:     DS18B20_Reset();
  4481   0071B6  EC72  F037         	call	_DS18B20_Reset	;wreg free
  4482   0071BA                     
  4483                           ;Final_3ercorte.c: 256:     DS18B20_WriteByte(0xCC);
  4484   0071BA  0ECC               	movlw	204
  4485   0071BC  ECD6  F037         	call	_DS18B20_WriteByte
  4486   0071C0                     
  4487                           ;Final_3ercorte.c: 257:     DS18B20_WriteByte(0xBE);
  4488   0071C0  0EBE               	movlw	190
  4489   0071C2  ECD6  F037         	call	_DS18B20_WriteByte
  4490   0071C6                     
  4491                           ;Final_3ercorte.c: 258:     bajo = DS18B20_ReadByte();
  4492   0071C6  EC67  F038         	call	_DS18B20_ReadByte	;wreg free
  4493   0071CA  6E0A               	movwf	DS18B20_ReadTemp@bajo^0,c
  4494   0071CC                     
  4495                           ;Final_3ercorte.c: 259:     alto = DS18B20_ReadByte();
  4496   0071CC  EC67  F038         	call	_DS18B20_ReadByte	;wreg free
  4497   0071D0  6E0B               	movwf	DS18B20_ReadTemp@alto^0,c
  4498   0071D2                     
  4499                           ;Final_3ercorte.c: 260:     return (unsigned int)(((alto << 8) | bajo) >> 4);
  4500   0071D2  500A               	movf	DS18B20_ReadTemp@bajo^0,w,c
  4501   0071D4  C00B  F007         	movff	DS18B20_ReadTemp@alto,??_DS18B20_ReadTemp
  4502   0071D8  6A08               	clrf	(??_DS18B20_ReadTemp+1)^0,c
  4503   0071DA  C007  F008         	movff	??_DS18B20_ReadTemp,??_DS18B20_ReadTemp+1
  4504   0071DE  6A07               	clrf	??_DS18B20_ReadTemp^0,c
  4505   0071E0  1207               	iorwf	??_DS18B20_ReadTemp^0,f,c
  4506   0071E2  0E00               	movlw	0
  4507   0071E4  1208               	iorwf	(??_DS18B20_ReadTemp+1)^0,f,c
  4508   0071E6  0E04               	movlw	4
  4509   0071E8  6E09               	movwf	(??_DS18B20_ReadTemp+2)^0,c
  4510   0071EA                     u675:
  4511   0071EA  3408               	rlcf	(??_DS18B20_ReadTemp+1)^0,w,c
  4512   0071EC  3208               	rrcf	(??_DS18B20_ReadTemp+1)^0,f,c
  4513   0071EE  3207               	rrcf	??_DS18B20_ReadTemp^0,f,c
  4514   0071F0  2E09               	decfsz	(??_DS18B20_ReadTemp+2)^0,f,c
  4515   0071F2  EFF5  F038         	goto	u675
  4516   0071F6  C007  F005         	movff	??_DS18B20_ReadTemp,?_DS18B20_ReadTemp
  4517   0071FA  C008  F006         	movff	??_DS18B20_ReadTemp+1,?_DS18B20_ReadTemp+1
  4518   0071FE  0012               	return		;funcret
  4519   007200                     __end_of_DS18B20_ReadTemp:
  4520                           	callstack 0
  4521                           
  4522 ;; *************** function _DS18B20_WriteByte *****************
  4523 ;; Defined at:
  4524 ;;		line 223 in file "Final_3ercorte.c"
  4525 ;; Parameters:    Size  Location     Type
  4526 ;;  dato            1    wreg     unsigned char 
  4527 ;; Auto vars:     Size  Location     Type
  4528 ;;  dato            1    0[COMRAM] unsigned char 
  4529 ;;  i               1    1[COMRAM] unsigned char 
  4530 ;; Return value:  Size  Location     Type
  4531 ;;                  1    wreg      void 
  4532 ;; Registers used:
  4533 ;;		wreg, status,2, status,0
  4534 ;; Tracked objects:
  4535 ;;		On entry : 0/0
  4536 ;;		On exit  : 0/0
  4537 ;;		Unchanged: 0/0
  4538 ;; Data sizes:     COMRAM   BANK0   BANK1   BANK2   BANK3   BANK4   BANK5   BANK6   BANK7
  4539 ;;      Params:         0       0       0       0       0       0       0       0       0
  4540 ;;      Locals:         2       0       0       0       0       0       0       0       0
  4541 ;;      Temps:          0       0       0       0       0       0       0       0       0
  4542 ;;      Totals:         2       0       0       0       0       0       0       0       0
  4543 ;;Total ram usage:        2 bytes
  4544 ;; Hardware stack levels used: 1
  4545 ;; This function calls:
  4546 ;;		Nothing
  4547 ;; This function is called by:
  4548 ;;		_DS18B20_ReadTemp
  4549 ;; This function uses a non-reentrant model
  4550 ;;
  4551                           
  4552                           	psect	text27
  4553   006FAC                     __ptext27:
  4554                           	callstack 0
  4555   006FAC                     _DS18B20_WriteByte:
  4556                           	callstack 29
  4557                           
  4558                           ;incstack = 0
  4559                           ;DS18B20_WriteByte@dato stored from wreg
  4560   006FAC  6E01               	movwf	DS18B20_WriteByte@dato^0,c
  4561   006FAE                     
  4562                           ;Final_3ercorte.c: 224:     unsigned char i;;Final_3ercorte.c: 225:     for(i = 0; i < 8
      +                          ; i++) {
  4563   006FAE  6A02               	clrf	DS18B20_WriteByte@i^0,c
  4564   006FB0                     l84:
  4565                           
  4566                           ;Final_3ercorte.c: 226:         TRISBbits.TRISB5 = 0; PORTBbits.RB5 = 0; _delay((unsigne
      +                          d long)((2)*(8000000/4000000.0)));
  4567   006FB0  9A93               	bcf	147,5,c	;volatile
  4568   006FB2  9A81               	bcf	129,5,c	;volatile
  4569   006FB4  D000               	nop2		;2 cycle nop
  4570   006FB6  D000               	nop2		;2 cycle nop
  4571                           
  4572                           ;Final_3ercorte.c: 227:         if(dato & 0x01) TRISBbits.TRISB5 = 1;
  4573   006FB8  A001               	btfss	DS18B20_WriteByte@dato^0,0,c
  4574   006FBA  EFE1  F037         	goto	u101
  4575   006FBE  EFE3  F037         	goto	u100
  4576   006FC2                     u101:
  4577   006FC2  EFE4  F037         	goto	l1084
  4578   006FC6                     u100:
  4579   006FC6  8A93               	bsf	147,5,c	;volatile
  4580   006FC8                     l1084:
  4581                           
  4582                           ;Final_3ercorte.c: 228:         _delay((unsigned long)((60)*(8000000/4000000.0)));
  4583   006FC8  0E28               	movlw	40
  4584   006FCA                     u1097:
  4585   006FCA  2EE8               	decfsz	wreg,f,c
  4586   006FCC  D7FE               	bra	u1097
  4587   006FCE                     
  4588                           ;Final_3ercorte.c: 229:         TRISBbits.TRISB5 = 1;
  4589   006FCE  8A93               	bsf	147,5,c	;volatile
  4590   006FD0                     
  4591                           ;Final_3ercorte.c: 230:         dato >>= 1;
  4592   006FD0  90D8               	bcf	status,0,c
  4593   006FD2  3201               	rrcf	DS18B20_WriteByte@dato^0,f,c
  4594                           
  4595                           ;Final_3ercorte.c: 231:     }
  4596   006FD4  2A02               	incf	DS18B20_WriteByte@i^0,f,c
  4597   006FD6  0E07               	movlw	7
  4598   006FD8  6402               	cpfsgt	DS18B20_WriteByte@i^0,c
  4599   006FDA  EFF1  F037         	goto	u111
  4600   006FDE  EFF3  F037         	goto	u110
  4601   006FE2                     u111:
  4602   006FE2  EFD8  F037         	goto	l84
  4603   006FE6                     u110:
  4604   006FE6  0012               	return		;funcret
  4605   006FE8                     __end_of_DS18B20_WriteByte:
  4606                           	callstack 0
  4607                           
  4608 ;; *************** function _DS18B20_Reset *****************
  4609 ;; Defined at:
  4610 ;;		line 214 in file "Final_3ercorte.c"
  4611 ;; Parameters:    Size  Location     Type
  4612 ;;		None
  4613 ;; Auto vars:     Size  Location     Type
  4614 ;;  p               1    0        unsigned char 
  4615 ;; Return value:  Size  Location     Type
  4616 ;;                  1    wreg      unsigned char 
  4617 ;; Registers used:
  4618 ;;		wreg, status,2
  4619 ;; Tracked objects:
  4620 ;;		On entry : 0/0
  4621 ;;		On exit  : 0/0
  4622 ;;		Unchanged: 0/0
  4623 ;; Data sizes:     COMRAM   BANK0   BANK1   BANK2   BANK3   BANK4   BANK5   BANK6   BANK7
  4624 ;;      Params:         0       0       0       0       0       0       0       0       0
  4625 ;;      Locals:         0       0       0       0       0       0       0       0       0
  4626 ;;      Temps:          0       0       0       0       0       0       0       0       0
  4627 ;;      Totals:         0       0       0       0       0       0       0       0       0
  4628 ;;Total ram usage:        0 bytes
  4629 ;; Hardware stack levels used: 1
  4630 ;; This function calls:
  4631 ;;		Nothing
  4632 ;; This function is called by:
  4633 ;;		_DS18B20_ReadTemp
  4634 ;; This function uses a non-reentrant model
  4635 ;;
  4636                           
  4637                           	psect	text28
  4638   006EE4                     __ptext28:
  4639                           	callstack 0
  4640   006EE4                     _DS18B20_Reset:
  4641                           	callstack 29
  4642   006EE4                     
  4643                           ;Final_3ercorte.c: 216:     TRISBbits.TRISB5 = 0; PORTBbits.RB5 = 0; _delay((unsigned lo
      +                          ng)((480)*(8000000/4000000.0)));
  4644   006EE4  9A93               	bcf	147,5,c	;volatile
  4645   006EE6  9A81               	bcf	129,5,c	;volatile
  4646   006EE8  0EC0               	movlw	192
  4647   006EEA                     u1107:
  4648   006EEA  D000               	nop2	
  4649   006EEC  2EE8               	decfsz	wreg,f,c
  4650   006EEE  D7FD               	bra	u1107
  4651   006EF0                     
  4652                           ;Final_3ercorte.c: 217:     TRISBbits.TRISB5 = 1; _delay((unsigned long)((60)*(8000000/4
      +                          000000.0)));
  4653   006EF0  8A93               	bsf	147,5,c	;volatile
  4654   006EF2  0E28               	movlw	40
  4655   006EF4                     u1117:
  4656   006EF4  2EE8               	decfsz	wreg,f,c
  4657   006EF6  D7FE               	bra	u1117
  4658   006EF8                     
  4659                           ;Final_3ercorte.c: 218:     if(PORTBbits.RB5 == 0) p = 0;
  4660   006EF8  BA81               	btfsc	129,5,c	;volatile
  4661   006EFA  EF81  F037         	goto	u91
  4662   006EFE  EF83  F037         	goto	u90
  4663   006F02                     u91:
  4664   006F02  EF83  F037         	goto	l1072
  4665   006F06                     u90:
  4666   006F06                     l1072:
  4667                           
  4668                           ;Final_3ercorte.c: 219:     _delay((unsigned long)((420)*(8000000/4000000.0)));
  4669   006F06  0EA8               	movlw	168
  4670   006F08                     u1127:
  4671   006F08  D000               	nop2	
  4672   006F0A  2EE8               	decfsz	wreg,f,c
  4673   006F0C  D7FD               	bra	u1127
  4674   006F0E  0012               	return		;funcret
  4675   006F10                     __end_of_DS18B20_Reset:
  4676                           	callstack 0
  4677                           
  4678 ;; *************** function _DS18B20_ReadByte *****************
  4679 ;; Defined at:
  4680 ;;		line 234 in file "Final_3ercorte.c"
  4681 ;; Parameters:    Size  Location     Type
  4682 ;;		None
  4683 ;; Auto vars:     Size  Location     Type
  4684 ;;  i               1    3[COMRAM] unsigned char 
  4685 ;;  dato            1    2[COMRAM] unsigned char 
  4686 ;; Return value:  Size  Location     Type
  4687 ;;                  1    wreg      unsigned char 
  4688 ;; Registers used:
  4689 ;;		wreg, status,2, status,0
  4690 ;; Tracked objects:
  4691 ;;		On entry : 0/0
  4692 ;;		On exit  : 0/0
  4693 ;;		Unchanged: 0/0
  4694 ;; Data sizes:     COMRAM   BANK0   BANK1   BANK2   BANK3   BANK4   BANK5   BANK6   BANK7
  4695 ;;      Params:         0       0       0       0       0       0       0       0       0
  4696 ;;      Locals:         2       0       0       0       0       0       0       0       0
  4697 ;;      Temps:          2       0       0       0       0       0       0       0       0
  4698 ;;      Totals:         4       0       0       0       0       0       0       0       0
  4699 ;;Total ram usage:        4 bytes
  4700 ;; Hardware stack levels used: 1
  4701 ;; This function calls:
  4702 ;;		Nothing
  4703 ;; This function is called by:
  4704 ;;		_DS18B20_ReadTemp
  4705 ;; This function uses a non-reentrant model
  4706 ;;
  4707                           
  4708                           	psect	text29
  4709   0070CE                     __ptext29:
  4710                           	callstack 0
  4711   0070CE                     _DS18B20_ReadByte:
  4712                           	callstack 29
  4713   0070CE                     
  4714                           ;Final_3ercorte.c: 235:     unsigned char i, dato = 0;
  4715   0070CE  6A03               	clrf	DS18B20_ReadByte@dato^0,c
  4716                           
  4717                           ;Final_3ercorte.c: 236:     for(i = 0; i < 8; i++) {
  4718   0070D0  6A04               	clrf	DS18B20_ReadByte@i^0,c
  4719   0070D2                     l90:
  4720                           
  4721                           ;Final_3ercorte.c: 237:         TRISBbits.TRISB5 = 0; PORTBbits.RB5 = 0; _delay((unsigne
      +                          d long)((2)*(8000000/4000000.0)));
  4722   0070D2  9A93               	bcf	147,5,c	;volatile
  4723   0070D4  9A81               	bcf	129,5,c	;volatile
  4724   0070D6  D000               	nop2		;2 cycle nop
  4725   0070D8  D000               	nop2		;2 cycle nop
  4726                           
  4727                           ;Final_3ercorte.c: 238:         TRISBbits.TRISB5 = 1; _delay((unsigned long)((10)*(80000
      +                          00/4000000.0)));
  4728   0070DA  8A93               	bsf	147,5,c	;volatile
  4729   0070DC  0E06               	movlw	6
  4730   0070DE                     u1137:
  4731   0070DE  2EE8               	decfsz	wreg,f,c
  4732   0070E0  D7FE               	bra	u1137
  4733   0070E2  D000               	nop2	
  4734   0070E4                     
  4735                           ;Final_3ercorte.c: 239:         if(PORTBbits.RB5) dato |= (1 << i);
  4736   0070E4  AA81               	btfss	129,5,c	;volatile
  4737   0070E6  EF77  F038         	goto	u121
  4738   0070EA  EF79  F038         	goto	u120
  4739   0070EE                     u121:
  4740   0070EE  EF87  F038         	goto	l1104
  4741   0070F2                     u120:
  4742   0070F2  C004  F001         	movff	DS18B20_ReadByte@i,??_DS18B20_ReadByte
  4743   0070F6  0E01               	movlw	1
  4744   0070F8  6E02               	movwf	(??_DS18B20_ReadByte+1)^0,c
  4745   0070FA  2A01               	incf	??_DS18B20_ReadByte^0,f,c
  4746   0070FC  EF82  F038         	goto	u134
  4747   007100                     u135:
  4748   007100  90D8               	bcf	status,0,c
  4749   007102  3602               	rlcf	(??_DS18B20_ReadByte+1)^0,f,c
  4750   007104                     u134:
  4751   007104  2E01               	decfsz	??_DS18B20_ReadByte^0,f,c
  4752   007106  EF80  F038         	goto	u135
  4753   00710A  5002               	movf	(??_DS18B20_ReadByte+1)^0,w,c
  4754   00710C  1203               	iorwf	DS18B20_ReadByte@dato^0,f,c
  4755   00710E                     l1104:
  4756                           
  4757                           ;Final_3ercorte.c: 240:         _delay((unsigned long)((50)*(8000000/4000000.0)));
  4758   00710E  0E21               	movlw	33
  4759   007110                     u1147:
  4760   007110  2EE8               	decfsz	wreg,f,c
  4761   007112  D7FE               	bra	u1147
  4762   007114  0000               	nop	
  4763                           
  4764                           ;Final_3ercorte.c: 241:     }
  4765   007116  2A04               	incf	DS18B20_ReadByte@i^0,f,c
  4766   007118  0E07               	movlw	7
  4767   00711A  6404               	cpfsgt	DS18B20_ReadByte@i^0,c
  4768   00711C  EF92  F038         	goto	u141
  4769   007120  EF94  F038         	goto	u140
  4770   007124                     u141:
  4771   007124  EF69  F038         	goto	l90
  4772   007128                     u140:
  4773   007128                     
  4774                           ;Final_3ercorte.c: 242:     return dato;
  4775   007128  5003               	movf	DS18B20_ReadByte@dato^0,w,c
  4776   00712A  0012               	return		;funcret
  4777   00712C                     __end_of_DS18B20_ReadByte:
  4778                           	callstack 0
  4779                           
  4780                           	psect	rparam
  4781   000001                     ___rparam_used  equ	1
  4782   000000                     ___param_bank   equ	0
  4783   000000                     __Lparam        equ	__Lrparam
  4784   000000                     __Hparam        equ	__Hrparam
  4785                           
  4786                           	psect	config
  4787                           
  4788                           ;Config register CONFIG1L @ 0x300000
  4789                           ;	unspecified, using default values
  4790                           ;	PLL Prescaler Selection bits
  4791                           ;	PLLDIV = 0x0, unprogrammed default
  4792                           ;	System Clock Postscaler Selection bits
  4793                           ;	CPUDIV = 0x0, unprogrammed default
  4794                           ;	USB Clock Selection bit (used in Full-Speed USB mode only; UCFG:FSEN = 1)
  4795                           ;	USBDIV = 0x0, unprogrammed default
  4796   300000                     	org	3145728
  4797   300000  00                 	db	0
  4798                           
  4799                           ;Config register CONFIG1H @ 0x300001
  4800                           ;	Oscillator Selection bits
  4801                           ;	FOSC = INTOSC_EC, Internal oscillator, CLKO function on RA6, EC used by USB (INTCKO)
  4802                           ;	Fail-Safe Clock Monitor Enable bit
  4803                           ;	FCMEN = 0x0, unprogrammed default
  4804                           ;	Internal/External Oscillator Switchover bit
  4805                           ;	IESO = 0x0, unprogrammed default
  4806   300001                     	org	3145729
  4807   300001  09                 	db	9
  4808                           
  4809                           ;Config register CONFIG2L @ 0x300002
  4810                           ;	Power-up Timer Enable bit
  4811                           ;	PWRT = ON, PWRT enabled
  4812                           ;	Brown-out Reset Enable bits
  4813                           ;	BOR = 0x3, unprogrammed default
  4814                           ;	Brown-out Reset Voltage bits
  4815                           ;	BORV = 0x3, unprogrammed default
  4816                           ;	USB Voltage Regulator Enable bit
  4817                           ;	VREGEN = 0x0, unprogrammed default
  4818   300002                     	org	3145730
  4819   300002  1E                 	db	30
  4820                           
  4821                           ;Config register CONFIG2H @ 0x300003
  4822                           ;	Watchdog Timer Enable bit
  4823                           ;	WDT = OFF, WDT disabled (control is placed on the SWDTEN bit)
  4824                           ;	Watchdog Timer Postscale Select bits
  4825                           ;	WDTPS = 0xF, unprogrammed default
  4826   300003                     	org	3145731
  4827   300003  1E                 	db	30
  4828                           
  4829                           ; Padding undefined space
  4830   300004                     	org	3145732
  4831   300004  FF                 	db	255
  4832                           
  4833                           ;Config register CONFIG3H @ 0x300005
  4834                           ;	CCP2 MUX bit
  4835                           ;	CCP2MX = 0x1, unprogrammed default
  4836                           ;	PORTB A/D Enable bit
  4837                           ;	PBADEN = OFF, PORTB<4:0> pins are configured as digital I/O on Reset
  4838                           ;	Low-Power Timer 1 Oscillator Enable bit
  4839                           ;	LPT1OSC = 0x0, unprogrammed default
  4840                           ;	MCLR Pin Enable bit
  4841                           ;	MCLRE = OFF, RE3 input pin enabled; MCLR pin disabled
  4842   300005                     	org	3145733
  4843   300005  01                 	db	1
  4844                           
  4845                           ;Config register CONFIG4L @ 0x300006
  4846                           ;	Stack Full/Underflow Reset Enable bit
  4847                           ;	STVREN = 0x1, unprogrammed default
  4848                           ;	Single-Supply ICSP Enable bit
  4849                           ;	LVP = OFF, Single-Supply ICSP disabled
  4850                           ;	Dedicated In-Circuit Debug/Programming Port (ICPORT) Enable bit
  4851                           ;	ICPRT = 0x0, unprogrammed default
  4852                           ;	Extended Instruction Set Enable bit
  4853                           ;	XINST = OFF, Instruction set extension and Indexed Addressing mode disabled (Legacy mo
      +                          de)
  4854                           ;	Background Debugger Enable bit
  4855                           ;	DEBUG = OFF, Background debugger disabled, RB6 and RB7 configured as general purpose I
      +                          /O pins
  4856   300006                     	org	3145734
  4857   300006  81                 	db	129
  4858                           
  4859                           ; Padding undefined space
  4860   300007                     	org	3145735
  4861   300007  FF                 	db	255
  4862                           tosu	equ	0xFFF
  4863                           tosh	equ	0xFFE
  4864                           tosl	equ	0xFFD
  4865                           stkptr	equ	0xFFC
  4866                           pclatu	equ	0xFFB
  4867                           pclath	equ	0xFFA
  4868                           pcl	equ	0xFF9
  4869                           tblptru	equ	0xFF8
  4870                           tblptrh	equ	0xFF7
  4871                           tblptrl	equ	0xFF6
  4872                           tablat	equ	0xFF5
  4873                           prodh	equ	0xFF4
  4874                           prodl	equ	0xFF3
  4875                           indf0	equ	0xFEF
  4876                           postinc0	equ	0xFEE
  4877                           postdec0	equ	0xFED
  4878                           preinc0	equ	0xFEC
  4879                           plusw0	equ	0xFEB
  4880                           fsr0h	equ	0xFEA
  4881                           fsr0l	equ	0xFE9
  4882                           wreg	equ	0xFE8
  4883                           indf1	equ	0xFE7
  4884                           postinc1	equ	0xFE6
  4885                           postdec1	equ	0xFE5
  4886                           preinc1	equ	0xFE4
  4887                           plusw1	equ	0xFE3
  4888                           fsr1h	equ	0xFE2
  4889                           fsr1l	equ	0xFE1
  4890                           bsr	equ	0xFE0
  4891                           indf2	equ	0xFDF
  4892                           postinc2	equ	0xFDE
  4893                           postdec2	equ	0xFDD
  4894                           preinc2	equ	0xFDC
  4895                           plusw2	equ	0xFDB
  4896                           fsr2h	equ	0xFDA
  4897                           fsr2l	equ	0xFD9
  4898                           status	equ	0xFD8

Data Sizes:
    Strings     690
    Constant    295
    Data        0
    BSS         0
    Persistent  0
    Stack       0

Auto Spaces:
    Space          Size  Autos    Used
    COMRAM           95     42      42
    BANK0           160      0       0
    BANK1           256      0       0
    BANK2           256      0       0
    BANK3           256      0       0
    BANK4           256      0       0
    BANK5           256      0       0
    BANK6           256      0       0
    BANK7           256      0       0

Pointer List with Targets:

    OLED_Str@s	PTR const unsigned char  size(2) Largest target is 18
		 -> STR_10(CODE[16]), STR_12(CODE[12]), STR_13(CODE[18]), STR_15(CODE[17]), 
		 -> STR_16(CODE[7]), STR_17(CODE[5]), STR_18(CODE[16]), STR_19(CODE[16]), 
		 -> STR_2(CODE[11]), STR_20(CODE[16]), STR_21(CODE[6]), STR_22(CODE[3]), 
		 -> STR_23(CODE[15]), STR_24(CODE[15]), STR_25(CODE[15]), STR_3(CODE[11]), 
		 -> STR_38(CODE[15]), STR_39(CODE[15]), STR_9(CODE[14]), 

    UART_EnviarTexto@t	PTR const unsigned char  size(2) Largest target is 48
		 -> STR_1(CODE[33]), STR_11(CODE[43]), STR_14(CODE[38]), STR_26(CODE[3]), 
		 -> STR_27(CODE[31]), STR_28(CODE[13]), STR_29(CODE[9]), STR_30(CODE[23]), 
		 -> STR_31(CODE[23]), STR_32(CODE[9]), STR_33(CODE[14]), STR_34(CODE[8]), 
		 -> STR_35(CODE[22]), STR_36(CODE[18]), STR_37(CODE[9]), STR_4(CODE[34]), 
		 -> STR_40(CODE[48]), STR_5(CODE[32]), STR_6(CODE[32]), STR_7(CODE[32]), 
		 -> STR_8(CODE[32]), 


Critical Paths under _main in COMRAM

    _main->_MAX30102_GetRawData
    _UART_EnviarSeparador->_UART_EnviarTexto
    _UART_EnviarTexto->_UART_EnviarByte
    _UART_EnviarNumero->___lwdiv
    _OLED_Str->_OLED_Char
    _OLED_Num->_OLED_Char
    _OLED_Char->_OLED_Data
    _OLED_Init->_OLED_Clear
    _OLED_Clear->_OLED_SetCursor
    _OLED_SetCursor->_OLED_Cmd
    _OLED_Cmd->_I2C_Write
    _OLED_Data->_I2C_Write
    _MAX30102_Init->_MAX30102_WriteReg
    _MAX30102_WriteReg->_I2C_Write
    _MAX30102_GetRawData->_I2C_Read
    _DS18B20_ReadTemp->_DS18B20_ReadByte

Critical Paths under _main in BANK0

    None.

Critical Paths under _main in BANK1

    None.

Critical Paths under _main in BANK2

    None.

Critical Paths under _main in BANK3

    None.

Critical Paths under _main in BANK4

    None.

Critical Paths under _main in BANK5

    None.

Critical Paths under _main in BANK6

    None.

Critical Paths under _main in BANK7

    None.

Call Graph Tables:

 ---------------------------------------------------------------------------------
 (Depth) Function   	        Calls       Base Space   Used Autos Params    Refs
 ---------------------------------------------------------------------------------
 (0) _main                                                16    16      0    3435
                                             26 COMRAM    16    16      0
                   _DS18B20_ReadTemp
                           _I2C_Init
                _MAX30102_GetRawData
                      _MAX30102_Init
                         _OLED_Clear
                          _OLED_Init
                           _OLED_Num
                     _OLED_SetCursor
                           _OLED_Str
                  _UART_EnviarNumero
               _UART_EnviarSeparador
                   _UART_EnviarTexto
                          _UART_Init
                            ___lldiv
                            ___llmod
 ---------------------------------------------------------------------------------
 (1) ___llmod                                              9     1      8     161
                                              0 COMRAM     9     1      8
 ---------------------------------------------------------------------------------
 (1) ___lldiv                                             13     5      8     164
                                              0 COMRAM    13     5      8
 ---------------------------------------------------------------------------------
 (1) _UART_Init                                            1     1      0       0
                                              0 COMRAM     1     1      0
 ---------------------------------------------------------------------------------
 (1) _UART_EnviarSeparador                                 0     0      0      81
                   _UART_EnviarTexto
 ---------------------------------------------------------------------------------
 (2) _UART_EnviarTexto                                     2     0      2      81
                                              1 COMRAM     2     0      2
                    _UART_EnviarByte
 ---------------------------------------------------------------------------------
 (1) _UART_EnviarNumero                                   10     8      2     550
                                              7 COMRAM    10     8      2
                    _UART_EnviarByte
                            ___lwdiv
                            ___lwmod
 ---------------------------------------------------------------------------------
 (3) _UART_EnviarByte                                      1     1      0      15
                                              0 COMRAM     1     1      0
 ---------------------------------------------------------------------------------
 (1) _OLED_Str                                             2     0      2     184
                                              8 COMRAM     2     0      2
                          _OLED_Char
 ---------------------------------------------------------------------------------
 (1) _OLED_Num                                            10     8      2     655
                                              8 COMRAM    10     8      2
                          _OLED_Char
                            ___lwdiv
                            ___lwmod
 ---------------------------------------------------------------------------------
 (2) ___lwmod                                              5     1      4     163
                                              0 COMRAM     5     1      4
 ---------------------------------------------------------------------------------
 (2) ___lwdiv                                              7     3      4     166
                                              0 COMRAM     7     3      4
 ---------------------------------------------------------------------------------
 (2) _OLED_Char                                            6     6      0     120
                                              2 COMRAM     6     6      0
                          _OLED_Data
 ---------------------------------------------------------------------------------
 (1) _OLED_Init                                            2     2      0     291
                                              7 COMRAM     2     2      0
                         _OLED_Clear
                           _OLED_Cmd
 ---------------------------------------------------------------------------------
 (2) _OLED_Clear                                           3     3      0     261
                                              4 COMRAM     3     3      0
                          _OLED_Data
                     _OLED_SetCursor
 ---------------------------------------------------------------------------------
 (3) _OLED_SetCursor                                       2     1      1     117
                                              2 COMRAM     2     1      1
                           _OLED_Cmd
 ---------------------------------------------------------------------------------
 (4) _OLED_Cmd                                             1     1      0      30
                                              1 COMRAM     1     1      0
                          _I2C_Start
                           _I2C_Stop
                          _I2C_Write
 ---------------------------------------------------------------------------------
 (3) _OLED_Data                                            1     1      0      30
                                              1 COMRAM     1     1      0
                          _I2C_Start
                           _I2C_Stop
                          _I2C_Write
 ---------------------------------------------------------------------------------
 (1) _MAX30102_Init                                        1     1      0      72
                                              3 COMRAM     1     1      0
                  _MAX30102_WriteReg
 ---------------------------------------------------------------------------------
 (2) _MAX30102_WriteReg                                    2     1      1      72
                                              1 COMRAM     2     1      1
                          _I2C_Start
                           _I2C_Stop
                          _I2C_Write
 ---------------------------------------------------------------------------------
 (1) _MAX30102_GetRawData                                 23    19      4     114
                                              3 COMRAM    23    19      4
                           _I2C_Read
                          _I2C_Start
                           _I2C_Stop
                          _I2C_Write
 ---------------------------------------------------------------------------------
 (5) _I2C_Write                                            1     1      0      15
                                              0 COMRAM     1     1      0
 ---------------------------------------------------------------------------------
 (5) _I2C_Stop                                             0     0      0       0
 ---------------------------------------------------------------------------------
 (5) _I2C_Start                                            0     0      0       0
 ---------------------------------------------------------------------------------
 (2) _I2C_Read                                             3     3      0      30
                                              0 COMRAM     3     3      0
 ---------------------------------------------------------------------------------
 (1) _I2C_Init                                             0     0      0       0
 ---------------------------------------------------------------------------------
 (1) _DS18B20_ReadTemp                                     7     5      2     156
                                              4 COMRAM     7     5      2
                   _DS18B20_ReadByte
                      _DS18B20_Reset
                  _DS18B20_WriteByte
 ---------------------------------------------------------------------------------
 (2) _DS18B20_WriteByte                                    2     2      0      45
                                              0 COMRAM     2     2      0
 ---------------------------------------------------------------------------------
 (2) _DS18B20_Reset                                        1     1      0       5
 ---------------------------------------------------------------------------------
 (2) _DS18B20_ReadByte                                     4     4      0      60
                                              0 COMRAM     4     4      0
 ---------------------------------------------------------------------------------
 Estimated maximum stack depth 5
 ---------------------------------------------------------------------------------

 Call Graph Graphs:

 _main (ROOT)
   _DS18B20_ReadTemp
     _DS18B20_ReadByte
     _DS18B20_Reset
     _DS18B20_WriteByte
   _I2C_Init
   _MAX30102_GetRawData
     _I2C_Read
     _I2C_Start
     _I2C_Stop
     _I2C_Write
   _MAX30102_Init
     _MAX30102_WriteReg
       _I2C_Start
       _I2C_Stop
       _I2C_Write
   _OLED_Clear
     _OLED_Data
       _I2C_Start
       _I2C_Stop
       _I2C_Write
     _OLED_SetCursor
       _OLED_Cmd
         _I2C_Start
         _I2C_Stop
         _I2C_Write
   _OLED_Init
     _OLED_Clear
     _OLED_Cmd
   _OLED_Num
     _OLED_Char
       _OLED_Data
     ___lwdiv
     ___lwmod
   _OLED_SetCursor
   _OLED_Str
     _OLED_Char
   _UART_EnviarNumero
     _UART_EnviarByte
     ___lwdiv
     ___lwmod
   _UART_EnviarSeparador
     _UART_EnviarTexto
       _UART_EnviarByte
   _UART_EnviarTexto
   _UART_Init
   ___lldiv
   ___llmod

Address spaces:
Name               Size   Autos  Total    Usage
BITCOMRAM           95      0       0      0.0%
BITBANK0           160      0       0      0.0%
BITBANK1           256      0       0      0.0%
BITBANK2           256      0       0      0.0%
BITBANK3           256      0       0      0.0%
BITBANK4           256      0       0      0.0%
BITBANK5           256      0       0      0.0%
BITBANK6           256      0       0      0.0%
BITBANK7           256      0       0      0.0%
BITBIGSFRh          82      0       0      0.0%
BITBIGSFRlh         43      0       0      0.0%
BITBIGSFRll         33      0       0      0.0%
COMRAM              95     42      42     44.2%
BANK0              160      0       0      0.0%
BANK1              256      0       0      0.0%
BANK2              256      0       0      0.0%
BANK3              256      0       0      0.0%
BANK4              256      0       0      0.0%
BANK5              256      0       0      0.0%
BANK6              256      0       0      0.0%
BANK7              256      0       0      0.0%
BIGRAM            2047      0       0      0.0%
STACK                0      0       0      0.0%
DATA                 0      0      42      0.0%


Microchip Technology PIC18 Macro Assembler V3.10 build 20250813170317 
Symbol Table                                                                                   Wed Jun  3 11:56:43 2026

                 _SSPSTATbits 0FC7                            l41 6DF0                            l50 6E06  
                          l44 6DF4                            l53 6E14                            l62 7084  
                          l47 6E02                            l71 6E66                            l64 7092  
                          l56 6E32                            l81 6F0E                            l65 70BC  
                          l90 70D2                            l74 7032                            l59 6E48  
                          l84 6FB0                            l68 70CC                            l93 712A  
                          l77 75FE                            l87 6FE6                            l96 71FE  
                          u10 6E02                            u11 6DFE                            u20 6E14  
                          u21 6E10                            u30 6E40                            u31 6E3C  
                          u40 6E26                            u41 6E22                            u50 7092  
                          u51 708E                            u60 70AA                            u61 70A2  
                          u80 70CA                            u81 70C6                            u90 6F06  
                          u91 6F02                            u78 70AC                           l101 6EA2  
                         l104 6E84                           l121 6F74                           l107 6EC0  
                         l115 72E6                           l203 7ADE                           l141 6F3E  
                         l125 740E                           l150 6E2A                           l207 7B5A  
                         l160 74AE                           l144 6EE2                           l138 707E  
                         l147 6E18                           l156 6FAA                           l253 7552  
                         l181 775C                           l246 7542                           l182 7764  
                         l191 78F0                           l192 7906                           l169 6DDE  
                         l820 7268                           l830 7186                           l827 7270  
                         l756 736E                           l837 718E                           l749 735E  
                         u100 6FC6                           u101 6FC2                           u110 6FE6  
                         u111 6FE2                           u120 70F2                           u121 70EE  
                         u140 7128                           u141 7124                           u134 7104  
                         u150 7284                           u135 7100                           u151 7280  
                         u160 7294                           u161 7290                           u170 72E0  
                         u171 72DC                           u600 6FAA                           u601 6FA6  
                         u610 7218                           u611 7214                           u620 7236  
                         u700 73E2                           u621 7232                           u701 73DE  
                         u630 7252                           u710 740E                           u631 724E  
                         u711 740A                           u640 713E                           u720 7428  
                         u800 733E                           u641 713A                           u721 7424  
                         u801 733A                           u650 715C                           u730 7482  
                         u810 775C                           u651 7158                           u731 747E  
                         u811 7758                           u580 706C                           u660 7172  
                         u740 74AE                           u900 7996                           u820 77F2  
                         u581 7068                           u661 716E                           u741 74AA  
                         u901 7992                           u821 77EE                           u590 707E  
                         u750 74D6                           u910 7A00                           u830 786C  
                         u591 707A                           u751 74D2                           u911 79FC  
                         u831 7868                           u680 6F74                           u760 74F8  
                         u920 7A26                           u840 7896                           u681 6F70  
                         u761 74F4                           u921 7A22                           u841 7892  
                         u690 7388                           u770 7520                           u930 7A9C  
                         u850 78B0                           u675 71EA                           u691 7384  
                         u771 751C                           u931 7A98                           u851 78AC  
                         u780 72FE                           u940 7AC2                           u860 78CA  
                         u781 72FA                           u941 7ABE                           u861 78C6  
                         u790 7320                           u950 7B18                           u870 78E4  
                         u791 731C                           u951 7B14                           u871 78E0  
                         u960 7B3E                           u880 7900                           u961 7B3A  
                         u881 78FC                           u970 7C02                           u890 7970  
                         u971 7BFE                           u891 796C                           u987 76BE  
                         u997 7730              ??_OLED_SetCursor 0004                           prod 0FF3  
                         wreg 0FE8                          l1002 6DF2                          l1010 6E88  
                        l1100 70E4                          l1004 6E04                          l1020 6E6A  
                        l1012 6E8C                          l1102 70F2                          l1006 6E2E  
                        l1022 6E6E                          l1014 6E92                          l1104 710E  
                        l1040 70BA                          l1008 6E40                          l1024 6E74  
                        l1016 6E98                          l1112 7274                          l1032 6E18  
                        l2000 78EA                          l1106 7118                          l1202 6DE0  
                        l1042 70CA                          l1026 6E7A                          l1018 6E9E  
                        l1130 72E0                          l1114 7284                          l1034 6E26  
                        l2010 7916                          l2002 78EC                          l1108 7128  
                        l1060 6EE6                          l1204 6DE4                          l1036 7082  
                        l1028 6E80                          l1124 729A                          l1116 7294  
                        l1300 6EC2                          l2100 7B7E                          l2020 795A  
                        l2012 7922                          l2004 78EE                          l1070 6F06  
                        l1062 6EE8                          l1038 7096                          l1126 72CE  
                        l1118 7298                          l1302 6EC6                          l2110 7BAE  
                        l2102 7B82                          l2030 79B2                          l2022 7970  
                        l2014 7938                          l2006 7900                          l1072 6F06  
                        l1064 6EF0                          l1056 6EE4                          l1128 72D0  
                        l1304 6ED2                          l2112 7BBA                          l2104 7B8C  
                        l2040 79EA                          l2032 79BC                          l2024 7980  
                        l2016 7944                          l2008 7908                          l1066 6EF2  
                        l1058 6EE4                          l1090 6FD6                          l1082 6FC6  
                        l2114 7BE6                          l2106 7B98                          l2050 7A42  
                        l2042 7A00                          l2034 79C8                          l2026 7996  
                        l2018 7950                          l1092 70CE                          l1068 6EF8  
                        l1084 6FC8                          l1076 6FAE                          l2116 7C02  
                        l2108 7BA2                          l2060 7A6E                          l2052 7A4E  
                        l2044 7A10                          l2036 79D4                          l2028 79A6  
                        l1086 6FCE                          l2070 7AC2                          l2062 7A7A  
                        l2054 7A52                          l2046 7A26                          l2038 79E0  
                        l1088 6FD0                          l2080 7B18                          l2072 7AD2  
                        l2064 7A86                          l2056 7A5E                          l2048 7A36  
                        l1098 70DC                          l2090 7B74                          l2082 7B28  
                        l2074 7AEA                          l2066 7A9C                          l2058 7A62  
                        l1700 7172                          l2092 7B76                          l2084 7B3E  
                        l2076 7AF6                          l2068 7AAC                          l1630 6E56  
                        l1710 7000                          l1702 717A                          l2094 7B78  
                        l2086 7B4E                          l2078 7B02                          l1720 7554  
                        l1632 6E5C                          l1712 700A                          l1624 6EA6  
                        l1704 7180                          l1800 7410                          l2096 7B7A  
                        l2088 7B5E                          l1730 757A                          l1722 7558  
                        l1634 6E62                          l1626 6E4C                          l1714 7014  
                        l1706 6FE8                          l1650 7046                          l1642 7036  
                        l1810 7452                          l1802 7416                          l2098 7B7C  
                        l1740 7190                          l1732 7582                          l1724 755E  
                        l1628 6E50                          l1716 701E                          l1708 6FF2  
                        l1652 704C                          l1644 7040                          l1636 7034  
                        l1812 7456                          l1804 7428                          l1660 6F76  
                        l1820 6DD2                          l1900 765E                          l1750 71BA  
                        l1742 7194                          l1734 758A                          l1726 756C  
                        l1718 7028                          l1654 7050                          l1670 7206  
                        l1814 7470                          l1662 6F7A                          l1830 74EA  
                        l1822 74B0                          l1910 7698                          l1902 7668  
                        l1752 71C0                          l1744 719A                          l1736 758E  
                        l1728 7572                          l1656 706C                          l1680 723C  
                        l1672 7218                          l1816 7486                          l1808 7432  
                        l1664 6F8A                          l1840 7532                          l1832 74F8  
                        l1824 74C0                          l1920 76CC                          l1912 76A4  
                        l1904 7674                          l1754 71C6                          l1746 71A0  
                        l1658 706E                          l1682 7252                          l1674 7220  
                        l1690 712C                          l1770 7370                          l1762 6F40  
                        l1818 7494                          l1666 6F8E                          l1842 753C  
                        l1834 7502                          l1826 74D6                          l1850 7312  
                        l1930 76D6                          l1922 76CE                          l1914 76B0  
                        l1906 7680                          l1756 71CC                          l1748 71B6  
                        l1684 725A                          l1676 7228                          l1668 7200  
                        l1692 713E                          l1780 73B2                          l1772 7376  
                        l1764 6F44                          l1836 7520                          l1828 74DE  
                        l1852 7320                          l1844 72E8                          l1940 7706  
                        l1932 76DA                          l1924 76D0                          l1916 76B4  
                        l1908 768C                          l1860 7600                          l1758 71D2  
                        l1790 6F10                          l1686 725C                          l1678 7236  
                        l1694 7146                          l1782 73B6                          l1774 7388  
                        l1766 6F54                          l1838 7530                          l1854 733E  
                        l1846 72FE                          l1950 7774                          l1942 7712  
                        l1934 76E4                          l1926 76D2                          l1918 76CA  
                        l1870 7626                          l1862 761C                          l1792 6F28  
                        l1688 7262                          l1696 714E                          l1784 73D0  
                        l1768 6F58                          l1856 734E                          l1848 7306  
                        l1952 7780                          l1944 7726                          l1936 76F0  
                        l1928 76D4                          l1880 7634                          l1872 7628  
                        l1864 7620                          l1794 6F2E                          l1698 715C  
                        l1786 73E6                          l1778 7392                          l1858 7358  
                        l1970 77E2                          l1954 7796                          l1946 773E  
                        l1938 76FA                          l1890 763E                          l1882 7636  
                        l1874 762A                          l1866 7622                          l1796 6F34  
                        l1788 73F4                          l1980 787E                          l1972 77F2  
                        l1964 77B4                          l1956 77A2                          l1948 7766  
                        l1892 7640                          l1884 7638                          l1876 762C  
                        l1868 7624                          l1798 6F3A                          l1990 78B4  
                        l1982 7880                          l1974 7856                          l1966 77C8  
                        l1958 77B2                          l1894 7644                          l1886 763A  
                        l1878 7630                          l1992 78CA                          l1984 7896  
                        l1976 786C                          l1968 77E0                          l1896 7648  
                        l1888 763C                          l1994 78CE                          l1986 789A  
                        l1978 7872                          l1898 7652                          l1996 78E4  
                        l1988 78B0                          l1998 78E8                          STR_1 7DEB  
                        STR_2 7FC0                          STR_3 7FB5                          STR_4 7DC9  
                        STR_5 7E2C                          STR_6 7E0C                          STR_7 7DCB  
                        STR_8 7E4C                          STR_9 7F8E                          u1007 77D2  
                        u1017 7B68                          u1107 6EEA                          u1027 7BD8  
                        u1117 6EF4                          u1037 7C0C                          u1127 6F08  
                        u1047 6ED8                   ?_OLED_Clear 0001                          u1137 70DE  
                        u1057 6F1A                          u1147 7110                          u1067 6FF8  
                        u1077 6E42                          u1087 71AA                          _LATD 0F8C  
                        u1097 6FCA             DS18B20_ReadByte@i 0004                          _main 7600  
            __end_of_I2C_Init 6DF2              __end_of_I2C_Read 70CE                          fsr2h 0FDA  
                        indf2 0FDF                          fsr2l 0FD9              ?_UART_EnviarByte 0001  
            __end_of_I2C_Stop 6E16                          prodl 0FF3                          start 7FFC  
                ___param_bank 0000                         ?_main 0001                         STR_10 7F34  
                       STR_11 7D78                         STR_12 7FA9                         STR_20 7F04  
                       STR_21 7FEC                         STR_13 7EE1                         STR_22 7FF7  
                       STR_30 7E8B                         STR_14 7DA3                         STR_23 7F62  
                       STR_15 7EF3                         STR_31 7EA2                         STR_16 7FE5  
                       STR_32 7FCB                         STR_24 7F53                         STR_40 7D48  
                       STR_17 7FF2                         STR_33 7F80                         STR_25 7F44  
                       STR_26 7E88                         STR_34 7FDD                         STR_18 7F14  
                       STR_19 7F24                         STR_35 7EB9                         STR_27 7E6C  
                       STR_28 7F9C                         STR_36 7ECF                         STR_37 7FCB  
                       STR_29 7FD4                         STR_38 7EE4                         STR_39 7F71  
            __end_of_OLED_Cmd 6EA4               __end_of___lldiv 7554               __end_of___llmod 7370  
            __end_of_OLED_Num 7410              __end_of_OLED_Str 6F76               __end_of___lwdiv 7272  
             __end_of___lwmod 7190                         _RCSTA 0FAB                         _SPBRG 0FAF  
                       _TXREG 0FAD                         _TXSTA 0FAC               __end_of_font5x8 7D48  
                       main@i 0022             __end_of_I2C_Start 6E04             __end_of_I2C_Write 6E4A  
                       tablat 0FF5             ?_UART_EnviarTexto 0002                 _DS18B20_Reset 6EE4  
                       status 0FD8                  main@suma_raw 001D            ??_UART_EnviarTexto 0004  
             __initialization 6DC8                  __end_of_main 7C20                        ??_main 001B  
               __activetblptr 0002         __end_of_MAX30102_Init 7034      __end_of_DS18B20_ReadByte 712C  
                   I2C_Read@t 0003      __end_of_DS18B20_ReadTemp 7200             _MAX30102_WriteReg 6E4A  
            ___llmod@dividend 0001             __end_of_OLED_Char 72E8             __end_of_OLED_Data 6E86  
           __end_of_OLED_Init 6F40            ?_MAX30102_WriteReg 0002                ?_DS18B20_Reset 0001  
                      _OSCCON 0FD3                        _SSPADD 0FC8                        _SSPBUF 0FC9  
         ??_MAX30102_WriteReg 0003             __end_of_UART_Init 6EE4                     ??___lldiv 0009  
                   ??___llmod 0009                     ??___lwdiv 0005                     ??___lwmod 0005  
                 OLED_Clear@i 0007                   OLED_Clear@j 0005                        isa$std 0001  
           _UART_EnviarNumero 7410            ?_UART_EnviarNumero 0008                     ?_I2C_Init 0001  
                   ?_I2C_Read 0001                     ?_I2C_Stop 0001     __end_of_MAX30102_WriteReg 6E68  
                __mediumconst 7C20                        tblptrh 0FF7                        tblptrl 0FF6  
                      tblptru 0FF8           ??_UART_EnviarNumero 000A                    __accesstop 0060  
     __end_of__initialization 6DC8                 ___rparam_used 0001                     ?_OLED_Cmd 0001  
                   ?_OLED_Num 0009                     ?_OLED_Str 0009                __pcstackCOMRAM 0001  
   __end_of_UART_EnviarNumero 74B0                    ??_I2C_Init 0001                    ??_I2C_Read 0001  
                  ??_I2C_Stop 0001                     OLED_Cmd@c 0002                     OLED_Num@b 000B  
                   OLED_Num@i 0011                     OLED_Num@n 0009               ??_DS18B20_Reset 0001  
                   OLED_Str@s 0009          MAX30102_WriteReg@reg 0003          MAX30102_WriteReg@val 0002  
                ??_OLED_Clear 0005                    ??_OLED_Cmd 0002                    ??_OLED_Num 000B  
                  ??_OLED_Str 000B                    I2C_Write@d 0001            __end_of_OLED_Clear 7080  
                     _SSPCON1 0FC6            DS18B20_WriteByte@i 0002                       _SSPSTAT 0FC7  
                   _I2C_Start 6DF2                     _I2C_Write 6E2C                       __Hparam 0000  
                     __Lparam 0000          DS18B20_ReadByte@dato 0003                       ___lldiv 74B0  
                     ___llmod 72E8                       ___lwdiv 7200                       ___lwmod 712C  
                     __pcinit 6DC8                       __ramtop 0800                       __ptext0 7600  
                     __ptext1 72E8                       __ptext2 74B0                       __ptext3 6EC2  
                     __ptext4 6DD2                       __ptext5 6F76                       __ptext6 7410  
                     __ptext7 6E16                       __ptext8 6F40                       __ptext9 7370  
                     _font5x8 7C21          DS18B20_ReadTemp@bajo 000A          DS18B20_ReadTemp@alto 000B  
           ?_DS18B20_ReadByte 0001             ?_DS18B20_ReadTemp 0005                       main@raw 0023  
        end_of_initialization 6DC8            ??_DS18B20_ReadByte 0001            ??_DS18B20_ReadTemp 0007  
               __Lmediumconst 7C20                     _OLED_Char 7272                     _OLED_Data 6E68  
                   _OLED_Init 6F10                    ?_I2C_Start 0001                    ?_I2C_Write 0001  
             ___lldiv@divisor 0005               ___lldiv@counter 000D                     _UART_Init 6EC2  
                   _PORTBbits 0F81           _MAX30102_GetRawData 7554                     _TRISBbits 0F93  
                   _TRISCbits 0F94                     _TRISDbits 0F95          MAX30102_GetRawData@h 0019  
        MAX30102_GetRawData@l 001A          MAX30102_GetRawData@m 0018            UART_EnviarNumero@b 000A  
          UART_EnviarNumero@i 0010            UART_EnviarNumero@n 0008          ?_MAX30102_GetRawData 0004  
                  main@alarma 0021                    ?_OLED_Char 0001                    ?_OLED_Data 0001  
                   _TXSTAbits 0FAC                    ?_OLED_Init 0001                    ?_UART_Init 0001  
           ??_UART_EnviarByte 0001           start_initialization 6DC8  __end_of_UART_EnviarSeparador 6DE0  
       ??_MAX30102_GetRawData 0008               ___llmod@divisor 0005                   ??_I2C_Start 0001  
             ___llmod@counter 0009                   ??_I2C_Write 0001                    OLED_Char@c 0007  
                  OLED_Data@d 0002                    OLED_Char@i 0008              _UART_EnviarTexto 6F76  
               _MAX30102_Init 6FE8         __end_of_DS18B20_Reset 6F10                _OLED_SetCursor 6EA4  
                 ??_OLED_Char 0003                   ??_OLED_Data 0002                   ??_OLED_Init 0008  
            ___lwdiv@dividend 0001                   I2C_Read@ack 0002                 __pmediumconst 7C20  
                    ?___lldiv 0001                      ?___llmod 0001               OLED_SetCursor@c 0003  
             OLED_SetCursor@p 0004                      ?___lwdiv 0001                      ?___lwmod 0001  
                 ??_UART_Init 0001                   __smallconst 7C20                      _I2C_Init 6DE0  
                    _I2C_Read 7080                      _I2C_Stop 6E04                ?_MAX30102_Init 0001  
            ___lwdiv@quotient 0005        __end_of_OLED_SetCursor 6EC2                      _LATDbits 0F8C  
                    _OLED_Cmd 6E86                      _OLED_Num 7370                      _OLED_Str 6F40  
        _UART_EnviarSeparador 6DD2             UART_EnviarTexto@t 0002                     main@pulso 0029  
             ?_OLED_SetCursor 0003                      __Hrparam 0000                      __Lrparam 0000  
       ?_UART_EnviarSeparador 0001               _UART_EnviarByte 6E16               ??_MAX30102_Init 0004  
             ___lwdiv@divisor 0003               ___lwdiv@counter 0007                      __ptext10 712C  
                    __ptext11 7200                      __ptext20 7554                      __ptext12 7272  
                    __ptext21 6E2C                      __ptext13 6F10                      __ptext22 6E04  
                    __ptext14 7034                      __ptext23 6DF2                      __ptext15 6EA4  
                    __ptext24 7080                      __ptext16 6E86                      __ptext25 6DE0  
                    __ptext17 6E68                      __ptext26 7190                      __ptext18 6FE8  
                    __ptext27 6FAC                      __ptext19 6E4A                      __ptext28 6EE4  
                    __ptext29 70CE      __end_of_UART_EnviarTexto 6FAC                      isa$xinst 0000  
                    main@temp 0027   __end_of_MAX30102_GetRawData 7600                    _OLED_Clear 7034  
            ___lwmod@dividend 0001              ___lldiv@dividend 0001       __end_of_UART_EnviarByte 6E2C  
      ??_UART_EnviarSeparador 0004              _DS18B20_ReadByte 70CE             _DS18B20_WriteByte 6FAC  
            _DS18B20_ReadTemp 7190            ?_DS18B20_WriteByte 0001           ??_DS18B20_WriteByte 0001  
            ___lldiv@quotient 0009               ___lwmod@divisor 0003               ___lwmod@counter 0005  
                 _SSPCON2bits 0FC5           UART_EnviarByte@dato 0001     __end_of_DS18B20_WriteByte 6FE8  
       DS18B20_WriteByte@dato 0001  
